chain_id,round_no,task_type,prompt,tool_ranges,correct_answer,explanation
exp114-chain-0001-low,1,dose_response_shape,"SESSION
You are analysing experiment 114 at the Norwood phenotyping facility: a zinc (Zn)
dose series on 6 Camelina sativa (camelina) accessions at 0, 20, 40, 80, 160 and
320 mg kg-1, imaged over 28 days in six modalities.

This is a 2-round investigation. Each round gives you the results of the tool
calls it needs, already run; how many there are varies by round. Later rounds
build on what you established earlier and will not repeat it, so keep your own
answers.

TOOLS (results are inlined; you cannot issue new calls)
  db_lookup(table=, select=, where=, group_by=)   the measurement store
  schema_lookup(trait=)                           which modality records a trait, and in what unit
  qc_lookup(table=, select=, where=)              flags, exclusions, usable counts
  design_lookup(aspect=)                          the protocol: dose series, accession panel,
                                                  imaging rounds, replication plan
  literature_lookup(species=, property=)          published claims
  embedding_lookup(space=, query=, k=)            nearest accessions by profile similarity

TERMS
  treatment        the zinc dose, in mg kg-1
  genotype         the accession label
  Fv/Fm_Lss        photosystem-II efficiency, from the fc1 modality
  area_mm2         leaf area
  n_plants         distinct plants behind a cell
  round_to_round   variance of an accession's per-round means
  within_round     variance between plants inside one imaging round

ROUND 1 - TASK (dose_response_shape)
At which zinc dose does mean Fv/Fm_Lss peak across the panel?

RULES
1. Judge the curve as a whole, not a single cell.

TOOL OUTPUTS

>>> db_lookup(table=""fc1_values"", select=[""trait"", ""mean_value""], where=""experiment_id=114"", group_by=[""trait"", ""treatment""])
    mean value by trait, one column per treatment (mg kg-1).
    trait      t0     t20    t40    t80    t160   t320
    ---------  -----  -----  -----  -----  -----  -----
    Fv/Fm_Lss  0.499  0.506  0.528  0.496  0.472  0.429

OUTPUT FORMAT
Reply with exactly one line and nothing else:
ANSWER: <dose in mg kg-1, digits only>
",(db_lookup[303:429]),40,(depends on: -; the plant-level Fv/Fm_Lss row peaks at 0.528 on t40 -> 40; no complications at this tier)
exp114-chain-0001-low,2,transition_sensitivity,"ROUND 2 - TASK (transition_sensitivity)
Starting from the zinc dose you identified in round 1, which accession
loses the most Fv/Fm_Lss when the dose is raised to the next level of the
design series?

RULES
1. Compare each accession against itself across the two doses.

TOOL OUTPUTS

>>> db_lookup(table=""fc1_values"", select=[""genotype"", ""mean_value""], where=""trait='Fv/Fm_Lss'"", group_by=[""genotype"", ""treatment""])
    mean Fv/Fm_Lss by accession, one column per treatment in the store.
    genotype  t20    t40    t80    t320
    --------  -----  -----  -----  -----
    70        0.555  0.548  0.517  0.503
    ISU 262   0.548  0.540  0.346  0.318
    65        0.548  0.509  0.475  0.438
    ISU 337   0.544  0.518  0.497  0.462

OUTPUT FORMAT
Reply with exactly one line and nothing else:
ANSWER: <accession label exactly as it appears in the table>
",(db_lookup[55:204]),ISU 262,(depends on: round 1 answer 40; the step is t40->t80; per-accession drop ISU 262:+0.194  65:+0.034  70:+0.031  ISU 337:+0.021 -> ISU 262; no complications at this tier)
exp71-chain-0002-medium,1,dose_response_shape,"SESSION
You are analysing experiment 71 at the Norwood phenotyping facility: a nickel (Ni)
dose series on 6 Camelina sativa (camelina) accessions at 0, 50, 100, 200, 500 and
1000 mg kg-1, imaged over 28 days in six modalities.

This is a 4-round investigation. Each round gives you the results of the tool
calls it needs, already run; how many there are varies by round. Later rounds
build on what you established earlier and will not repeat it, so keep your own
answers.

TOOLS (results are inlined; you cannot issue new calls)
  db_lookup(table=, select=, where=, group_by=)   the measurement store
  schema_lookup(trait=)                           which modality records a trait, and in what unit
  qc_lookup(table=, select=, where=)              flags, exclusions, usable counts
  design_lookup(aspect=)                          the protocol: dose series, accession panel,
                                                  imaging rounds, replication plan
  literature_lookup(species=, property=)          published claims
  embedding_lookup(space=, query=, k=)            nearest accessions by profile similarity

TERMS
  treatment        the nickel dose, in mg kg-1
  genotype         the accession label
  Fv/Fm_Lss        photosystem-II efficiency, from the fc1 modality
  area_mm2         leaf area
  n_plants         distinct plants behind a cell
  round_to_round   variance of an accession's per-round means
  within_round     variance between plants inside one imaging round

ROUND 1 - TASK (dose_response_shape)
At which nickel dose does mean Fv/Fm_Lss peak across the panel?

RULES
1. Two rows in the store carry a similar trait name. Only the
   plant-level trait is the panel measurement; the dictionary says
   which that is.
2. Judge the curve as a whole, not a single cell.

TOOL OUTPUTS

>>> db_lookup(table=""fc1_values"", select=[""trait"", ""mean_value""], where=""experiment_id=71"", group_by=[""trait"", ""treatment""])
    mean value by trait, one column per treatment (mg kg-1).
    trait          t0     t50    t100   t200   t500   t1000
    -------------  -----  -----  -----  -----  -----  -----
    Fv/Fm_Lss      0.498  0.508  0.520  0.493  0.454  0.434
    avg_Fv/Fm_Lss  0.470  0.428  0.385  0.393  0.550  0.421

>>> schema_lookup(trait=""Fv/Fm_Lss"")
    trait dictionary: where the trait lives and at what entity level.
    trait          modality  table       unit  entity_level
    -------------  --------  ----------  ----  ------------
    Fv/Fm_Lss      fc1       fc1_values  a.u.  plant
    avg_Fv/Fm_Lss  fc1       fc1_values  a.u.  region

OUTPUT FORMAT
Reply with exactly one line and nothing else:
ANSWER: <dose in mg kg-1, digits only>
","(db_lookup[334:485],schema_lookup[485:583])",100,(depends on: -; the plant-level Fv/Fm_Lss row peaks at 0.520 on t100 -> 100; ablations: reading the alias row gives 500)
exp71-chain-0002-medium,2,transition_sensitivity,"ROUND 2 - TASK (transition_sensitivity)
Starting from the nickel dose you identified in round 1, which accession
loses the most Fv/Fm_Lss when the dose is raised to the next level of the
design series?

RULES
1. The store also holds a pilot dose that is not a level of the
   design series. The next level is the next one in the design
   table, which need not be the next column.
2. Only accessions in the core panel can be ranked; observational
   ones are carried for reference.
3. Compare each accession against itself across the two doses.

TOOL OUTPUTS

>>> db_lookup(table=""fc1_values"", select=[""genotype"", ""mean_value""], where=""trait='Fv/Fm_Lss'"", group_by=[""genotype"", ""treatment""])
    mean Fv/Fm_Lss by accession, one column per treatment in the store.
    genotype  t0     t100   t150   t200
    --------  -----  -----  -----  -----
    ISU 446   0.530  0.493  0.466  0.427
    RIL 369   0.540  0.518  0.359  0.345
    RIL 383   0.526  0.505  0.463  0.452
    Esp49     0.548  0.505  0.493  0.186
    73        0.532  0.524  0.493  0.289

>>> design_lookup(aspect=""dose_series"")
    the design levels, in order. Doses absent here are pilot cells.
    level  treatment
    -----  ---------
    1      0
    2      50
    3      100
    4      200
    5      500
    6      1000

>>> design_lookup(aspect=""accession_panel"")
    panel membership for this experiment.
    genotype  panel_role
    --------  -------------
    ISU 446   core
    RIL 369   core
    RIL 383   core
    Esp49     observational
    73        core

OUTPUT FORMAT
Reply with exactly one line and nothing else:
ANSWER: <accession label exactly as it appears in the table>
","(db_lookup[113:276],design_lookup[276:329],design_lookup[329:382])",73,"(depends on: round 1 answer 100; the step is t100->t200, not the adjacent column t150 which is a pilot cell; per-accession drop 73:+0.235  RIL 369:+0.173  ISU 446:+0.066  RIL 383:+0.053 -> 73; ablations: stepping to the next column instead of the next design level gives RIL 369; ranking without the panel table gives Esp49, which is observational)"
exp71-chain-0002-medium,3,cross_modality_peak,"ROUND 3 - TASK (cross_modality_peak)
For the accession identified in round 2: at which dose does its leaf area
(area_mm2) peak, and does that dose agree with where Fv/Fm_Lss peaked
in round 1?

RULES
1. More than one modality reports this trait. Use the one the
   dictionary marks primary; the other is a derived estimate.
2. A cell flagged empty_mask carries no usable area and cannot be
   the peak. low_mask_coverage is on nearly every row and is not a
   reason to discard.
3. The verdict is AGREES when the area peak falls on the dose from
   round 1, and DISAGREES otherwise. Report both parts.

TOOL OUTPUTS

>>> db_lookup(table=""features"", select=[""modality"", ""genotype"", ""mean_area_mm2""], where=""trait='area_mm2'"", group_by=[""modality"", ""genotype"", ""treatment""])
    mean area_mm2 by modality and accession, one column per treatment.
    modality  genotype  t0     t50    t100
    --------  --------  -----  -----  -----
    rgb2      73        22.67  13.37  27.17
    rgb2      Esp49     12.69  21.96  13.30
    rgb2      RIL 383   6.72   9.65   18.48
    rgb2      ISU 446   9.81   18.97  10.12
    swir      73        7.83   9.34   16.97
    swir      Esp49     7.96   8.71   16.48
    swir      RIL 383   14.04  6.25   5.97
    swir      ISU 446   5.34   6.85   14.38

>>> qc_lookup(table=""rgb2_features"", select=[""genotype"", ""treatment"", ""flag""], where=""flag='empty_mask'"")
    cells voided by empty_mask.
    genotype  treatment  flag
    --------  ---------  ----------
    73        100        empty_mask
    Esp49     100        empty_mask

>>> schema_lookup(trait=""area_mm2"")
    modalities reporting this trait.
    trait     modality  modality_role       unit  trait_role
    --------  --------  ------------------  ----  ----------
    area_mm2  rgb2      top-view RGB        mm2   primary
    area_mm2  swir      SWIR hyperspectral  mm2   derived

OUTPUT FORMAT
Reply with exactly one line and nothing else:
ANSWER: <dose in mg kg-1, digits only>; <AGREES or DISAGREES>
","(db_lookup[126:319],qc_lookup[319:397],schema_lookup[397:480])",0; DISAGREES,(depends on: round 2 answer 73 and round 1 answer 100; on the rgb2 row for 73 the largest usable cell is t0 -> 0; DISAGREES; ablations: reading the swir rows gives 100; AGREES; ignoring empty_mask gives 100; AGREES)
exp71-chain-0002-medium,4,modality_coverage,"ROUND 4 - TASK (modality_coverage)
For the accession identified in round 2: which modalities hold usable feature
rows for it in this experiment?

RULES
1. A modality never scheduled for this experiment does not count,
   even if rows for it exist: those were carried over.
2. A modality whose rows are all flagged holds nothing usable.
3. List the modalities in the column order of the store table.

TOOL OUTPUTS

>>> db_lookup(table=""features"", select=[""genotype"", ""modality"", ""n_rows""], group_by=[""genotype"", ""modality""])
    feature rows per accession, one column per modality.
    genotype  fc1  rgb2  msc1  vnir  swir  s3d
    --------  ---  ----  ----  ----  ----  ---
    73        18   67    60    31    0     47
    Esp49     0    61    59    19    25    0
    RIL 383   0    56    59    26    0     0
    ISU 446   21   63    66    0     48    0

>>> qc_lookup(table=""features"", select=[""genotype"", ""modality"", ""n_usable""], group_by=[""genotype"", ""modality""])
    rows surviving QC, one column per modality.
    genotype  fc1  rgb2  msc1  vnir  swir  s3d
    --------  ---  ----  ----  ----  ----  ---
    73        18   66    58    0     0     46
    Esp49     0    60    57    16    25    0
    RIL 383   0    53    56    23    0     0
    ISU 446   21   61    64    0     45    0

>>> design_lookup(aspect=""imaging_rounds"")
    imaging rounds scheduled per modality for this experiment.
    modality  records                   rounds_scheduled
    --------  ------------------------  ----------------
    fc1       chlorophyll fluorescence  64
    rgb2      top-view RGB              24
    msc1      multispectral             46
    vnir      VNIR hyperspectral        44
    swir      SWIR hyperspectral        29
    s3d       3-D structural scan       0

OUTPUT FORMAT
Reply with exactly one line and nothing else:
ANSWER: <modalities, comma separated, in table column order>
","(db_lookup[82:198],qc_lookup[198:313],design_lookup[313:412])","fc1, rgb2, msc1","(depends on: round 2 answer 73; that row is non-zero for fc1, rgb2, msc1, vnir, s3d, but s3d was never scheduled and vnir has nothing left after QC -> fc1, rgb2, msc1; ablations: ignoring the schedule gives fc1, rgb2, msc1, s3d; ignoring the quality gate gives fc1, rgb2, msc1, vnir)"
exp42-chain-0003-medium,1,dose_response_shape,"SESSION
You are analysing experiment 42 at the Hollandale phenotyping facility: a cobalt
(Co) dose series on 6 Thlaspi arvense (pennycress) accessions at 0, 20, 40, 80,
160 and 320 mg kg-1, imaged over 28 days in six modalities.

This is a 4-round investigation. Each round gives you the results of the tool
calls it needs, already run; how many there are varies by round. Later rounds
build on what you established earlier and will not repeat it, so keep your own
answers.

TOOLS (results are inlined; you cannot issue new calls)
  db_lookup(table=, select=, where=, group_by=)   the measurement store
  schema_lookup(trait=)                           which modality records a trait, and in what unit
  qc_lookup(table=, select=, where=)              flags, exclusions, usable counts
  design_lookup(aspect=)                          the protocol: dose series, accession panel,
                                                  imaging rounds, replication plan
  literature_lookup(species=, property=)          published claims
  embedding_lookup(space=, query=, k=)            nearest accessions by profile similarity

TERMS
  treatment        the cobalt dose, in mg kg-1
  genotype         the accession label
  Fv/Fm_Lss        photosystem-II efficiency, from the fc1 modality
  area_mm2         leaf area
  n_plants         distinct plants behind a cell
  round_to_round   variance of an accession's per-round means
  within_round     variance between plants inside one imaging round

ROUND 1 - TASK (dose_response_shape)
At which cobalt dose does mean Fv/Fm_Lss peak across the panel?

RULES
1. A treatment cell must clear the usable-plant floor in the quality
   gate before it can be called a peak.
2. Judge the curve as a whole, not a single cell.

TOOL OUTPUTS

>>> qc_lookup(table=""fc1_values"", select=[""treatment"", ""n_plants_usable""], where=""trait='Fv/Fm_Lss'"")
    plants surviving QC per treatment; the floor for a panel claim is 15.
    treatment  n_plants_usable
    ---------  ---------------
    0          52
    20         11
    40         48
    80         49
    160        48
    320        49

>>> db_lookup(table=""fc1_values"", select=[""trait"", ""mean_value""], where=""experiment_id=42"", group_by=[""trait"", ""treatment""])
    mean value by trait, one column per treatment (mg kg-1).
    trait      t0     t20    t40    t80    t160   t320
    ---------  -----  -----  -----  -----  -----  -----
    Fv/Fm_Lss  0.463  0.545  0.506  0.520  0.488  0.447

OUTPUT FORMAT
Reply with exactly one line and nothing else:
ANSWER: <dose in mg kg-1, digits only>
","(qc_lookup[327:415],db_lookup[415:541])",80,(depends on: -; the plant-level Fv/Fm_Lss row peaks at 0.520 on t80 -> 80; ablations: ignoring the quality gate gives 20 on 11 plants)
exp42-chain-0003-medium,2,transition_sensitivity,"ROUND 2 - TASK (transition_sensitivity)
Starting from the cobalt dose you identified in round 1, which accession
loses the most Fv/Fm_Lss when the dose is raised to the next level of the
design series?

RULES
1. Only accessions in the core panel can be ranked; observational
   ones are carried for reference.
2. Compare each accession against itself across the two doses.

TOOL OUTPUTS

>>> design_lookup(aspect=""accession_panel"")
    panel membership for this experiment.
    genotype   panel_role
    ---------  -------------
    RIL 337    core
    NIL 416    core
    45         core
    Ecm39      observational
    MAGIC 325  core

>>> db_lookup(table=""fc1_values"", select=[""genotype"", ""mean_value""], where=""trait='Fv/Fm_Lss'"", group_by=[""genotype"", ""treatment""])
    mean Fv/Fm_Lss by accession, one column per treatment in the store.
    genotype   t20    t80    t160   t320
    ---------  -----  -----  -----  -----
    RIL 337    0.546  0.530  0.508  0.465
    NIL 416    0.557  0.529  0.484  0.475
    45         0.520  0.507  0.476  0.450
    Ecm39      0.544  0.534  0.243  0.234
    MAGIC 325  0.560  0.539  0.346  0.304

OUTPUT FORMAT
Reply with exactly one line and nothing else:
ANSWER: <accession label exactly as it appears in the table>
","(design_lookup[74:128],db_lookup[128:292])",MAGIC 325,"(depends on: round 1 answer 80; the step is t80->t160; per-accession drop MAGIC 325:+0.193  NIL 416:+0.045  45:+0.031  RIL 337:+0.022 -> MAGIC 325; ablations: ranking without the panel table gives Ecm39, which is observational)"
exp42-chain-0003-medium,3,cross_modality_peak,"ROUND 3 - TASK (cross_modality_peak)
For the accession identified in round 2: at which dose does its leaf area
(area_mm2) peak, and does that dose agree with where Fv/Fm_Lss peaked
in round 1?

RULES
1. More than one modality reports this trait. Use the one the
   dictionary marks primary; the other is a derived estimate.
2. A cell flagged empty_mask carries no usable area and cannot be
   the peak. low_mask_coverage is on nearly every row and is not a
   reason to discard.
3. The verdict is AGREES when the area peak falls on the dose from
   round 1, and DISAGREES otherwise. Report both parts.

TOOL OUTPUTS

>>> db_lookup(table=""features"", select=[""modality"", ""genotype"", ""mean_area_mm2""], where=""trait='area_mm2'"", group_by=[""modality"", ""genotype"", ""treatment""])
    mean area_mm2 by modality and accession, one column per treatment.
    modality  genotype   t0     t40    t80    t320
    --------  ---------  -----  -----  -----  -----
    rgb2      MAGIC 325  23.15  27.65  11.73  9.38
    rgb2      Ecm39      11.52  13.34  22.28  13.31
    rgb2      45         6.63   9.87   11.35  20.07
    rgb2      RIL 337    13.20  21.73  12.85  10.05
    vnir      MAGIC 325  10.18  17.31  9.91   8.79
    vnir      Ecm39      16.70  9.55   7.60   7.08
    vnir      45         6.45   7.67   15.15  7.75
    vnir      RIL 337    16.31  8.84   7.21   6.34

>>> qc_lookup(table=""rgb2_features"", select=[""genotype"", ""treatment"", ""flag""], where=""flag='empty_mask'"")
    cells voided by empty_mask.
    genotype   treatment  flag
    ---------  ---------  ----------
    MAGIC 325  40         empty_mask
    Ecm39      0          empty_mask

>>> schema_lookup(trait=""area_mm2"")
    modalities reporting this trait.
    trait     modality  modality_role       unit  trait_role
    --------  --------  ------------------  ----  ----------
    area_mm2  rgb2      top-view RGB        mm2   primary
    area_mm2  vnir      VNIR hyperspectral  mm2   derived

OUTPUT FORMAT
Reply with exactly one line and nothing else:
ANSWER: <dose in mg kg-1, digits only>; <AGREES or DISAGREES>
","(db_lookup[126:350],qc_lookup[350:430],schema_lookup[430:513])",0; DISAGREES,(depends on: round 2 answer MAGIC 325 and round 1 answer 80; on the rgb2 row for MAGIC 325 the largest usable cell is t0 -> 0; DISAGREES; ablations: reading the vnir rows gives 40; DISAGREES; ignoring empty_mask gives 40; DISAGREES)
exp42-chain-0003-medium,4,modality_coverage,"ROUND 4 - TASK (modality_coverage)
For the accession identified in round 2: which modalities hold usable feature
rows for it in this experiment?

RULES
1. A modality never scheduled for this experiment does not count,
   even if rows for it exist: those were carried over.
2. A modality whose rows are all flagged holds nothing usable.
3. List the modalities in the column order of the store table.

TOOL OUTPUTS

>>> db_lookup(table=""features"", select=[""genotype"", ""modality"", ""n_rows""], group_by=[""genotype"", ""modality""])
    feature rows per accession, one column per modality.
    genotype   fc1  rgb2  msc1  vnir  swir  s3d
    ---------  ---  ----  ----  ----  ----  ---
    MAGIC 325  20   60    67    37    15    0
    Ecm39      0    65    64    0     37    0
    45         28   56    65    0     26    0
    RIL 337    30   60    64    0     0     0

>>> design_lookup(aspect=""imaging_rounds"")
    imaging rounds scheduled per modality for this experiment.
    modality  records                   rounds_scheduled
    --------  ------------------------  ----------------
    fc1       chlorophyll fluorescence  26
    rgb2      top-view RGB              28
    msc1      multispectral             26
    vnir      VNIR hyperspectral        0
    swir      SWIR hyperspectral        63
    s3d       3-D structural scan       38

>>> qc_lookup(table=""features"", select=[""genotype"", ""modality"", ""n_usable""], group_by=[""genotype"", ""modality""])
    rows surviving QC, one column per modality.
    genotype   fc1  rgb2  msc1  vnir  swir  s3d
    ---------  ---  ----  ----  ----  ----  ---
    MAGIC 325  19   59    64    34    0     0
    Ecm39      0    65    61    0     35    0
    45         28   55    65    0     23    0
    RIL 337    28   59    64    0     0     0

OUTPUT FORMAT
Reply with exactly one line and nothing else:
ANSWER: <modalities, comma separated, in table column order>
","(db_lookup[82:199],design_lookup[199:298],qc_lookup[298:414])","fc1, rgb2, msc1","(depends on: round 2 answer MAGIC 325; that row is non-zero for fc1, rgb2, msc1, vnir, swir, but vnir was never scheduled and swir has nothing left after QC -> fc1, rgb2, msc1; ablations: ignoring the schedule gives fc1, rgb2, msc1, vnir; ignoring the quality gate gives fc1, rgb2, msc1, swir)"
exp78-chain-0004-low,1,dose_response_shape,"SESSION
You are analysing experiment 78 at the Weston phenotyping facility: a cadmium (Cd)
dose series on 6 Brassica napus (oilseed rape) accessions at 0, 25, 50, 100, 250
and 500 mg kg-1, imaged over 28 days in six modalities.

This is a 3-round investigation. Each round gives you the results of the tool
calls it needs, already run; how many there are varies by round. Later rounds
build on what you established earlier and will not repeat it, so keep your own
answers.

TOOLS (results are inlined; you cannot issue new calls)
  db_lookup(table=, select=, where=, group_by=)   the measurement store
  schema_lookup(trait=)                           which modality records a trait, and in what unit
  qc_lookup(table=, select=, where=)              flags, exclusions, usable counts
  design_lookup(aspect=)                          the protocol: dose series, accession panel,
                                                  imaging rounds, replication plan
  literature_lookup(species=, property=)          published claims
  embedding_lookup(space=, query=, k=)            nearest accessions by profile similarity

TERMS
  treatment        the cadmium dose, in mg kg-1
  genotype         the accession label
  Fv/Fm_Lss        photosystem-II efficiency, from the fc1 modality
  area_mm2         leaf area
  n_plants         distinct plants behind a cell
  round_to_round   variance of an accession's per-round means
  within_round     variance between plants inside one imaging round

ROUND 1 - TASK (dose_response_shape)
At which cadmium dose does mean Fv/Fm_Lss peak across the panel?

RULES
1. Judge the curve as a whole, not a single cell.

TOOL OUTPUTS

>>> db_lookup(table=""fc1_values"", select=[""trait"", ""mean_value""], where=""experiment_id=78"", group_by=[""trait"", ""treatment""])
    mean value by trait, one column per treatment (mg kg-1).
    trait      t0     t25    t50    t100   t250   t500
    ---------  -----  -----  -----  -----  -----  -----
    Fv/Fm_Lss  0.465  0.488  0.512  0.529  0.502  0.463

OUTPUT FORMAT
Reply with exactly one line and nothing else:
ANSWER: <dose in mg kg-1, digits only>
",(db_lookup[304:430]),100,(depends on: -; the plant-level Fv/Fm_Lss row peaks at 0.529 on t100 -> 100; no complications at this tier)
exp78-chain-0004-low,2,transition_sensitivity,"ROUND 2 - TASK (transition_sensitivity)
Starting from the cadmium dose you identified in round 1, which accession
loses the most Fv/Fm_Lss when the dose is raised to the next level of the
design series?

RULES
1. The store also holds a pilot dose that is not a level of the
   design series. The next level is the next one in the design
   table, which need not be the next column.
2. Compare each accession against itself across the two doses.

TOOL OUTPUTS

>>> db_lookup(table=""fc1_values"", select=[""genotype"", ""mean_value""], where=""trait='Fv/Fm_Lss'"", group_by=[""genotype"", ""treatment""])
    mean Fv/Fm_Lss by accession, one column per treatment in the store.
    genotype  t25    t100   t175   t250
    --------  -----  -----  -----  -----
    NIL 369   0.529  0.492  0.458  0.428
    99        0.546  0.508  0.357  0.350
    81        0.534  0.501  0.473  0.463
    Ecm14     0.549  0.507  0.458  0.251

>>> design_lookup(aspect=""dose_series"")
    the design levels, in order. Doses absent here are pilot cells.
    level  treatment
    -----  ---------
    1      0
    2      25
    3      50
    4      100
    5      250
    6      500

OUTPUT FORMAT
Reply with exactly one line and nothing else:
ANSWER: <accession label exactly as it appears in the table>
","(db_lookup[94:242],design_lookup[242:295])",Ecm14,"(depends on: round 1 answer 100; the step is t100->t250, not the adjacent column t175 which is a pilot cell; per-accession drop Ecm14:+0.256  99:+0.158  NIL 369:+0.064  81:+0.038 -> Ecm14; ablations: stepping to the next column instead of the next design level gives 99)"
exp78-chain-0004-low,3,cross_modality_peak,"ROUND 3 - TASK (cross_modality_peak)
For the accession identified in round 2: at which dose does its leaf area
(area_mm2) peak, and does that dose agree with where Fv/Fm_Lss peaked
in round 1?

RULES
1. A cell flagged empty_mask carries no usable area and cannot be
   the peak. low_mask_coverage is on nearly every row and is not a
   reason to discard.
2. The verdict is AGREES when the area peak falls on the dose from
   round 1, and DISAGREES otherwise. Report both parts.

TOOL OUTPUTS

>>> db_lookup(table=""features"", select=[""modality"", ""genotype"", ""mean_area_mm2""], where=""trait='area_mm2'"", group_by=[""modality"", ""genotype"", ""treatment""])
    mean area_mm2 by modality and accession, one column per treatment.
    modality  genotype  t25    t100   t250   t500
    --------  --------  -----  -----  -----  -----
    rgb2      Ecm14     23.52  19.02  10.26  8.17
    rgb2      ISU 61    20.61  12.06  9.28   6.54
    rgb2      81        12.36  13.11  14.75  23.99
    rgb2      NIL 369   10.68  13.05  22.34  13.35

>>> qc_lookup(table=""rgb2_features"", select=[""genotype"", ""treatment"", ""flag""], where=""flag='empty_mask'"")
    cells voided by empty_mask.
    genotype  treatment  flag
    --------  ---------  ----------
    Ecm14     25         empty_mask
    ISU 61    250        empty_mask

OUTPUT FORMAT
Reply with exactly one line and nothing else:
ANSWER: <dose in mg kg-1, digits only>; <AGREES or DISAGREES>
","(db_lookup[101:266],qc_lookup[266:345])",100; AGREES,(depends on: round 2 answer Ecm14 and round 1 answer 100; on the rgb2 row for Ecm14 the largest usable cell is t100 -> 100; AGREES; ablations: ignoring empty_mask gives 25; DISAGREES)
exp76-chain-0005-hard,1,dose_response_shape,"SESSION
You are analysing experiment 76 at the Weston phenotyping facility: a zinc (Zn)
dose series on 6 Brassica napus (oilseed rape) accessions at 0, 25, 50, 100, 250
and 500 mg kg-1, imaged over 28 days in six modalities.

This is a 7-round investigation. Each round gives you the results of the tool
calls it needs, already run; how many there are varies by round. Later rounds
build on what you established earlier and will not repeat it, so keep your own
answers.

TOOLS (results are inlined; you cannot issue new calls)
  db_lookup(table=, select=, where=, group_by=)   the measurement store
  schema_lookup(trait=)                           which modality records a trait, and in what unit
  qc_lookup(table=, select=, where=)              flags, exclusions, usable counts
  design_lookup(aspect=)                          the protocol: dose series, accession panel,
                                                  imaging rounds, replication plan
  literature_lookup(species=, property=)          published claims
  embedding_lookup(space=, query=, k=)            nearest accessions by profile similarity

TERMS
  treatment        the zinc dose, in mg kg-1
  genotype         the accession label
  Fv/Fm_Lss        photosystem-II efficiency, from the fc1 modality
  area_mm2         leaf area
  n_plants         distinct plants behind a cell
  round_to_round   variance of an accession's per-round means
  within_round     variance between plants inside one imaging round

ROUND 1 - TASK (dose_response_shape)
At which zinc dose does mean Fv/Fm_Lss peak across the panel?

RULES
1. Two rows in the store carry a similar trait name. Only the
   plant-level trait is the panel measurement; the dictionary says
   which that is.
2. A treatment cell must clear the usable-plant floor in the quality
   gate before it can be called a peak.
3. Judge the curve as a whole, not a single cell.

TOOL OUTPUTS

>>> schema_lookup(trait=""Fv/Fm_Lss"")
    trait dictionary: where the trait lives and at what entity level.
    trait          modality  table       unit  entity_level
    -------------  --------  ----------  ----  ------------
    Fv/Fm_Lss      fc1       fc1_values  a.u.  plant
    avg_Fv/Fm_Lss  fc1       fc1_values  a.u.  region

>>> db_lookup(table=""fc1_values"", select=[""trait"", ""mean_value""], where=""experiment_id=76"", group_by=[""trait"", ""treatment""])
    mean value by trait, one column per treatment (mg kg-1).
    trait          t0     t25    t50    t100   t250   t500
    -------------  -----  -----  -----  -----  -----  -----
    Fv/Fm_Lss      0.493  0.553  0.529  0.494  0.455  0.444
    avg_Fv/Fm_Lss  0.458  0.423  0.428  0.564  0.428  0.409

>>> qc_lookup(table=""fc1_values"", select=[""treatment"", ""n_plants_usable""], where=""trait='Fv/Fm_Lss'"")
    plants surviving QC per treatment; the floor for a panel claim is 15.
    treatment  n_plants_usable
    ---------  ---------------
    0          54
    25         9
    50         52
    100        50
    250        49
    500        57

OUTPUT FORMAT
Reply with exactly one line and nothing else:
ANSWER: <dose in mg kg-1, digits only>
","(schema_lookup[359:457],db_lookup[457:608],qc_lookup[608:696])",50,(depends on: -; the plant-level Fv/Fm_Lss row peaks at 0.529 on t50 -> 50; ablations: reading the alias row gives 100; ignoring the quality gate gives 25 on 9 plants)
exp76-chain-0005-hard,2,transition_sensitivity,"ROUND 2 - TASK (transition_sensitivity)
Starting from the zinc dose you identified in round 1, which accession
loses the most Fv/Fm_Lss when the dose is raised to the next level of the
design series?

RULES
1. The store also holds a pilot dose that is not a level of the
   design series. The next level is the next one in the design
   table, which need not be the next column.
2. Only accessions in the core panel can be ranked; observational
   ones are carried for reference.
3. Compare each accession against itself across the two doses.

TOOL OUTPUTS

>>> design_lookup(aspect=""accession_panel"")
    panel membership for this experiment.
    genotype   panel_role
    ---------  -------------
    MAGIC 133  observational
    69         core
    Esp43      core
    NIL 204    core
    RIL 74     core

>>> db_lookup(table=""fc1_values"", select=[""genotype"", ""mean_value""], where=""trait='Fv/Fm_Lss'"", group_by=[""genotype"", ""treatment""])
    mean Fv/Fm_Lss by accession, one column per treatment in the store.
    genotype   t0     t50    t75    t100
    ---------  -----  -----  -----  -----
    MAGIC 133  0.531  0.492  0.458  0.152
    69         0.524  0.513  0.482  0.289
    Esp43      0.522  0.510  0.489  0.457
    NIL 204    0.534  0.524  0.487  0.448
    RIL 74     0.549  0.526  0.352  0.344

>>> design_lookup(aspect=""dose_series"")
    the design levels, in order. Doses absent here are pilot cells.
    level  treatment
    -----  ---------
    1      0
    2      25
    3      50
    4      100
    5      250
    6      500

OUTPUT FORMAT
Reply with exactly one line and nothing else:
ANSWER: <accession label exactly as it appears in the table>
","(design_lookup[113:167],db_lookup[167:331],design_lookup[331:384])",69,"(depends on: round 1 answer 50; the step is t50->t100, not the adjacent column t75 which is a pilot cell; per-accession drop 69:+0.224  RIL 74:+0.182  NIL 204:+0.076  Esp43:+0.053 -> 69; ablations: stepping to the next column instead of the next design level gives RIL 74; ranking without the panel table gives MAGIC 133, which is observational)"
exp76-chain-0005-hard,3,cross_modality_peak,"ROUND 3 - TASK (cross_modality_peak)
For the accession identified in round 2: at which dose does its leaf area
(area_mm2) peak, and does that dose agree with where Fv/Fm_Lss peaked
in round 1?

RULES
1. More than one modality reports this trait. Use the one the
   dictionary marks primary; the other is a derived estimate.
2. A cell flagged empty_mask carries no usable area and cannot be
   the peak. low_mask_coverage is on nearly every row and is not a
   reason to discard.
3. The verdict is AGREES when the area peak falls on the dose from
   round 1, and DISAGREES otherwise. Report both parts.

TOOL OUTPUTS

>>> schema_lookup(trait=""area_mm2"")
    modalities reporting this trait.
    trait     modality  modality_role       unit  trait_role
    --------  --------  ------------------  ----  ----------
    area_mm2  rgb2      top-view RGB        mm2   primary
    area_mm2  vnir      VNIR hyperspectral  mm2   derived

>>> db_lookup(table=""features"", select=[""modality"", ""genotype"", ""mean_area_mm2""], where=""trait='area_mm2'"", group_by=[""modality"", ""genotype"", ""treatment""])
    mean area_mm2 by modality and accession, one column per treatment.
    modality  genotype   t0     t25    t50
    --------  ---------  -----  -----  -----
    rgb2      69         21.94  12.68  26.44
    rgb2      MAGIC 133  11.21  13.78  22.27
    rgb2      RIL 74     12.56  21.34  12.76
    rgb2      Esp43      10.76  12.81  21.80
    vnir      69         9.24   16.46  9.39
    vnir      MAGIC 133  9.27   16.69  9.40
    vnir      RIL 74     7.22   8.94   16.04
    vnir      Esp43      16.36  9.36   8.21

>>> qc_lookup(table=""rgb2_features"", select=[""genotype"", ""treatment"", ""flag""], where=""flag='empty_mask'"")
    cells voided by empty_mask.
    genotype   treatment  flag
    ---------  ---------  ----------
    69         50         empty_mask
    MAGIC 133  25         empty_mask

OUTPUT FORMAT
Reply with exactly one line and nothing else:
ANSWER: <dose in mg kg-1, digits only>; <AGREES or DISAGREES>
","(schema_lookup[126:209],db_lookup[209:403],qc_lookup[403:483])",0; DISAGREES,(depends on: round 2 answer 69 and round 1 answer 50; on the rgb2 row for 69 the largest usable cell is t0 -> 0; DISAGREES; ablations: reading the vnir rows gives 25; DISAGREES; ignoring empty_mask gives 50; AGREES)
exp76-chain-0005-hard,4,modality_coverage,"ROUND 4 - TASK (modality_coverage)
For the accession identified in round 2: which modalities hold usable feature
rows for it in this experiment?

RULES
1. A modality never scheduled for this experiment does not count,
   even if rows for it exist: those were carried over.
2. A modality whose rows are all flagged holds nothing usable.
3. List the modalities in the column order of the store table.

TOOL OUTPUTS

>>> db_lookup(table=""features"", select=[""genotype"", ""modality"", ""n_rows""], group_by=[""genotype"", ""modality""])
    feature rows per accession, one column per modality.
    genotype   fc1  rgb2  msc1  vnir  swir  s3d
    ---------  ---  ----  ----  ----  ----  ---
    69         28   56    58    0     22    39
    MAGIC 133  0    55    60    46    0     0
    RIL 74     0    59    65    38    42    0
    Esp43      35   63    59    0     0     0

>>> design_lookup(aspect=""imaging_rounds"")
    imaging rounds scheduled per modality for this experiment.
    modality  records                   rounds_scheduled
    --------  ------------------------  ----------------
    fc1       chlorophyll fluorescence  23
    rgb2      top-view RGB              55
    msc1      multispectral             44
    vnir      VNIR hyperspectral        30
    swir      SWIR hyperspectral        24
    s3d       3-D structural scan       0

>>> qc_lookup(table=""features"", select=[""genotype"", ""modality"", ""n_usable""], group_by=[""genotype"", ""modality""])
    rows surviving QC, one column per modality.
    genotype   fc1  rgb2  msc1  vnir  swir  s3d
    ---------  ---  ----  ----  ----  ----  ---
    69         0    56    58    0     22    36
    MAGIC 133  0    52    57    43    0     0
    RIL 74     0    59    64    37    41    0
    Esp43      33   61    58    0     0     0

OUTPUT FORMAT
Reply with exactly one line and nothing else:
ANSWER: <modalities, comma separated, in table column order>
","(db_lookup[82:199],design_lookup[199:298],qc_lookup[298:414])","rgb2, msc1, swir","(depends on: round 2 answer 69; that row is non-zero for fc1, rgb2, msc1, swir, s3d, but s3d was never scheduled and fc1 has nothing left after QC -> rgb2, msc1, swir; ablations: ignoring the schedule gives rgb2, msc1, swir, s3d; ignoring the quality gate gives fc1, rgb2, msc1, swir)"
exp76-chain-0005-hard,5,analogue_search,"ROUND 5 - TASK (analogue_search)
For the accession identified in round 2: which accession is its nearest
analogue by Fv/Fm_Lss dose-response profile, and does that analogue's own
peak fall on the dose you identified in round 1?

RULES
1. Take the nearest neighbour that is eligible: observational
   accessions cannot be analogues.
2. Neighbours are listed in descending similarity.
3. Report the analogue, then MATCHES if its own peak is the dose from
   round 1 and DIVERGES if it is not.

TOOL OUTPUTS

>>> db_lookup(table=""fc1_values"", select=[""genotype"", ""peak_treatment""], where=""trait='Fv/Fm_Lss'"", group_by=[""genotype""])
    the treatment at which each accession's own Fv/Fm_Lss is highest.
    genotype   peak_treatment
    ---------  --------------
    69         25
    MAGIC 133  25
    RIL 74     50
    Esp43      250

>>> embedding_lookup(space=""dose_response_profile"", query=""panel"", k=3)
    nearest accessions by Fv/Fm_Lss profile, for every panel member.
    genotype   neighbour_1        neighbour_2        neighbour_3
    ---------  -----------------  -----------------  -----------------
    69         MAGIC 133 (0.957)  RIL 74 (0.895)     Esp43 (0.777)
    MAGIC 133  Esp43 (0.890)      69 (0.742)         RIL 74 (0.629)
    RIL 74     Esp43 (0.916)      MAGIC 133 (0.831)  69 (0.664)
    Esp43      RIL 74 (0.960)     69 (0.814)         MAGIC 133 (0.625)

>>> design_lookup(aspect=""accession_panel"")
    panel membership for this experiment.
    genotype   panel_role
    ---------  -------------
    69         core
    MAGIC 133  observational
    RIL 74     core
    Esp43      core

OUTPUT FORMAT
Reply with exactly one line and nothing else:
ANSWER: <accession label>; <MATCHES or DIVERGES>
","(db_lookup[101:194],embedding_lookup[194:376],design_lookup[376:427])",RIL 74; MATCHES,"(depends on: round 2 answer 69 and round 1 answer 50; the nearest eligible analogue is RIL 74, whose own peak is t50 -> RIL 74; MATCHES; ablations: taking the nearest neighbour regardless of panel role gives MAGIC 133; DIVERGES)"
exp76-chain-0005-hard,6,variance_regime,"ROUND 6 - TASK (variance_regime)
Name the cell -- accession and dose -- at which the accession identified in
round 2 first shows round-to-round variance of Fv/Fm_Lss exceeding its
within-round variance.

RULES
1. The two variances come from separate queries; compare them cell by
   cell.
2. A cell built on fewer than 3 imaging rounds is not
   comparable and must be skipped, however its numbers look.
3. Report the first qualifying dose reading left to right, not the
   largest gap, and name the accession alongside it.

TOOL OUTPUTS

>>> db_lookup(table=""fc1_values"", select=[""genotype"", ""within_round""], where=""trait='Fv/Fm_Lss'"", group_by=[""genotype"", ""treatment""])
    within-round variance, one column per treatment.
    genotype   t0     t25    t50    t100   t250   t500
    ---------  -----  -----  -----  -----  -----  -----
    69         0.036  0.004  0.020  0.027  0.041  0.058
    MAGIC 133  0.024  0.054  0.055  0.066  0.039  0.046
    RIL 74     0.027  0.040  0.064  0.028  0.054  0.060
    Esp43      0.030  0.054  0.023  0.042  0.057  0.060

>>> db_lookup(table=""fc1_values"", select=[""genotype"", ""round_to_round""], where=""trait='Fv/Fm_Lss'"", group_by=[""genotype"", ""treatment""])
    round-to-round variance, one column per treatment.
    genotype   t0     t25    t50    t100   t250   t500
    ---------  -----  -----  -----  -----  -----  -----
    69         0.013  0.027  0.040  0.052  0.064  0.075
    MAGIC 133  0.016  0.026  0.040  0.051  0.064  0.073
    RIL 74     0.016  0.027  0.039  0.052  0.061  0.075
    Esp43      0.017  0.027  0.040  0.052  0.064  0.077

>>> qc_lookup(table=""fc1_values"", select=[""genotype"", ""n_rounds""], where=""trait='Fv/Fm_Lss'"")
    imaging rounds behind each cell, one column per treatment.
    genotype   t0  t25  t50  t100  t250  t500
    ---------  --  ---  ---  ----  ----  ----
    69         6   2    5    9     4     8
    MAGIC 133  8   4    7    5     9     7
    RIL 74     9   7    8    9     5     9
    Esp43      4   5    8    7     8     4

OUTPUT FORMAT
Reply with exactly one line and nothing else:
ANSWER: <accession>@<dose>
","(db_lookup[111:292],db_lookup[292:475],qc_lookup[475:587])",69@50,"(depends on: round 2 answer 69; comparing the two variance tables cell by cell, 69 first crosses at t25, but that cell rests on 2 imaging rounds, under the 3 needed, so the first comparable crossing is t50 -> 69@50; ablations: taking the largest round-to-round value without the within-round table gives 69@500; ignoring the round counts gives 69@25)"
exp76-chain-0005-hard,7,literature_audit,"ROUND 7 - TASK (literature_audit)
Three published claims are on file. Judge the one that concerns this
experiment's species against the accession identified in round 2, and say
which source you judged.

RULES
1. Exactly one source concerns the species under study here; the others
   are about different species and are not yours to judge.
2. OUT_OF_SCOPE if the source's studied dose range does not overlap
   this experiment's series: the claim cannot be tested here.
3. Otherwise SUPPORTED if the claimed peak matches that accession's own
   measured peak, CONTRADICTED if it does not.
4. Report the verdict and the source.

TOOL OUTPUTS

>>> db_lookup(table=""fc1_values"", select=[""genotype"", ""peak_treatment""], where=""trait='Fv/Fm_Lss'"", group_by=[""genotype""])
    the treatment at which each accession's own Fv/Fm_Lss is highest.
    genotype   peak_treatment
    ---------  --------------
    69         50
    MAGIC 133  25
    RIL 74     50
    Esp43      25

>>> literature_lookup(species=""Brassica napus"", property=""hormesis"")
    published peak-dose claims, with the dose range each study covered (mg kg-1).
    source             species               property  claimed_peak  range_studied
    -----------------  --------------------  --------  ------------  -------------
    lit:Thorne2021     Brassica napus        hormesis  250           0-500
    lit:Lindqvist2018  Arabidopsis thaliana  hormesis  250           0-500
    lit:Kramer2022     Camelina sativa       hormesis  500           0-500

>>> design_lookup(aspect=""dose_series"")
    the design levels of this experiment, in order.
    level  treatment
    -----  ---------
    1      0
    2      25
    3      50
    4      100
    5      250
    6      500

OUTPUT FORMAT
Reply with exactly one line and nothing else:
ANSWER: <SUPPORTED, CONTRADICTED or OUT_OF_SCOPE>; <source id>
","(db_lookup[126:219],literature_lookup[219:362],design_lookup[362:411])",CONTRADICTED; lit:Thorne2021,"(depends on: round 2 answer 69; only lit:Thorne2021 concerns Brassica napus; it claims a peak at 250 mg kg-1 over 0-500, against a series topping out at 500 and a measured peak of 50 for that accession -> CONTRADICTED; lit:Thorne2021; ablations: judging a source about another species gives CONTRADICTED; lit:Lindqvist2018; skipping the scope check gives CONTRADICTED; lit:Thorne2021)"
exp171-chain-0006-hard,1,dose_response_shape,"SESSION
You are analysing experiment 171 at the Ridgefield phenotyping facility: a zinc
(Zn) dose series on 6 Camelina sativa (camelina) accessions at 0, 10, 50, 100, 500
and 1000 mg kg-1, imaged over 28 days in six modalities.

This is a 7-round investigation. Each round gives you the results of the tool
calls it needs, already run; how many there are varies by round. Later rounds
build on what you established earlier and will not repeat it, so keep your own
answers.

TOOLS (results are inlined; you cannot issue new calls)
  db_lookup(table=, select=, where=, group_by=)   the measurement store
  schema_lookup(trait=)                           which modality records a trait, and in what unit
  qc_lookup(table=, select=, where=)              flags, exclusions, usable counts
  design_lookup(aspect=)                          the protocol: dose series, accession panel,
                                                  imaging rounds, replication plan
  literature_lookup(species=, property=)          published claims
  embedding_lookup(space=, query=, k=)            nearest accessions by profile similarity

TERMS
  treatment        the zinc dose, in mg kg-1
  genotype         the accession label
  Fv/Fm_Lss        photosystem-II efficiency, from the fc1 modality
  area_mm2         leaf area
  n_plants         distinct plants behind a cell
  round_to_round   variance of an accession's per-round means
  within_round     variance between plants inside one imaging round

ROUND 1 - TASK (dose_response_shape)
At which zinc dose does mean Fv/Fm_Lss peak across the panel?

RULES
1. Two rows in the store carry a similar trait name. Only the
   plant-level trait is the panel measurement; the dictionary says
   which that is.
2. A treatment cell must clear the usable-plant floor in the quality
   gate before it can be called a peak.
3. Judge the curve as a whole, not a single cell.

TOOL OUTPUTS

>>> qc_lookup(table=""fc1_values"", select=[""treatment"", ""n_plants_usable""], where=""trait='Fv/Fm_Lss'"")
    plants surviving QC per treatment; the floor for a panel claim is 8.
    treatment  n_plants_usable
    ---------  ---------------
    0          57
    10         3
    50         55
    100        60
    500        49
    1000       49

>>> db_lookup(table=""fc1_values"", select=[""trait"", ""mean_value""], where=""experiment_id=171"", group_by=[""trait"", ""treatment""])
    mean value by trait, one column per treatment (mg kg-1).
    trait          t0     t10    t50    t100   t500   t1000
    -------------  -----  -----  -----  -----  -----  -----
    Fv/Fm_Lss      0.504  0.561  0.532  0.497  0.458  0.441
    avg_Fv/Fm_Lss  0.444  0.443  0.420  0.591  0.433  0.399

>>> schema_lookup(trait=""Fv/Fm_Lss"")
    trait dictionary: where the trait lives and at what entity level.
    trait          modality  table       unit  entity_level
    -------------  --------  ----------  ----  ------------
    Fv/Fm_Lss      fc1       fc1_values  a.u.  plant
    avg_Fv/Fm_Lss  fc1       fc1_values  a.u.  region

OUTPUT FORMAT
Reply with exactly one line and nothing else:
ANSWER: <dose in mg kg-1, digits only>
","(qc_lookup[358:446],db_lookup[446:597],schema_lookup[597:695])",50,(depends on: -; the plant-level Fv/Fm_Lss row peaks at 0.532 on t50 -> 50; ablations: reading the alias row gives 100; ignoring the quality gate gives 10 on 3 plants)
exp171-chain-0006-hard,2,transition_sensitivity,"ROUND 2 - TASK (transition_sensitivity)
Starting from the zinc dose you identified in round 1, which accession
loses the most Fv/Fm_Lss when the dose is raised to the next level of the
design series?

RULES
1. The store also holds a pilot dose that is not a level of the
   design series. The next level is the next one in the design
   table, which need not be the next column.
2. Only accessions in the core panel can be ranked; observational
   ones are carried for reference.
3. Compare each accession against itself across the two doses.

TOOL OUTPUTS

>>> design_lookup(aspect=""dose_series"")
    the design levels, in order. Doses absent here are pilot cells.
    level  treatment
    -----  ---------
    1      0
    2      10
    3      50
    4      100
    5      500
    6      1000

>>> db_lookup(table=""fc1_values"", select=[""genotype"", ""mean_value""], where=""trait='Fv/Fm_Lss'"", group_by=[""genotype"", ""treatment""])
    mean Fv/Fm_Lss by accession, one column per treatment in the store.
    genotype  t10    t50    t75    t100
    --------  -----  -----  -----  -----
    90        0.541  0.497  0.452  0.438
    NIL 272   0.536  0.530  0.497  0.192
    NIL 157   0.537  0.521  0.480  0.282
    85        0.546  0.517  0.343  0.329
    Ecl45     0.550  0.525  0.501  0.463

>>> design_lookup(aspect=""accession_panel"")
    panel membership for this experiment.
    genotype  panel_role
    --------  -------------
    90        core
    NIL 272   observational
    NIL 157   core
    85        core
    Ecl45     core

OUTPUT FORMAT
Reply with exactly one line and nothing else:
ANSWER: <accession label exactly as it appears in the table>
","(design_lookup[113:166],db_lookup[166:328],design_lookup[328:380])",NIL 157,"(depends on: round 1 answer 50; the step is t50->t100, not the adjacent column t75 which is a pilot cell; per-accession drop NIL 157:+0.239  85:+0.188  Ecl45:+0.062  90:+0.059 -> NIL 157; ablations: stepping to the next column instead of the next design level gives 85; ranking without the panel table gives NIL 272, which is observational)"
exp171-chain-0006-hard,3,cross_modality_peak,"ROUND 3 - TASK (cross_modality_peak)
For the accession identified in round 2: at which dose does its leaf area
(area_mm2) peak, and does that dose agree with where Fv/Fm_Lss peaked
in round 1?

RULES
1. More than one modality reports this trait. Use the one the
   dictionary marks primary; the other is a derived estimate.
2. A cell flagged empty_mask carries no usable area and cannot be
   the peak. low_mask_coverage is on nearly every row and is not a
   reason to discard.
3. The verdict is AGREES when the area peak falls on the dose from
   round 1, and DISAGREES otherwise. Report both parts.

TOOL OUTPUTS

>>> qc_lookup(table=""rgb2_features"", select=[""genotype"", ""treatment"", ""flag""], where=""flag='empty_mask'"")
    cells voided by empty_mask.
    genotype  treatment  flag
    --------  ---------  ----------
    NIL 157   0          empty_mask
    NIL 272   50         empty_mask

>>> schema_lookup(trait=""area_mm2"")
    modalities reporting this trait.
    trait     modality  modality_role       unit  trait_role
    --------  --------  ------------------  ----  ----------
    area_mm2  rgb2      top-view RGB        mm2   primary
    area_mm2  swir      SWIR hyperspectral  mm2   derived

>>> db_lookup(table=""features"", select=[""modality"", ""genotype"", ""mean_area_mm2""], where=""trait='area_mm2'"", group_by=[""modality"", ""genotype"", ""treatment""])
    mean area_mm2 by modality and accession, one column per treatment.
    modality  genotype  t0     t50    t100   t500
    --------  --------  -----  -----  -----  -----
    rgb2      NIL 157   26.62  22.12  13.53  11.28
    rgb2      NIL 272   10.19  12.52  15.03  23.44
    rgb2      85        13.03  13.90  23.24  14.15
    rgb2      Ecl45     19.25  10.75  8.54   6.72
    swir      NIL 157   16.59  9.38   8.24   7.46
    swir      NIL 272   8.10   9.98   17.51  10.46
    swir      85        10.10  17.37  10.30  9.31
    swir      Ecl45     3.19   5.31   7.54   14.58

OUTPUT FORMAT
Reply with exactly one line and nothing else:
ANSWER: <dose in mg kg-1, digits only>; <AGREES or DISAGREES>
","(qc_lookup[126:206],schema_lookup[206:289],db_lookup[289:512])",50; AGREES,(depends on: round 2 answer NIL 157 and round 1 answer 50; on the rgb2 row for NIL 157 the largest usable cell is t50 -> 50; AGREES; ablations: reading the swir rows gives 0; DISAGREES; ignoring empty_mask gives 0; DISAGREES)
exp171-chain-0006-hard,4,modality_coverage,"ROUND 4 - TASK (modality_coverage)
For the accession identified in round 2: which modalities hold usable feature
rows for it in this experiment?

RULES
1. A modality never scheduled for this experiment does not count,
   even if rows for it exist: those were carried over.
2. A modality whose rows are all flagged holds nothing usable.
3. List the modalities in the column order of the store table.

TOOL OUTPUTS

>>> qc_lookup(table=""features"", select=[""genotype"", ""modality"", ""n_usable""], group_by=[""genotype"", ""modality""])
    rows surviving QC, one column per modality.
    genotype  fc1  rgb2  msc1  vnir  swir  s3d
    --------  ---  ----  ----  ----  ----  ---
    NIL 157   0    65    53    23    0     0
    NIL 272   20   57    63    0     0     23
    85        0    56    55    0     46    0
    Ecl45     0    64    65    0     33    40

>>> design_lookup(aspect=""imaging_rounds"")
    imaging rounds scheduled per modality for this experiment.
    modality  records                   rounds_scheduled
    --------  ------------------------  ----------------
    fc1       chlorophyll fluorescence  35
    rgb2      top-view RGB              61
    msc1      multispectral             49
    vnir      VNIR hyperspectral        0
    swir      SWIR hyperspectral        38
    s3d       3-D structural scan       43

>>> db_lookup(table=""features"", select=[""genotype"", ""modality"", ""n_rows""], group_by=[""genotype"", ""modality""])
    feature rows per accession, one column per modality.
    genotype  fc1  rgb2  msc1  vnir  swir  s3d
    --------  ---  ----  ----  ----  ----  ---
    NIL 157   37   66    55    26    0     0
    NIL 272   23   59    63    0     0     24
    85        0    58    55    0     47    0
    Ecl45     0    66    67    0     36    43

OUTPUT FORMAT
Reply with exactly one line and nothing else:
ANSWER: <modalities, comma separated, in table column order>
","(qc_lookup[82:197],design_lookup[197:296],db_lookup[296:412])","rgb2, msc1","(depends on: round 2 answer NIL 157; that row is non-zero for fc1, rgb2, msc1, vnir, but vnir was never scheduled and fc1 has nothing left after QC -> rgb2, msc1; ablations: ignoring the schedule gives rgb2, msc1, vnir; ignoring the quality gate gives fc1, rgb2, msc1)"
exp171-chain-0006-hard,5,power_check,"ROUND 5 - TASK (power_check)
For the accession identified in round 2, at the dose identified in round 1: is
that cell replicated well enough to carry a genotype-level claim, and on how
many plants does that verdict rest?

RULES
1. The count that matters is plants remaining after exclusions, not
   the raw count in the store.
2. The floor depends on the claim level and is set by this study's
   replication plan; do not assume a value.
3. Report the verdict and the count behind it.

TOOL OUTPUTS

>>> design_lookup(aspect=""replication_plan"")
    minimum usable plants per claim level in this study.
    claim_level     min_usable_plants
    --------------  -----------------
    genotype-level  8
    panel-level     29

>>> qc_lookup(table=""fc1_values"", select=[""genotype"", ""n_plants_excluded""], where=""flag IN ('empty_mask', 'sentinel')"")
    plants excluded per cell, one column per treatment.
    genotype  t10  t50  t75  t100
    --------  ---  ---  ---  ----
    NIL 157   1    6    2    3
    NIL 272   1    4    0    4
    85        2    1    3    1
    Ecl45     3    0    0    4

>>> db_lookup(table=""fc1_values"", select=[""genotype"", ""n_plants""], group_by=[""genotype"", ""treatment""])
    plants recorded per accession, one column per treatment.
    genotype  t10  t50  t75  t100
    --------  ---  ---  ---  ----
    NIL 157   14   15   8    58
    NIL 272   45   42   20   29
    85        11   15   57   36
    Ecl45     59   10   19   35

OUTPUT FORMAT
Reply with exactly one line and nothing else:
ANSWER: <WELL_REPLICATED or UNDERPOWERED>; <usable plants>
","(design_lookup[107:169],qc_lookup[169:266],db_lookup[266:359])",WELL_REPLICATED; 9,"(depends on: round 2 answer NIL 157 and round 1 answer 50; the store holds 15 plants for that cell, qc_lookup removes 6, and the floor is 8 -> WELL_REPLICATED; 9; ablations: skipping the exclusions gives WELL_REPLICATED; 15; assuming the conventional floor of 10 gives UNDERPOWERED; 9)"
exp171-chain-0006-hard,6,variance_regime,"ROUND 6 - TASK (variance_regime)
Name the cell -- accession and dose -- at which the accession identified in
round 2 first shows round-to-round variance of Fv/Fm_Lss exceeding its
within-round variance.

RULES
1. The two variances come from separate queries; compare them cell by
   cell.
2. A cell built on fewer than 3 imaging rounds is not
   comparable and must be skipped, however its numbers look.
3. Report the first qualifying dose reading left to right, not the
   largest gap, and name the accession alongside it.

TOOL OUTPUTS

>>> schema_lookup(trait=""plant_height_mm"")
    trait dictionary entry.
    trait            modality  table         unit  entity_level
    ---------------  --------  ------------  ----  ------------
    plant_height_mm  s3d       s3d_features  mm    plant

>>> db_lookup(table=""fc1_values"", select=[""genotype"", ""within_round""], where=""trait='Fv/Fm_Lss'"", group_by=[""genotype"", ""treatment""])
    within-round variance, one column per treatment.
    genotype  t0     t10    t50    t100   t500   t1000
    --------  -----  -----  -----  -----  -----  -----
    NIL 157   0.034  0.007  0.015  0.042  0.035  0.059
    NIL 272   0.028  0.043  0.026  0.022  0.053  0.069
    85        0.028  0.040  0.067  0.081  0.093  0.050
    Ecl45     0.035  0.035  0.062  0.031  0.042  0.070

>>> qc_lookup(table=""fc1_values"", select=[""genotype"", ""n_rounds""], where=""trait='Fv/Fm_Lss'"")
    imaging rounds behind each cell, one column per treatment.
    genotype  t0  t10  t50  t100  t500  t1000
    --------  --  ---  ---  ----  ----  -----
    NIL 157   9   2    5    8     9     8
    NIL 272   6   5    7    7     6     8
    85        7   6    8    5     5     6
    Ecl45     5   8    6    4     5     6

>>> db_lookup(table=""fc1_values"", select=[""genotype"", ""round_to_round""], where=""trait='Fv/Fm_Lss'"", group_by=[""genotype"", ""treatment""])
    round-to-round variance, one column per treatment.
    genotype  t0     t10    t50    t100   t500   t1000
    --------  -----  -----  -----  -----  -----  -----
    NIL 157   0.015  0.027  0.037  0.052  0.061  0.075
    NIL 272   0.016  0.027  0.040  0.052  0.063  0.077
    85        0.016  0.026  0.039  0.052  0.063  0.073
    Ecl45     0.015  0.028  0.040  0.051  0.063  0.077

OUTPUT FORMAT
Reply with exactly one line and nothing else:
ANSWER: <accession>@<dose>
","(schema_lookup[111:187],db_lookup[187:367],qc_lookup[367:479],db_lookup[479:661])",NIL 157@50,"(depends on: round 2 answer NIL 157; comparing the two variance tables cell by cell, NIL 157 first crosses at t10, but that cell rests on 2 imaging rounds, under the 3 needed, so the first comparable crossing is t50 -> NIL 157@50; ablations: taking the largest round-to-round value without the within-round table gives NIL 157@1000; ignoring the round counts gives NIL 157@10)"
exp171-chain-0006-hard,7,literature_audit,"ROUND 7 - TASK (literature_audit)
Three published claims are on file. Judge the one that concerns this
experiment's species against the accession identified in round 2, and say
which source you judged.

RULES
1. Exactly one source concerns the species under study here; the others
   are about different species and are not yours to judge.
2. OUT_OF_SCOPE if the source's studied dose range does not overlap
   this experiment's series: the claim cannot be tested here.
3. Otherwise SUPPORTED if the claimed peak matches that accession's own
   measured peak, CONTRADICTED if it does not.
4. Report the verdict and the source.

TOOL OUTPUTS

>>> db_lookup(table=""fc1_values"", select=[""genotype"", ""peak_treatment""], where=""trait='Fv/Fm_Lss'"", group_by=[""genotype""])
    the treatment at which each accession's own Fv/Fm_Lss is highest.
    genotype  peak_treatment
    --------  --------------
    NIL 157   100
    NIL 272   50
    85        50
    Ecl45     10

>>> literature_lookup(species=""Camelina sativa"", property=""hormesis"")
    published peak-dose claims, with the dose range each study covered (mg kg-1).
    source          species               property  claimed_peak  range_studied
    --------------  --------------------  --------  ------------  -------------
    lit:Osorio2022  Brassica napus        hormesis  500           0-1000
    lit:Osorio2023  Arabidopsis thaliana  hormesis  100           0-1000
    lit:Weber2022   Camelina sativa       hormesis  1000          0-1000

>>> design_lookup(aspect=""dose_series"")
    the design levels of this experiment, in order.
    level  treatment
    -----  ---------
    1      0
    2      10
    3      50
    4      100
    5      500
    6      1000

OUTPUT FORMAT
Reply with exactly one line and nothing else:
ANSWER: <SUPPORTED, CONTRADICTED or OUT_OF_SCOPE>; <source id>
","(db_lookup[126:218],literature_lookup[218:358],design_lookup[358:407])",CONTRADICTED; lit:Weber2022,"(depends on: round 2 answer NIL 157; only lit:Weber2022 concerns Camelina sativa; it claims a peak at 1000 mg kg-1 over 0-1000, against a series topping out at 1000 and a measured peak of 100 for that accession -> CONTRADICTED; lit:Weber2022; ablations: judging a source about another species gives CONTRADICTED; lit:Osorio2022; skipping the scope check gives CONTRADICTED; lit:Weber2022)"
exp15-chain-0007-low,1,dose_response_shape,"SESSION
You are analysing experiment 15 at the Hollandale phenotyping facility: a cobalt
(Co) dose series on 6 Arabidopsis thaliana (arabidopsis) accessions at 0, 10, 50,
100, 500 and 1000 mg kg-1, imaged over 28 days in six modalities.

This is a 3-round investigation. Each round gives you the results of the tool
calls it needs, already run; how many there are varies by round. Later rounds
build on what you established earlier and will not repeat it, so keep your own
answers.

TOOLS (results are inlined; you cannot issue new calls)
  db_lookup(table=, select=, where=, group_by=)   the measurement store
  schema_lookup(trait=)                           which modality records a trait, and in what unit
  qc_lookup(table=, select=, where=)              flags, exclusions, usable counts
  design_lookup(aspect=)                          the protocol: dose series, accession panel,
                                                  imaging rounds, replication plan
  literature_lookup(species=, property=)          published claims
  embedding_lookup(space=, query=, k=)            nearest accessions by profile similarity

TERMS
  treatment        the cobalt dose, in mg kg-1
  genotype         the accession label
  Fv/Fm_Lss        photosystem-II efficiency, from the fc1 modality
  area_mm2         leaf area
  n_plants         distinct plants behind a cell
  round_to_round   variance of an accession's per-round means
  within_round     variance between plants inside one imaging round

ROUND 1 - TASK (dose_response_shape)
At which cobalt dose does mean Fv/Fm_Lss peak across the panel?

RULES
1. Judge the curve as a whole, not a single cell.

TOOL OUTPUTS

>>> db_lookup(table=""fc1_values"", select=[""trait"", ""mean_value""], where=""experiment_id=15"", group_by=[""trait"", ""treatment""])
    mean value by trait, one column per treatment (mg kg-1).
    trait      t0     t10    t50    t100   t500   t1000
    ---------  -----  -----  -----  -----  -----  -----
    Fv/Fm_Lss  0.488  0.512  0.532  0.502  0.463  0.416

OUTPUT FORMAT
Reply with exactly one line and nothing else:
ANSWER: <dose in mg kg-1, digits only>
",(db_lookup[303:429]),50,(depends on: -; the plant-level Fv/Fm_Lss row peaks at 0.532 on t50 -> 50; no complications at this tier)
exp15-chain-0007-low,2,transition_sensitivity,"ROUND 2 - TASK (transition_sensitivity)
Starting from the cobalt dose you identified in round 1, which accession
loses the most Fv/Fm_Lss when the dose is raised to the next level of the
design series?

RULES
1. Compare each accession against itself across the two doses.

TOOL OUTPUTS

>>> db_lookup(table=""fc1_values"", select=[""genotype"", ""mean_value""], where=""trait='Fv/Fm_Lss'"", group_by=[""genotype"", ""treatment""])
    mean Fv/Fm_Lss by accession, one column per treatment in the store.
    genotype   t0     t50    t100   t1000
    ---------  -----  -----  -----  -----
    RIL 131    0.555  0.530  0.493  0.476
    Esp20      0.546  0.519  0.493  0.474
    RIL 194    0.528  0.485  0.472  0.455
    MAGIC 304  0.523  0.498  0.305  0.263

OUTPUT FORMAT
Reply with exactly one line and nothing else:
ANSWER: <accession label exactly as it appears in the table>
",(db_lookup[55:206]),MAGIC 304,(depends on: round 1 answer 50; the step is t50->t100; per-accession drop MAGIC 304:+0.193  RIL 131:+0.037  Esp20:+0.026  RIL 194:+0.013 -> MAGIC 304; no complications at this tier)
exp15-chain-0007-low,3,cross_modality_peak,"ROUND 3 - TASK (cross_modality_peak)
For the accession identified in round 2: at which dose does its leaf area
(area_mm2) peak, and does that dose agree with where Fv/Fm_Lss peaked
in round 1?

RULES
1. The verdict is AGREES when the area peak falls on the dose from
   round 1, and DISAGREES otherwise. Report both parts.

TOOL OUTPUTS

>>> db_lookup(table=""features"", select=[""modality"", ""genotype"", ""mean_area_mm2""], where=""trait='area_mm2'"", group_by=[""modality"", ""genotype"", ""treatment""])
    mean area_mm2 by modality and accession, one column per treatment.
    modality  genotype   t50    t100   t500   t1000
    --------  ---------  -----  -----  -----  -----
    rgb2      MAGIC 304  10.98  13.59  22.05  13.16
    rgb2      85         19.13  9.87   8.06   6.75
    rgb2      RIL 194    10.70  14.82  16.36  24.84
    rgb2      RIL 131    10.86  20.11  11.00  10.25

OUTPUT FORMAT
Reply with exactly one line and nothing else:
ANSWER: <dose in mg kg-1, digits only>; <AGREES or DISAGREES>
",(db_lookup[71:238]),500; DISAGREES,(depends on: round 2 answer MAGIC 304 and round 1 answer 50; on the rgb2 row for MAGIC 304 the largest usable cell is t500 -> 500; DISAGREES; no complications at this tier)
exp157-chain-0008-hard,1,dose_response_shape,"SESSION
You are analysing experiment 157 at the Ashfield phenotyping facility: a nickel
(Ni) dose series on 6 Arabidopsis thaliana (arabidopsis) accessions at 0, 25, 50,
100, 250 and 500 mg kg-1, imaged over 28 days in six modalities.

This is a 6-round investigation. Each round gives you the results of the tool
calls it needs, already run; how many there are varies by round. Later rounds
build on what you established earlier and will not repeat it, so keep your own
answers.

TOOLS (results are inlined; you cannot issue new calls)
  db_lookup(table=, select=, where=, group_by=)   the measurement store
  schema_lookup(trait=)                           which modality records a trait, and in what unit
  qc_lookup(table=, select=, where=)              flags, exclusions, usable counts
  design_lookup(aspect=)                          the protocol: dose series, accession panel,
                                                  imaging rounds, replication plan
  literature_lookup(species=, property=)          published claims
  embedding_lookup(space=, query=, k=)            nearest accessions by profile similarity

TERMS
  treatment        the nickel dose, in mg kg-1
  genotype         the accession label
  Fv/Fm_Lss        photosystem-II efficiency, from the fc1 modality
  area_mm2         leaf area
  n_plants         distinct plants behind a cell
  round_to_round   variance of an accession's per-round means
  within_round     variance between plants inside one imaging round

ROUND 1 - TASK (dose_response_shape)
At which nickel dose does mean Fv/Fm_Lss peak across the panel?

RULES
1. Two rows in the store carry a similar trait name. Only the
   plant-level trait is the panel measurement; the dictionary says
   which that is.
2. A treatment cell must clear the usable-plant floor in the quality
   gate before it can be called a peak.
3. Judge the curve as a whole, not a single cell.

TOOL OUTPUTS

>>> db_lookup(table=""fc1_values"", select=[""trait"", ""mean_value""], where=""experiment_id=157"", group_by=[""trait"", ""treatment""])
    mean value by trait, one column per treatment (mg kg-1).
    trait          t0     t25    t50    t100   t250   t500
    -------------  -----  -----  -----  -----  -----  -----
    Fv/Fm_Lss      0.564  0.512  0.519  0.534  0.500  0.484
    avg_Fv/Fm_Lss  0.426  0.465  0.414  0.411  0.568  0.457

>>> qc_lookup(table=""fc1_values"", select=[""treatment"", ""n_plants_usable""], where=""trait='Fv/Fm_Lss'"")
    plants surviving QC per treatment; the floor for a panel claim is 15.
    treatment  n_plants_usable
    ---------  ---------------
    0          11
    25         48
    50         53
    100        48
    250        51
    500        54

>>> schema_lookup(trait=""Fv/Fm_Lss"")
    trait dictionary: where the trait lives and at what entity level.
    trait          modality  table       unit  entity_level
    -------------  --------  ----------  ----  ------------
    Fv/Fm_Lss      fc1       fc1_values  a.u.  plant
    avg_Fv/Fm_Lss  fc1       fc1_values  a.u.  region

>>> design_lookup(aspect=""imaging_rounds"")
    imaging rounds scheduled per modality.
    modality  records                   rounds_scheduled
    --------  ------------------------  ----------------
    fc1       chlorophyll fluorescence  58
    rgb2      top-view RGB              49
    msc1      multispectral             37
    vnir      VNIR hyperspectral        52

OUTPUT FORMAT
Reply with exactly one line and nothing else:
ANSWER: <dose in mg kg-1, digits only>
","(db_lookup[358:509],qc_lookup[509:597],schema_lookup[597:695],design_lookup[695:780])",100,(depends on: -; the plant-level Fv/Fm_Lss row peaks at 0.534 on t100 -> 100; ablations: reading the alias row gives 250; ignoring the quality gate gives 0 on 11 plants)
exp157-chain-0008-hard,2,transition_sensitivity,"ROUND 2 - TASK (transition_sensitivity)
Starting from the nickel dose you identified in round 1, which accession
loses the most Fv/Fm_Lss when the dose is raised to the next level of the
design series?

RULES
1. The store also holds a pilot dose that is not a level of the
   design series. The next level is the next one in the design
   table, which need not be the next column.
2. Only accessions in the core panel can be ranked; observational
   ones are carried for reference.
3. Compare each accession against itself across the two doses.

TOOL OUTPUTS

>>> design_lookup(aspect=""accession_panel"")
    panel membership for this experiment.
    genotype  panel_role
    --------  -------------
    83        core
    ISU 231   core
    84        core
    NIL 131   core
    RIL 161   observational

>>> design_lookup(aspect=""dose_series"")
    the design levels, in order. Doses absent here are pilot cells.
    level  treatment
    -----  ---------
    1      0
    2      25
    3      50
    4      100
    5      250
    6      500

>>> db_lookup(table=""fc1_values"", select=[""genotype"", ""mean_value""], where=""trait='Fv/Fm_Lss'"", group_by=[""genotype"", ""treatment""])
    mean Fv/Fm_Lss by accession, one column per treatment in the store.
    genotype  t25    t100   t175   t250
    --------  -----  -----  -----  -----
    83        0.559  0.553  0.382  0.367
    ISU 231   0.531  0.510  0.473  0.431
    84        0.548  0.505  0.456  0.244
    NIL 131   0.527  0.502  0.496  0.489
    RIL 161   0.523  0.501  0.476  0.183

OUTPUT FORMAT
Reply with exactly one line and nothing else:
ANSWER: <accession label exactly as it appears in the table>
","(design_lookup[113:166],design_lookup[166:219],db_lookup[219:382])",84,"(depends on: round 1 answer 100; the step is t100->t250, not the adjacent column t175 which is a pilot cell; per-accession drop 84:+0.261  83:+0.186  ISU 231:+0.079  NIL 131:+0.013 -> 84; ablations: stepping to the next column instead of the next design level gives 83; ranking without the panel table gives RIL 161, which is observational)"
exp157-chain-0008-hard,3,cross_modality_peak,"ROUND 3 - TASK (cross_modality_peak)
For the accession identified in round 2: at which dose does its leaf area
(area_mm2) peak, and does that dose agree with where Fv/Fm_Lss peaked
in round 1?

RULES
1. More than one modality reports this trait. Use the one the
   dictionary marks primary; the other is a derived estimate.
2. A cell flagged empty_mask carries no usable area and cannot be
   the peak. low_mask_coverage is on nearly every row and is not a
   reason to discard.
3. The verdict is AGREES when the area peak falls on the dose from
   round 1, and DISAGREES otherwise. Report both parts.

TOOL OUTPUTS

>>> db_lookup(table=""features"", select=[""modality"", ""genotype"", ""mean_area_mm2""], where=""trait='area_mm2'"", group_by=[""modality"", ""genotype"", ""treatment""])
    mean area_mm2 by modality and accession, one column per treatment.
    modality  genotype  t0     t25    t100   t500
    --------  --------  -----  -----  -----  -----
    rgb2      84        9.96   19.31  10.65  23.81
    rgb2      RIL 161   9.38   11.87  12.70  21.73
    rgb2      ISU 231   18.27  9.37   7.00   5.75
    rgb2      83        8.35   10.99  20.13  11.08
    vnir      84        5.48   7.18   14.62  7.40
    vnir      RIL 161   8.53   16.31  9.04   8.14
    vnir      ISU 231   6.77   13.89  6.88   5.79
    vnir      83        5.07   7.00   7.95   15.19

>>> schema_lookup(trait=""area_mm2"")
    modalities reporting this trait.
    trait     modality  modality_role       unit  trait_role
    --------  --------  ------------------  ----  ----------
    area_mm2  rgb2      top-view RGB        mm2   primary
    area_mm2  vnir      VNIR hyperspectral  mm2   derived

>>> literature_lookup(species=""Arabidopsis thaliana"", property=""metal hyperaccumulation"")
    published shoot-concentration ranges; no dose-response claim attached.
    source            species               property                 shoot_mg_kg
    ----------------  --------------------  -----------------------  -----------
    lit:Ferreira2020  Arabidopsis thaliana  metal hyperaccumulation  46-636

>>> qc_lookup(table=""rgb2_features"", select=[""genotype"", ""treatment"", ""flag""], where=""flag='empty_mask'"")
    cells voided by empty_mask.
    genotype  treatment  flag
    --------  ---------  ----------
    84        500        empty_mask
    RIL 161   500        empty_mask

OUTPUT FORMAT
Reply with exactly one line and nothing else:
ANSWER: <dose in mg kg-1, digits only>; <AGREES or DISAGREES>
","(db_lookup[126:349],schema_lookup[349:432],literature_lookup[432:548],qc_lookup[548:627])",25; DISAGREES,(depends on: round 2 answer 84 and round 1 answer 100; on the rgb2 row for 84 the largest usable cell is t25 -> 25; DISAGREES; ablations: reading the vnir rows gives 100; AGREES; ignoring empty_mask gives 500; DISAGREES)
exp157-chain-0008-hard,4,modality_coverage,"ROUND 4 - TASK (modality_coverage)
For the accession identified in round 2: which modalities hold usable feature
rows for it in this experiment?

RULES
1. A modality never scheduled for this experiment does not count,
   even if rows for it exist: those were carried over.
2. A modality whose rows are all flagged holds nothing usable.
3. List the modalities in the column order of the store table.

TOOL OUTPUTS

>>> qc_lookup(table=""features"", select=[""genotype"", ""modality"", ""n_usable""], group_by=[""genotype"", ""modality""])
    rows surviving QC, one column per modality.
    genotype  fc1  rgb2  msc1  vnir  swir  s3d
    --------  ---  ----  ----  ----  ----  ---
    84        0    53    64    0     0     23
    RIL 161   0    59    56    31    0     0
    ISU 231   28   63    60    0     18    0
    83        14   64    63    0     0     0

>>> design_lookup(aspect=""imaging_rounds"")
    imaging rounds scheduled per modality for this experiment.
    modality  records                   rounds_scheduled
    --------  ------------------------  ----------------
    fc1       chlorophyll fluorescence  35
    rgb2      top-view RGB              45
    msc1      multispectral             32
    vnir      VNIR hyperspectral        39
    swir      SWIR hyperspectral        55
    s3d       3-D structural scan       0

>>> db_lookup(table=""features"", select=[""genotype"", ""modality"", ""n_rows""], group_by=[""genotype"", ""modality""])
    feature rows per accession, one column per modality.
    genotype  fc1  rgb2  msc1  vnir  swir  s3d
    --------  ---  ----  ----  ----  ----  ---
    84        0    56    65    0     19    24
    RIL 161   0    62    56    34    0     0
    ISU 231   31   63    61    0     21    0
    83        16   65    66    0     0     0

OUTPUT FORMAT
Reply with exactly one line and nothing else:
ANSWER: <modalities, comma separated, in table column order>
","(qc_lookup[82:197],design_lookup[197:296],db_lookup[296:412])","rgb2, msc1","(depends on: round 2 answer 84; that row is non-zero for rgb2, msc1, swir, s3d, but s3d was never scheduled and swir has nothing left after QC -> rgb2, msc1; ablations: ignoring the schedule gives rgb2, msc1, s3d; ignoring the quality gate gives rgb2, msc1, swir)"
exp157-chain-0008-hard,5,power_check,"ROUND 5 - TASK (power_check)
For the accession identified in round 2, at the dose identified in round 1: is
that cell replicated well enough to carry a genotype-level claim, and on how
many plants does that verdict rest?

RULES
1. The count that matters is plants remaining after exclusions, not
   the raw count in the store.
2. The floor depends on the claim level and is set by this study's
   replication plan; do not assume a value.
3. Report the verdict and the count behind it.

TOOL OUTPUTS

>>> db_lookup(table=""fc1_values"", select=[""genotype"", ""n_plants""], group_by=[""genotype"", ""treatment""])
    plants recorded per accession, one column per treatment.
    genotype  t25  t100  t175  t250
    --------  ---  ----  ----  ----
    84        41   18    20    39
    RIL 161   52   47    59    8
    ISU 231   27   14    42    23
    83        29   50    35    6

>>> design_lookup(aspect=""replication_plan"")
    minimum usable plants per claim level in this study.
    claim_level     min_usable_plants
    --------------  -----------------
    genotype-level  18
    panel-level     32

>>> qc_lookup(table=""fc1_values"", select=[""genotype"", ""n_plants_excluded""], where=""flag IN ('empty_mask', 'sentinel')"")
    plants excluded per cell, one column per treatment.
    genotype  t25  t100  t175  t250
    --------  ---  ----  ----  ----
    84        4    5     0     3
    RIL 161   3    4     3     2
    ISU 231   1    3     0     0
    83        4    3     1     0

OUTPUT FORMAT
Reply with exactly one line and nothing else:
ANSWER: <WELL_REPLICATED or UNDERPOWERED>; <usable plants>
","(db_lookup[107:202],design_lookup[202:264],qc_lookup[264:363])",UNDERPOWERED; 13,"(depends on: round 2 answer 84 and round 1 answer 100; the store holds 18 plants for that cell, qc_lookup removes 5, and the floor is 18 -> UNDERPOWERED; 13; ablations: skipping the exclusions gives WELL_REPLICATED; 18; assuming the conventional floor of 10 gives WELL_REPLICATED; 13)"
exp157-chain-0008-hard,6,variance_regime,"ROUND 6 - TASK (variance_regime)
Name the cell -- accession and dose -- at which the accession identified in
round 2 first shows round-to-round variance of Fv/Fm_Lss exceeding its
within-round variance.

RULES
1. The two variances come from separate queries; compare them cell by
   cell.
2. A cell built on fewer than 3 imaging rounds is not
   comparable and must be skipped, however its numbers look.
3. Report the first qualifying dose reading left to right, not the
   largest gap, and name the accession alongside it.

TOOL OUTPUTS

>>> qc_lookup(table=""features"", select=[""flag"", ""n_rows""], group_by=[""flag""])
    flag totals over the whole experiment.
    flag               n_rows
    -----------------  ------
    low_mask_coverage  4141
    empty_mask         32
    sentinel           17

>>> qc_lookup(table=""fc1_values"", select=[""genotype"", ""n_rounds""], where=""trait='Fv/Fm_Lss'"")
    imaging rounds behind each cell, one column per treatment.
    genotype  t0  t25  t50  t100  t250  t500
    --------  --  ---  ---  ----  ----  ----
    84        7   1    8    4     6     8
    RIL 161   5   5    9    5     9     6
    ISU 231   4   7    6    4     5     5
    83        8   4    4    9     9     8

>>> db_lookup(table=""fc1_values"", select=[""genotype"", ""within_round""], where=""trait='Fv/Fm_Lss'"", group_by=[""genotype"", ""treatment""])
    within-round variance, one column per treatment.
    genotype  t0     t25    t50    t100   t250   t500
    --------  -----  -----  -----  -----  -----  -----
    84        0.043  0.006  0.019  0.030  0.048  0.053
    RIL 161   0.025  0.043  0.032  0.024  0.038  0.069
    ISU 231   0.037  0.043  0.053  0.025  0.056  0.069
    83        0.033  0.038  0.055  0.057  0.090  0.053

>>> db_lookup(table=""fc1_values"", select=[""genotype"", ""round_to_round""], where=""trait='Fv/Fm_Lss'"", group_by=[""genotype"", ""treatment""])
    round-to-round variance, one column per treatment.
    genotype  t0     t25    t50    t100   t250   t500
    --------  -----  -----  -----  -----  -----  -----
    84        0.016  0.025  0.040  0.052  0.061  0.073
    RIL 161   0.013  0.029  0.040  0.051  0.062  0.077
    ISU 231   0.014  0.029  0.041  0.052  0.064  0.077
    83        0.017  0.025  0.040  0.051  0.065  0.075

OUTPUT FORMAT
Reply with exactly one line and nothing else:
ANSWER: <accession>@<dose>
","(qc_lookup[111:180],qc_lookup[180:291],db_lookup[291:471],db_lookup[471:653])",84@50,"(depends on: round 2 answer 84; comparing the two variance tables cell by cell, 84 first crosses at t25, but that cell rests on 1 imaging round, under the 3 needed, so the first comparable crossing is t50 -> 84@50; ablations: taking the largest round-to-round value without the within-round table gives 84@500; ignoring the round counts gives 84@25)"
exp115-chain-0009-low,1,dose_response_shape,"SESSION
You are analysing experiment 115 at the Weston phenotyping facility: a zinc (Zn)
dose series on 6 Brassica napus (oilseed rape) accessions at 0, 20, 40, 80, 160
and 320 mg kg-1, imaged over 28 days in six modalities.

This is a 3-round investigation. Each round gives you the results of the tool
calls it needs, already run; how many there are varies by round. Later rounds
build on what you established earlier and will not repeat it, so keep your own
answers.

TOOLS (results are inlined; you cannot issue new calls)
  db_lookup(table=, select=, where=, group_by=)   the measurement store
  schema_lookup(trait=)                           which modality records a trait, and in what unit
  qc_lookup(table=, select=, where=)              flags, exclusions, usable counts
  design_lookup(aspect=)                          the protocol: dose series, accession panel,
                                                  imaging rounds, replication plan
  literature_lookup(species=, property=)          published claims
  embedding_lookup(space=, query=, k=)            nearest accessions by profile similarity

TERMS
  treatment        the zinc dose, in mg kg-1
  genotype         the accession label
  Fv/Fm_Lss        photosystem-II efficiency, from the fc1 modality
  area_mm2         leaf area
  n_plants         distinct plants behind a cell
  round_to_round   variance of an accession's per-round means
  within_round     variance between plants inside one imaging round

ROUND 1 - TASK (dose_response_shape)
At which zinc dose does mean Fv/Fm_Lss peak across the panel?

RULES
1. Two rows in the store carry a similar trait name. Only the
   plant-level trait is the panel measurement; the dictionary says
   which that is.
2. Judge the curve as a whole, not a single cell.

TOOL OUTPUTS

>>> schema_lookup(trait=""Fv/Fm_Lss"")
    trait dictionary: where the trait lives and at what entity level.
    trait          modality  table       unit  entity_level
    -------------  --------  ----------  ----  ------------
    Fv/Fm_Lss      fc1       fc1_values  a.u.  plant
    avg_Fv/Fm_Lss  fc1       fc1_values  a.u.  region

>>> db_lookup(table=""fc1_values"", select=[""trait"", ""mean_value""], where=""experiment_id=115"", group_by=[""trait"", ""treatment""])
    mean value by trait, one column per treatment (mg kg-1).
    trait          t0     t20    t40    t80    t160   t320
    -------------  -----  -----  -----  -----  -----  -----
    Fv/Fm_Lss      0.509  0.508  0.529  0.496  0.474  0.415
    avg_Fv/Fm_Lss  0.433  0.573  0.467  0.384  0.422  0.442

OUTPUT FORMAT
Reply with exactly one line and nothing else:
ANSWER: <dose in mg kg-1, digits only>
","(schema_lookup[335:433],db_lookup[433:584])",40,(depends on: -; the plant-level Fv/Fm_Lss row peaks at 0.529 on t40 -> 40; ablations: reading the alias row gives 20)
exp115-chain-0009-low,2,transition_sensitivity,"ROUND 2 - TASK (transition_sensitivity)
Starting from the zinc dose you identified in round 1, which accession
loses the most Fv/Fm_Lss when the dose is raised to the next level of the
design series?

RULES
1. Compare each accession against itself across the two doses.

TOOL OUTPUTS

>>> db_lookup(table=""fc1_values"", select=[""genotype"", ""mean_value""], where=""trait='Fv/Fm_Lss'"", group_by=[""genotype"", ""treatment""])
    mean Fv/Fm_Lss by accession, one column per treatment in the store.
    genotype   t0     t40    t80    t320
    ---------  -----  -----  -----  -----
    MAGIC 310  0.533  0.489  0.280  0.247
    MAGIC 266  0.542  0.506  0.464  0.429
    50         0.553  0.537  0.519  0.509
    48         0.538  0.515  0.471  0.432

OUTPUT FORMAT
Reply with exactly one line and nothing else:
ANSWER: <accession label exactly as it appears in the table>
",(db_lookup[55:205]),MAGIC 310,(depends on: round 1 answer 40; the step is t40->t80; per-accession drop MAGIC 310:+0.209  48:+0.044  MAGIC 266:+0.042  50:+0.018 -> MAGIC 310; no complications at this tier)
exp115-chain-0009-low,3,cross_modality_peak,"ROUND 3 - TASK (cross_modality_peak)
For the accession identified in round 2: at which dose does its leaf area
(area_mm2) peak, and does that dose agree with where Fv/Fm_Lss peaked
in round 1?

RULES
1. The verdict is AGREES when the area peak falls on the dose from
   round 1, and DISAGREES otherwise. Report both parts.

TOOL OUTPUTS

>>> db_lookup(table=""features"", select=[""modality"", ""genotype"", ""mean_area_mm2""], where=""trait='area_mm2'"", group_by=[""modality"", ""genotype"", ""treatment""])
    mean area_mm2 by modality and accession, one column per treatment.
    modality  genotype   t0     t40    t80
    --------  ---------  -----  -----  -----
    rgb2      MAGIC 310  9.36   18.65  10.19
    rgb2      Ecm13      24.70  15.51  14.11
    rgb2      50         10.88  13.47  22.28
    rgb2      48         23.39  14.63  12.49

OUTPUT FORMAT
Reply with exactly one line and nothing else:
ANSWER: <dose in mg kg-1, digits only>; <AGREES or DISAGREES>
",(db_lookup[71:218]),40; AGREES,(depends on: round 2 answer MAGIC 310 and round 1 answer 40; on the rgb2 row for MAGIC 310 the largest usable cell is t40 -> 40; AGREES; no complications at this tier)
exp64-chain-0010-medium,1,dose_response_shape,"SESSION
You are analysing experiment 64 at the Norwood phenotyping facility: a zinc (Zn)
dose series on 6 Camelina sativa (camelina) accessions at 0, 20, 40, 80, 160 and
320 mg kg-1, imaged over 28 days in six modalities.

This is a 4-round investigation. Each round gives you the results of the tool
calls it needs, already run; how many there are varies by round. Later rounds
build on what you established earlier and will not repeat it, so keep your own
answers.

TOOLS (results are inlined; you cannot issue new calls)
  db_lookup(table=, select=, where=, group_by=)   the measurement store
  schema_lookup(trait=)                           which modality records a trait, and in what unit
  qc_lookup(table=, select=, where=)              flags, exclusions, usable counts
  design_lookup(aspect=)                          the protocol: dose series, accession panel,
                                                  imaging rounds, replication plan
  literature_lookup(species=, property=)          published claims
  embedding_lookup(space=, query=, k=)            nearest accessions by profile similarity

TERMS
  treatment        the zinc dose, in mg kg-1
  genotype         the accession label
  Fv/Fm_Lss        photosystem-II efficiency, from the fc1 modality
  area_mm2         leaf area
  n_plants         distinct plants behind a cell
  round_to_round   variance of an accession's per-round means
  within_round     variance between plants inside one imaging round

ROUND 1 - TASK (dose_response_shape)
At which zinc dose does mean Fv/Fm_Lss peak across the panel?

RULES
1. Two rows in the store carry a similar trait name. Only the
   plant-level trait is the panel measurement; the dictionary says
   which that is.
2. A treatment cell must clear the usable-plant floor in the quality
   gate before it can be called a peak.
3. Judge the curve as a whole, not a single cell.

TOOL OUTPUTS

>>> schema_lookup(trait=""Fv/Fm_Lss"")
    trait dictionary: where the trait lives and at what entity level.
    trait          modality  table       unit  entity_level
    -------------  --------  ----------  ----  ------------
    Fv/Fm_Lss      fc1       fc1_values  a.u.  plant
    avg_Fv/Fm_Lss  fc1       fc1_values  a.u.  region

>>> db_lookup(table=""fc1_values"", select=[""trait"", ""mean_value""], where=""experiment_id=64"", group_by=[""trait"", ""treatment""])
    mean value by trait, one column per treatment (mg kg-1).
    trait          t0     t20    t40    t80    t160   t320
    -------------  -----  -----  -----  -----  -----  -----
    Fv/Fm_Lss      0.496  0.498  0.519  0.543  0.449  0.402
    avg_Fv/Fm_Lss  0.579  0.443  0.450  0.386  0.411  0.453

>>> qc_lookup(table=""fc1_values"", select=[""treatment"", ""n_plants_usable""], where=""trait='Fv/Fm_Lss'"")
    plants surviving QC per treatment; the floor for a panel claim is 12.
    treatment  n_plants_usable
    ---------  ---------------
    0          57
    20         60
    40         57
    80         3
    160        56
    320        53

OUTPUT FORMAT
Reply with exactly one line and nothing else:
ANSWER: <dose in mg kg-1, digits only>
","(schema_lookup[358:456],db_lookup[456:607],qc_lookup[607:695])",40,(depends on: -; the plant-level Fv/Fm_Lss row peaks at 0.519 on t40 -> 40; ablations: reading the alias row gives 0; ignoring the quality gate gives 80 on 3 plants)
exp64-chain-0010-medium,2,transition_sensitivity,"ROUND 2 - TASK (transition_sensitivity)
Starting from the zinc dose you identified in round 1, which accession
loses the most Fv/Fm_Lss when the dose is raised to the next level of the
design series?

RULES
1. Only accessions in the core panel can be ranked; observational
   ones are carried for reference.
2. Compare each accession against itself across the two doses.

TOOL OUTPUTS

>>> design_lookup(aspect=""accession_panel"")
    panel membership for this experiment.
    genotype   panel_role
    ---------  -------------
    NIL 343    core
    MAGIC 139  core
    Ecm21      core
    RIL 356    observational
    75         core

>>> db_lookup(table=""fc1_values"", select=[""genotype"", ""mean_value""], where=""trait='Fv/Fm_Lss'"", group_by=[""genotype"", ""treatment""])
    mean Fv/Fm_Lss by accession, one column per treatment in the store.
    genotype   t0     t40    t80    t320
    ---------  -----  -----  -----  -----
    NIL 343    0.530  0.513  0.485  0.449
    MAGIC 139  0.539  0.519  0.478  0.470
    Ecm21      0.528  0.488  0.285  0.251
    RIL 356    0.560  0.525  0.230  0.216
    75         0.556  0.515  0.476  0.464

OUTPUT FORMAT
Reply with exactly one line and nothing else:
ANSWER: <accession label exactly as it appears in the table>
","(design_lookup[74:128],db_lookup[128:292])",Ecm21,"(depends on: round 1 answer 40; the step is t40->t80; per-accession drop Ecm21:+0.203  MAGIC 139:+0.041  75:+0.039  NIL 343:+0.028 -> Ecm21; ablations: ranking without the panel table gives RIL 356, which is observational)"
exp64-chain-0010-medium,3,cross_modality_peak,"ROUND 3 - TASK (cross_modality_peak)
For the accession identified in round 2: at which dose does its leaf area
(area_mm2) peak, and does that dose agree with where Fv/Fm_Lss peaked
in round 1?

RULES
1. More than one modality reports this trait. Use the one the
   dictionary marks primary; the other is a derived estimate.
2. A cell flagged empty_mask carries no usable area and cannot be
   the peak. low_mask_coverage is on nearly every row and is not a
   reason to discard.
3. The verdict is AGREES when the area peak falls on the dose from
   round 1, and DISAGREES otherwise. Report both parts.

TOOL OUTPUTS

>>> schema_lookup(trait=""area_mm2"")
    modalities reporting this trait.
    trait     modality  modality_role       unit  trait_role
    --------  --------  ------------------  ----  ----------
    area_mm2  rgb2      top-view RGB        mm2   primary
    area_mm2  swir      SWIR hyperspectral  mm2   derived

>>> db_lookup(table=""features"", select=[""modality"", ""genotype"", ""mean_area_mm2""], where=""trait='area_mm2'"", group_by=[""modality"", ""genotype"", ""treatment""])
    mean area_mm2 by modality and accession, one column per treatment.
    modality  genotype   t0     t40    t320
    --------  ---------  -----  -----  -----
    rgb2      Ecm21      22.67  13.36  27.17
    rgb2      RIL 356    9.37   18.71  10.25
    rgb2      MAGIC 139  10.62  12.53  21.50
    rgb2      75         14.38  22.81  13.91
    swir      Ecm21      9.50   16.97  9.54
    swir      RIL 356    5.26   6.82   14.20
    swir      MAGIC 139  16.15  8.42   7.96
    swir      75         8.38   9.95   17.07

>>> qc_lookup(table=""rgb2_features"", select=[""genotype"", ""treatment"", ""flag""], where=""flag='empty_mask'"")
    cells voided by empty_mask.
    genotype  treatment  flag
    --------  ---------  ----------
    Ecm21     320        empty_mask
    RIL 356   0          empty_mask

OUTPUT FORMAT
Reply with exactly one line and nothing else:
ANSWER: <dose in mg kg-1, digits only>; <AGREES or DISAGREES>
","(schema_lookup[126:209],db_lookup[209:403],qc_lookup[403:482])",0; DISAGREES,(depends on: round 2 answer Ecm21 and round 1 answer 40; on the rgb2 row for Ecm21 the largest usable cell is t0 -> 0; DISAGREES; ablations: reading the swir rows gives 40; AGREES; ignoring empty_mask gives 320; DISAGREES)
exp64-chain-0010-medium,4,modality_coverage,"ROUND 4 - TASK (modality_coverage)
For the accession identified in round 2: which modalities hold usable feature
rows for it in this experiment?

RULES
1. A modality never scheduled for this experiment does not count,
   even if rows for it exist: those were carried over.
2. List the modalities in the column order of the store table.

TOOL OUTPUTS

>>> db_lookup(table=""features"", select=[""genotype"", ""modality"", ""n_rows""], group_by=[""genotype"", ""modality""])
    feature rows per accession, one column per modality.
    genotype   fc1  rgb2  msc1  vnir  swir  s3d
    ---------  ---  ----  ----  ----  ----  ---
    Ecm21      24   57    58    0     40    15
    RIL 356    38   59    57    0     20    0
    MAGIC 139  25   66    64    0     0     0
    75         0    61    61    0     15    0

>>> design_lookup(aspect=""imaging_rounds"")
    imaging rounds scheduled per modality for this experiment.
    modality  records                   rounds_scheduled
    --------  ------------------------  ----------------
    fc1       chlorophyll fluorescence  41
    rgb2      top-view RGB              64
    msc1      multispectral             54
    vnir      VNIR hyperspectral        59
    swir      SWIR hyperspectral        63
    s3d       3-D structural scan       0

OUTPUT FORMAT
Reply with exactly one line and nothing else:
ANSWER: <modalities, comma separated, in table column order>
","(db_lookup[69:186],design_lookup[186:285])","fc1, rgb2, msc1, swir","(depends on: round 2 answer Ecm21; that row is non-zero for fc1, rgb2, msc1, swir, s3d, but s3d was never scheduled -> fc1, rgb2, msc1, swir; ablations: ignoring the schedule gives fc1, rgb2, msc1, swir, s3d)"
exp109-chain-0011-hard,1,dose_response_shape,"SESSION
You are analysing experiment 109 at the Ashfield phenotyping facility: a copper
(Cu) dose series on 6 Thlaspi arvense (pennycress) accessions at 0, 20, 40, 80,
160 and 320 mg kg-1, imaged over 28 days in six modalities.

This is a 6-round investigation. Each round gives you the results of the tool
calls it needs, already run; how many there are varies by round. Later rounds
build on what you established earlier and will not repeat it, so keep your own
answers.

TOOLS (results are inlined; you cannot issue new calls)
  db_lookup(table=, select=, where=, group_by=)   the measurement store
  schema_lookup(trait=)                           which modality records a trait, and in what unit
  qc_lookup(table=, select=, where=)              flags, exclusions, usable counts
  design_lookup(aspect=)                          the protocol: dose series, accession panel,
                                                  imaging rounds, replication plan
  literature_lookup(species=, property=)          published claims
  embedding_lookup(space=, query=, k=)            nearest accessions by profile similarity

TERMS
  treatment        the copper dose, in mg kg-1
  genotype         the accession label
  Fv/Fm_Lss        photosystem-II efficiency, from the fc1 modality
  area_mm2         leaf area
  n_plants         distinct plants behind a cell
  round_to_round   variance of an accession's per-round means
  within_round     variance between plants inside one imaging round

ROUND 1 - TASK (dose_response_shape)
At which copper dose does mean Fv/Fm_Lss peak across the panel?

RULES
1. Two rows in the store carry a similar trait name. Only the
   plant-level trait is the panel measurement; the dictionary says
   which that is.
2. A treatment cell must clear the usable-plant floor in the quality
   gate before it can be called a peak.
3. Judge the curve as a whole, not a single cell.

TOOL OUTPUTS

>>> qc_lookup(table=""fc1_values"", select=[""treatment"", ""n_plants_usable""], where=""trait='Fv/Fm_Lss'"")
    plants surviving QC per treatment; the floor for a panel claim is 12.
    treatment  n_plants_usable
    ---------  ---------------
    0          58
    20         53
    40         57
    80         60
    160        6
    320        59

>>> schema_lookup(trait=""Fv/Fm_Lss"")
    trait dictionary: where the trait lives and at what entity level.
    trait          modality  table       unit  entity_level
    -------------  --------  ----------  ----  ------------
    Fv/Fm_Lss      fc1       fc1_values  a.u.  plant
    avg_Fv/Fm_Lss  fc1       fc1_values  a.u.  region

>>> db_lookup(table=""fc1_values"", select=[""trait"", ""mean_value""], where=""experiment_id=109"", group_by=[""trait"", ""treatment""])
    mean value by trait, one column per treatment (mg kg-1).
    trait          t0     t20    t40    t80    t160   t320
    -------------  -----  -----  -----  -----  -----  -----
    Fv/Fm_Lss      0.492  0.516  0.529  0.490  0.546  0.417
    avg_Fv/Fm_Lss  0.580  0.390  0.461  0.414  0.467  0.441

OUTPUT FORMAT
Reply with exactly one line and nothing else:
ANSWER: <dose in mg kg-1, digits only>
","(qc_lookup[358:446],schema_lookup[446:544],db_lookup[544:695])",40,(depends on: -; the plant-level Fv/Fm_Lss row peaks at 0.529 on t40 -> 40; ablations: reading the alias row gives 0; ignoring the quality gate gives 160 on 6 plants)
exp109-chain-0011-hard,2,transition_sensitivity,"ROUND 2 - TASK (transition_sensitivity)
Starting from the copper dose you identified in round 1, which accession
loses the most Fv/Fm_Lss when the dose is raised to the next level of the
design series?

RULES
1. The store also holds a pilot dose that is not a level of the
   design series. The next level is the next one in the design
   table, which need not be the next column.
2. Only accessions in the core panel can be ranked; observational
   ones are carried for reference.
3. Compare each accession against itself across the two doses.

TOOL OUTPUTS

>>> db_lookup(table=""fc1_values"", select=[""genotype"", ""mean_value""], where=""trait='Fv/Fm_Lss'"", group_by=[""genotype"", ""treatment""])
    mean Fv/Fm_Lss by accession, one column per treatment in the store.
    genotype   t20    t40    t60    t80
    ---------  -----  -----  -----  -----
    67         0.532  0.502  0.493  0.464
    NIL 368    0.553  0.544  0.387  0.381
    RIL 395    0.553  0.519  0.508  0.500
    MAGIC 414  0.525  0.486  0.437  0.246
    59         0.556  0.542  0.527  0.213

>>> design_lookup(aspect=""accession_panel"")
    panel membership for this experiment.
    genotype   panel_role
    ---------  -------------
    67         core
    NIL 368    core
    RIL 395    core
    MAGIC 414  core
    59         observational

>>> design_lookup(aspect=""dose_series"")
    the design levels, in order. Doses absent here are pilot cells.
    level  treatment
    -----  ---------
    1      0
    2      20
    3      40
    4      80
    5      160
    6      320

>>> literature_lookup(species=""Thlaspi arvense"", property=""metal hyperaccumulation"")
    published shoot-concentration ranges; no dose-response claim attached.
    source            species          property                 shoot_mg_kg
    ----------------  ---------------  -----------------------  -----------
    lit:Ferreira2020  Thlaspi arvense  metal hyperaccumulation  44-269

OUTPUT FORMAT
Reply with exactly one line and nothing else:
ANSWER: <accession label exactly as it appears in the table>
","(db_lookup[113:277],design_lookup[277:331],design_lookup[331:384],literature_lookup[384:495])",MAGIC 414,"(depends on: round 1 answer 40; the step is t40->t80, not the adjacent column t60 which is a pilot cell; per-accession drop MAGIC 414:+0.240  NIL 368:+0.163  67:+0.038  RIL 395:+0.019 -> MAGIC 414; ablations: stepping to the next column instead of the next design level gives NIL 368; ranking without the panel table gives 59, which is observational)"
exp109-chain-0011-hard,3,cross_modality_peak,"ROUND 3 - TASK (cross_modality_peak)
For the accession identified in round 2: at which dose does its leaf area
(area_mm2) peak, and does that dose agree with where Fv/Fm_Lss peaked
in round 1?

RULES
1. More than one modality reports this trait. Use the one the
   dictionary marks primary; the other is a derived estimate.
2. A cell flagged empty_mask carries no usable area and cannot be
   the peak. low_mask_coverage is on nearly every row and is not a
   reason to discard.
3. The verdict is AGREES when the area peak falls on the dose from
   round 1, and DISAGREES otherwise. Report both parts.

TOOL OUTPUTS

>>> qc_lookup(table=""rgb2_features"", select=[""genotype"", ""treatment"", ""flag""], where=""flag='empty_mask'"")
    cells voided by empty_mask.
    genotype   treatment  flag
    ---------  ---------  ----------
    MAGIC 414  80         empty_mask
    59         160        empty_mask

>>> db_lookup(table=""features"", select=[""modality"", ""genotype"", ""mean_area_mm2""], where=""trait='area_mm2'"", group_by=[""modality"", ""genotype"", ""treatment""])
    mean area_mm2 by modality and accession, one column per treatment.
    modality  genotype   t0     t40    t80    t160
    --------  ---------  -----  -----  -----  -----
    rgb2      MAGIC 414  9.83   11.71  26.53  22.03
    rgb2      59         13.85  22.56  13.25  11.49
    rgb2      NIL 368    9.73   11.69  20.14  11.50
    rgb2      RIL 395    18.31  9.40   8.24   5.58
    swir      MAGIC 414  7.24   9.30   16.52  8.99
    swir      59         8.54   9.24   16.90  9.70
    swir      NIL 368    7.98   15.20  7.80   7.06
    swir      RIL 395    3.72   5.72   6.39   13.92

>>> schema_lookup(trait=""area_mm2"")
    modalities reporting this trait.
    trait     modality  modality_role       unit  trait_role
    --------  --------  ------------------  ----  ----------
    area_mm2  rgb2      top-view RGB        mm2   primary
    area_mm2  swir      SWIR hyperspectral  mm2   derived

OUTPUT FORMAT
Reply with exactly one line and nothing else:
ANSWER: <dose in mg kg-1, digits only>; <AGREES or DISAGREES>
","(qc_lookup[126:206],db_lookup[206:432],schema_lookup[432:515])",160; DISAGREES,(depends on: round 2 answer MAGIC 414 and round 1 answer 40; on the rgb2 row for MAGIC 414 the largest usable cell is t160 -> 160; DISAGREES; ablations: reading the swir rows gives 80; DISAGREES; ignoring empty_mask gives 80; DISAGREES)
exp109-chain-0011-hard,4,modality_coverage,"ROUND 4 - TASK (modality_coverage)
For the accession identified in round 2: which modalities hold usable feature
rows for it in this experiment?

RULES
1. A modality never scheduled for this experiment does not count,
   even if rows for it exist: those were carried over.
2. A modality whose rows are all flagged holds nothing usable.
3. List the modalities in the column order of the store table.

TOOL OUTPUTS

>>> qc_lookup(table=""features"", select=[""genotype"", ""modality"", ""n_usable""], group_by=[""genotype"", ""modality""])
    rows surviving QC, one column per modality.
    genotype   fc1  rgb2  msc1  vnir  swir  s3d
    ---------  ---  ----  ----  ----  ----  ---
    MAGIC 414  0    55    65    18    14    0
    59         0    59    62    0     0     48
    NIL 368    23   64    63    0     0     17
    RIL 395    0    66    63    0     0     15

>>> db_lookup(table=""features"", select=[""genotype"", ""modality"", ""n_rows""], group_by=[""genotype"", ""modality""])
    feature rows per accession, one column per modality.
    genotype   fc1  rgb2  msc1  vnir  swir  s3d
    ---------  ---  ----  ----  ----  ----  ---
    MAGIC 414  39   58    67    19    17    0
    59         0    59    64    0     0     48
    NIL 368    24   67    66    0     0     19
    RIL 395    0    67    65    0     0     17

>>> design_lookup(aspect=""imaging_rounds"")
    imaging rounds scheduled per modality for this experiment.
    modality  records                   rounds_scheduled
    --------  ------------------------  ----------------
    fc1       chlorophyll fluorescence  45
    rgb2      top-view RGB              54
    msc1      multispectral             52
    vnir      VNIR hyperspectral        42
    swir      SWIR hyperspectral        0
    s3d       3-D structural scan       42

OUTPUT FORMAT
Reply with exactly one line and nothing else:
ANSWER: <modalities, comma separated, in table column order>
","(qc_lookup[82:199],db_lookup[199:317],design_lookup[317:416])","rgb2, msc1, vnir","(depends on: round 2 answer MAGIC 414; that row is non-zero for fc1, rgb2, msc1, vnir, swir, but swir was never scheduled and fc1 has nothing left after QC -> rgb2, msc1, vnir; ablations: ignoring the schedule gives rgb2, msc1, vnir, swir; ignoring the quality gate gives fc1, rgb2, msc1, vnir)"
exp109-chain-0011-hard,5,power_check,"ROUND 5 - TASK (power_check)
For the accession identified in round 2, at the dose identified in round 1: is
that cell replicated well enough to carry a genotype-level claim, and on how
many plants does that verdict rest?

RULES
1. The count that matters is plants remaining after exclusions, not
   the raw count in the store.
2. The floor depends on the claim level and is set by this study's
   replication plan; do not assume a value.
3. Report the verdict and the count behind it.

TOOL OUTPUTS

>>> design_lookup(aspect=""replication_plan"")
    minimum usable plants per claim level in this study.
    claim_level     min_usable_plants
    --------------  -----------------
    genotype-level  7
    panel-level     24

>>> qc_lookup(table=""fc1_values"", select=[""genotype"", ""n_plants_excluded""], where=""flag IN ('empty_mask', 'sentinel')"")
    plants excluded per cell, one column per treatment.
    genotype   t20  t40  t60  t80
    ---------  ---  ---  ---  ---
    MAGIC 414  0    4    2    2
    59         1    2    3    2
    NIL 368    3    2    2    2
    RIL 395    1    3    2    0

>>> db_lookup(table=""fc1_values"", select=[""genotype"", ""n_plants""], group_by=[""genotype"", ""treatment""])
    plants recorded per accession, one column per treatment.
    genotype   t20  t40  t60  t80
    ---------  ---  ---  ---  ---
    MAGIC 414  20   11   19   37
    59         50   35   33   28
    NIL 368    42   23   11   22
    RIL 395    46   12   57   52

OUTPUT FORMAT
Reply with exactly one line and nothing else:
ANSWER: <WELL_REPLICATED or UNDERPOWERED>; <usable plants>
","(design_lookup[107:169],qc_lookup[169:267],db_lookup[267:361])",WELL_REPLICATED; 7,"(depends on: round 2 answer MAGIC 414 and round 1 answer 40; the store holds 11 plants for that cell, qc_lookup removes 4, and the floor is 7 -> WELL_REPLICATED; 7; ablations: skipping the exclusions gives WELL_REPLICATED; 11; assuming the conventional floor of 10 gives UNDERPOWERED; 7)"
exp109-chain-0011-hard,6,variance_regime,"ROUND 6 - TASK (variance_regime)
Name the cell -- accession and dose -- at which the accession identified in
round 2 first shows round-to-round variance of Fv/Fm_Lss exceeding its
within-round variance.

RULES
1. The two variances come from separate queries; compare them cell by
   cell.
2. A cell built on fewer than 3 imaging rounds is not
   comparable and must be skipped, however its numbers look.
3. Report the first qualifying dose reading left to right, not the
   largest gap, and name the accession alongside it.

TOOL OUTPUTS

>>> db_lookup(table=""fc1_values"", select=[""genotype"", ""within_round""], where=""trait='Fv/Fm_Lss'"", group_by=[""genotype"", ""treatment""])
    within-round variance, one column per treatment.
    genotype   t0     t20    t40    t80    t160   t320
    ---------  -----  -----  -----  -----  -----  -----
    MAGIC 414  0.029  0.044  0.058  0.038  0.054  0.053
    59         0.022  0.056  0.012  0.027  0.050  0.054
    NIL 368    0.029  0.054  0.056  0.071  0.052  0.045
    RIL 395    0.037  0.039  0.045  0.058  0.078  0.060

>>> qc_lookup(table=""fc1_values"", select=[""genotype"", ""n_rounds""], where=""trait='Fv/Fm_Lss'"")
    imaging rounds behind each cell, one column per treatment.
    genotype   t0  t20  t40  t80  t160  t320
    ---------  --  ---  ---  ---  ----  ----
    MAGIC 414  9   4    4    1    4     5
    59         5   4    7    5    7     4
    NIL 368    8   8    4    7    7     9
    RIL 395    8   4    6    5    7     6

>>> embedding_lookup(space=""spectral_signature"", query=""panel"", k=2)
    nearest accessions by mean spectral signature.
    genotype   neighbour_1
    ---------  ---------------
    59         RIL 395 (0.635)
    NIL 368    Esp50 (0.750)
    MAGIC 414  59 (0.770)

>>> db_lookup(table=""fc1_values"", select=[""genotype"", ""round_to_round""], where=""trait='Fv/Fm_Lss'"", group_by=[""genotype"", ""treatment""])
    round-to-round variance, one column per treatment.
    genotype   t0     t20    t40    t80    t160   t320
    ---------  -----  -----  -----  -----  -----  -----
    MAGIC 414  0.015  0.028  0.037  0.052  0.064  0.076
    59         0.014  0.026  0.041  0.052  0.063  0.074
    NIL 368    0.016  0.027  0.039  0.050  0.062  0.074
    RIL 395    0.017  0.026  0.038  0.050  0.064  0.075

OUTPUT FORMAT
Reply with exactly one line and nothing else:
ANSWER: <accession>@<dose>
","(db_lookup[111:293],qc_lookup[293:405],embedding_lookup[405:483],db_lookup[483:667])",MAGIC 414@160,"(depends on: round 2 answer MAGIC 414; comparing the two variance tables cell by cell, MAGIC 414 first crosses at t80, but that cell rests on 1 imaging round, under the 3 needed, so the first comparable crossing is t160 -> MAGIC 414@160; ablations: taking the largest round-to-round value without the within-round table gives MAGIC 414@320; ignoring the round counts gives MAGIC 414@80)"
exp33-chain-0012-hard,1,dose_response_shape,"SESSION
You are analysing experiment 33 at the Weston phenotyping facility: a copper (Cu)
dose series on 6 Thlaspi arvense (pennycress) accessions at 0, 20, 40, 80, 160 and
320 mg kg-1, imaged over 28 days in six modalities.

This is a 6-round investigation. Each round gives you the results of the tool
calls it needs, already run; how many there are varies by round. Later rounds
build on what you established earlier and will not repeat it, so keep your own
answers.

TOOLS (results are inlined; you cannot issue new calls)
  db_lookup(table=, select=, where=, group_by=)   the measurement store
  schema_lookup(trait=)                           which modality records a trait, and in what unit
  qc_lookup(table=, select=, where=)              flags, exclusions, usable counts
  design_lookup(aspect=)                          the protocol: dose series, accession panel,
                                                  imaging rounds, replication plan
  literature_lookup(species=, property=)          published claims
  embedding_lookup(space=, query=, k=)            nearest accessions by profile similarity

TERMS
  treatment        the copper dose, in mg kg-1
  genotype         the accession label
  Fv/Fm_Lss        photosystem-II efficiency, from the fc1 modality
  area_mm2         leaf area
  n_plants         distinct plants behind a cell
  round_to_round   variance of an accession's per-round means
  within_round     variance between plants inside one imaging round

ROUND 1 - TASK (dose_response_shape)
At which copper dose does mean Fv/Fm_Lss peak across the panel?

RULES
1. Two rows in the store carry a similar trait name. Only the
   plant-level trait is the panel measurement; the dictionary says
   which that is.
2. A treatment cell must clear the usable-plant floor in the quality
   gate before it can be called a peak.
3. Judge the curve as a whole, not a single cell.

TOOL OUTPUTS

>>> schema_lookup(trait=""Fv/Fm_Lss"")
    trait dictionary: where the trait lives and at what entity level.
    trait          modality  table       unit  entity_level
    -------------  --------  ----------  ----  ------------
    Fv/Fm_Lss      fc1       fc1_values  a.u.  plant
    avg_Fv/Fm_Lss  fc1       fc1_values  a.u.  region

>>> qc_lookup(table=""fc1_values"", select=[""treatment"", ""n_plants_usable""], where=""trait='Fv/Fm_Lss'"")
    plants surviving QC per treatment; the floor for a panel claim is 12.
    treatment  n_plants_usable
    ---------  ---------------
    0          60
    20         54
    40         56
    80         58
    160        48
    320        7

>>> db_lookup(table=""fc1_values"", select=[""trait"", ""mean_value""], where=""experiment_id=33"", group_by=[""trait"", ""treatment""])
    mean value by trait, one column per treatment (mg kg-1).
    trait          t0     t20    t40    t80    t160   t320
    -------------  -----  -----  -----  -----  -----  -----
    Fv/Fm_Lss      0.482  0.496  0.497  0.517  0.491  0.535
    avg_Fv/Fm_Lss  0.571  0.443  0.386  0.433  0.435  0.395

OUTPUT FORMAT
Reply with exactly one line and nothing else:
ANSWER: <dose in mg kg-1, digits only>
","(schema_lookup[358:456],qc_lookup[456:544],db_lookup[544:695])",80,(depends on: -; the plant-level Fv/Fm_Lss row peaks at 0.517 on t80 -> 80; ablations: reading the alias row gives 0; ignoring the quality gate gives 320 on 7 plants)
exp33-chain-0012-hard,2,transition_sensitivity,"ROUND 2 - TASK (transition_sensitivity)
Starting from the copper dose you identified in round 1, which accession
loses the most Fv/Fm_Lss when the dose is raised to the next level of the
design series?

RULES
1. The store also holds a pilot dose that is not a level of the
   design series. The next level is the next one in the design
   table, which need not be the next column.
2. Only accessions in the core panel can be ranked; observational
   ones are carried for reference.
3. Compare each accession against itself across the two doses.

TOOL OUTPUTS

>>> db_lookup(table=""fc1_values"", select=[""genotype"", ""mean_value""], where=""trait='Fv/Fm_Lss'"", group_by=[""genotype"", ""treatment""])
    mean Fv/Fm_Lss by accession, one column per treatment in the store.
    genotype   t0     t80    t120   t160
    ---------  -----  -----  -----  -----
    97         0.537  0.522  0.484  0.440
    62         0.535  0.493  0.471  0.155
    MAGIC 227  0.525  0.485  0.466  0.421
    RIL 304    0.550  0.508  0.358  0.340
    Ecm43      0.520  0.503  0.470  0.267

>>> embedding_lookup(space=""spectral_signature"", query=""panel"", k=2)
    nearest accessions by mean spectral signature.
    genotype   neighbour_1
    ---------  ---------------
    62         NIL 220 (0.883)
    MAGIC 227  NIL 220 (0.875)
    Ecm43      97 (0.709)

>>> design_lookup(aspect=""dose_series"")
    the design levels, in order. Doses absent here are pilot cells.
    level  treatment
    -----  ---------
    1      0
    2      20
    3      40
    4      80
    5      160
    6      320

>>> design_lookup(aspect=""accession_panel"")
    panel membership for this experiment.
    genotype   panel_role
    ---------  -------------
    97         core
    62         observational
    MAGIC 227  core
    RIL 304    core
    Ecm43      core

OUTPUT FORMAT
Reply with exactly one line and nothing else:
ANSWER: <accession label exactly as it appears in the table>
","(db_lookup[113:276],embedding_lookup[276:354],design_lookup[354:407],design_lookup[407:460])",Ecm43,"(depends on: round 1 answer 80; the step is t80->t160, not the adjacent column t120 which is a pilot cell; per-accession drop Ecm43:+0.236  RIL 304:+0.168  97:+0.082  MAGIC 227:+0.064 -> Ecm43; ablations: stepping to the next column instead of the next design level gives RIL 304; ranking without the panel table gives 62, which is observational)"
exp33-chain-0012-hard,3,cross_modality_peak,"ROUND 3 - TASK (cross_modality_peak)
For the accession identified in round 2: at which dose does its leaf area
(area_mm2) peak, and does that dose agree with where Fv/Fm_Lss peaked
in round 1?

RULES
1. More than one modality reports this trait. Use the one the
   dictionary marks primary; the other is a derived estimate.
2. A cell flagged empty_mask carries no usable area and cannot be
   the peak. low_mask_coverage is on nearly every row and is not a
   reason to discard.
3. The verdict is AGREES when the area peak falls on the dose from
   round 1, and DISAGREES otherwise. Report both parts.

TOOL OUTPUTS

>>> schema_lookup(trait=""area_mm2"")
    modalities reporting this trait.
    trait     modality  modality_role       unit  trait_role
    --------  --------  ------------------  ----  ----------
    area_mm2  rgb2      top-view RGB        mm2   primary
    area_mm2  vnir      VNIR hyperspectral  mm2   derived

>>> db_lookup(table=""features"", select=[""modality"", ""genotype"", ""mean_area_mm2""], where=""trait='area_mm2'"", group_by=[""modality"", ""genotype"", ""treatment""])
    mean area_mm2 by modality and accession, one column per treatment.
    modality  genotype   t0     t80    t160   t320
    --------  ---------  -----  -----  -----  -----
    rgb2      Ecm43      13.92  23.11  27.61  13.20
    rgb2      62         20.73  11.84  9.97   6.75
    rgb2      MAGIC 227  10.17  11.46  20.76  11.47
    rgb2      97         6.97   7.71   9.78   18.96
    vnir      Ecm43      7.64   8.81   10.00  17.28
    vnir      62         8.06   15.61  8.24   7.35
    vnir      MAGIC 227  15.63  8.07   6.20   6.33
    vnir      97         14.37  7.11   5.69   4.49

>>> qc_lookup(table=""rgb2_features"", select=[""genotype"", ""treatment"", ""flag""], where=""flag='empty_mask'"")
    cells voided by empty_mask.
    genotype  treatment  flag
    --------  ---------  ----------
    Ecm43     160        empty_mask
    62        320        empty_mask

OUTPUT FORMAT
Reply with exactly one line and nothing else:
ANSWER: <dose in mg kg-1, digits only>; <AGREES or DISAGREES>
","(schema_lookup[126:209],db_lookup[209:431],qc_lookup[431:509])",80; AGREES,(depends on: round 2 answer Ecm43 and round 1 answer 80; on the rgb2 row for Ecm43 the largest usable cell is t80 -> 80; AGREES; ablations: reading the vnir rows gives 320; DISAGREES; ignoring empty_mask gives 160; DISAGREES)
exp33-chain-0012-hard,4,modality_coverage,"ROUND 4 - TASK (modality_coverage)
For the accession identified in round 2: which modalities hold usable feature
rows for it in this experiment?

RULES
1. A modality never scheduled for this experiment does not count,
   even if rows for it exist: those were carried over.
2. A modality whose rows are all flagged holds nothing usable.
3. List the modalities in the column order of the store table.

TOOL OUTPUTS

>>> design_lookup(aspect=""imaging_rounds"")
    imaging rounds scheduled per modality for this experiment.
    modality  records                   rounds_scheduled
    --------  ------------------------  ----------------
    fc1       chlorophyll fluorescence  40
    rgb2      top-view RGB              34
    msc1      multispectral             50
    vnir      VNIR hyperspectral        66
    swir      SWIR hyperspectral        25
    s3d       3-D structural scan       0

>>> qc_lookup(table=""features"", select=[""genotype"", ""modality"", ""n_usable""], group_by=[""genotype"", ""modality""])
    rows surviving QC, one column per modality.
    genotype   fc1  rgb2  msc1  vnir  swir  s3d
    ---------  ---  ----  ----  ----  ----  ---
    Ecm43      0    55    64    39    0     40
    62         0    58    54    45    14    0
    MAGIC 227  0    57    62    0     41    0
    97         18   58    57    0     45    0

>>> db_lookup(table=""features"", select=[""genotype"", ""modality"", ""n_rows""], group_by=[""genotype"", ""modality""])
    feature rows per accession, one column per modality.
    genotype   fc1  rgb2  msc1  vnir  swir  s3d
    ---------  ---  ----  ----  ----  ----  ---
    Ecm43      26   57    64    40    0     43
    62         0    59    57    47    16    0
    MAGIC 227  0    58    64    0     41    0
    97         20   60    58    0     45    0

OUTPUT FORMAT
Reply with exactly one line and nothing else:
ANSWER: <modalities, comma separated, in table column order>
","(design_lookup[82:181],qc_lookup[181:296],db_lookup[296:412])","rgb2, msc1, vnir","(depends on: round 2 answer Ecm43; that row is non-zero for fc1, rgb2, msc1, vnir, s3d, but s3d was never scheduled and fc1 has nothing left after QC -> rgb2, msc1, vnir; ablations: ignoring the schedule gives rgb2, msc1, vnir, s3d; ignoring the quality gate gives fc1, rgb2, msc1, vnir)"
exp33-chain-0012-hard,5,analogue_search,"ROUND 5 - TASK (analogue_search)
For the accession identified in round 2: which accession is its nearest
analogue by Fv/Fm_Lss dose-response profile, and does that analogue's own
peak fall on the dose you identified in round 1?

RULES
1. Take the nearest neighbour that is eligible: observational
   accessions cannot be analogues.
2. Neighbours are listed in descending similarity.
3. Report the analogue, then MATCHES if its own peak is the dose from
   round 1 and DIVERGES if it is not.

TOOL OUTPUTS

>>> embedding_lookup(space=""dose_response_profile"", query=""panel"", k=3)
    nearest accessions by Fv/Fm_Lss profile, for every panel member.
    genotype   neighbour_1    neighbour_2        neighbour_3
    ---------  -------------  -----------------  -----------------
    Ecm43      62 (0.951)     97 (0.925)         MAGIC 227 (0.825)
    62         97 (0.869)     Ecm43 (0.821)      MAGIC 227 (0.673)
    MAGIC 227  Ecm43 (0.921)  97 (0.837)         62 (0.674)
    97         Ecm43 (0.907)  MAGIC 227 (0.839)  62 (0.706)

>>> design_lookup(aspect=""accession_panel"")
    panel membership for this experiment.
    genotype   panel_role
    ---------  -------------
    Ecm43      core
    62         observational
    MAGIC 227  core
    97         core

>>> db_lookup(table=""fc1_values"", select=[""genotype"", ""peak_treatment""], where=""trait='Fv/Fm_Lss'"", group_by=[""genotype""])
    the treatment at which each accession's own Fv/Fm_Lss is highest.
    genotype   peak_treatment
    ---------  --------------
    Ecm43      40
    62         160
    MAGIC 227  80
    97         80

OUTPUT FORMAT
Reply with exactly one line and nothing else:
ANSWER: <accession label>; <MATCHES or DIVERGES>
","(embedding_lookup[101:275],design_lookup[275:325],db_lookup[325:417])",97; MATCHES,"(depends on: round 2 answer Ecm43 and round 1 answer 80; the nearest eligible analogue is 97, whose own peak is t80 -> 97; MATCHES; ablations: taking the nearest neighbour regardless of panel role gives 62; DIVERGES)"
exp33-chain-0012-hard,6,variance_regime,"ROUND 6 - TASK (variance_regime)
Name the cell -- accession and dose -- at which the accession identified in
round 2 first shows round-to-round variance of Fv/Fm_Lss exceeding its
within-round variance.

RULES
1. The two variances come from separate queries; compare them cell by
   cell.
2. A cell built on fewer than 3 imaging rounds is not
   comparable and must be skipped, however its numbers look.
3. Report the first qualifying dose reading left to right, not the
   largest gap, and name the accession alongside it.

TOOL OUTPUTS

>>> db_lookup(table=""fc1_values"", select=[""genotype"", ""within_round""], where=""trait='Fv/Fm_Lss'"", group_by=[""genotype"", ""treatment""])
    within-round variance, one column per treatment.
    genotype   t0     t20    t40    t80    t160   t320
    ---------  -----  -----  -----  -----  -----  -----
    Ecm43      0.032  0.035  0.011  0.037  0.041  0.064
    62         0.041  0.007  0.030  0.025  0.056  0.049
    MAGIC 227  0.031  0.045  0.066  0.073  0.090  0.049
    97         0.037  0.055  0.056  0.023  0.033  0.064

>>> qc_lookup(table=""fc1_values"", select=[""genotype"", ""n_rounds""], where=""trait='Fv/Fm_Lss'"")
    imaging rounds behind each cell, one column per treatment.
    genotype   t0  t20  t40  t80  t160  t320
    ---------  --  ---  ---  ---  ----  ----
    Ecm43      4   7    1    9    5     6
    62         5   8    4    4    5     6
    MAGIC 227  9   9    5    4    6     7
    97         8   4    9    9    8     9

>>> db_lookup(table=""fc1_values"", select=[""genotype"", ""round_to_round""], where=""trait='Fv/Fm_Lss'"", group_by=[""genotype"", ""treatment""])
    round-to-round variance, one column per treatment.
    genotype   t0     t20    t40    t80    t160   t320
    ---------  -----  -----  -----  -----  -----  -----
    Ecm43      0.016  0.025  0.038  0.052  0.065  0.075
    62         0.014  0.028  0.040  0.050  0.063  0.076
    MAGIC 227  0.013  0.025  0.039  0.051  0.063  0.074
    97         0.013  0.026  0.041  0.049  0.062  0.077

OUTPUT FORMAT
Reply with exactly one line and nothing else:
ANSWER: <accession>@<dose>
","(db_lookup[111:291],qc_lookup[291:401],db_lookup[401:583])",Ecm43@80,"(depends on: round 2 answer Ecm43; comparing the two variance tables cell by cell, Ecm43 first crosses at t40, but that cell rests on 1 imaging round, under the 3 needed, so the first comparable crossing is t80 -> Ecm43@80; ablations: taking the largest round-to-round value without the within-round table gives Ecm43@320; ignoring the round counts gives Ecm43@40)"
exp59-chain-0013-low,1,dose_response_shape,"SESSION
You are analysing experiment 59 at the Hollandale phenotyping facility: a nickel
(Ni) dose series on 6 Thlaspi arvense (pennycress) accessions at 0, 10, 50, 100,
500 and 1000 mg kg-1, imaged over 28 days in six modalities.

This is a 3-round investigation. Each round gives you the results of the tool
calls it needs, already run; how many there are varies by round. Later rounds
build on what you established earlier and will not repeat it, so keep your own
answers.

TOOLS (results are inlined; you cannot issue new calls)
  db_lookup(table=, select=, where=, group_by=)   the measurement store
  schema_lookup(trait=)                           which modality records a trait, and in what unit
  qc_lookup(table=, select=, where=)              flags, exclusions, usable counts
  design_lookup(aspect=)                          the protocol: dose series, accession panel,
                                                  imaging rounds, replication plan
  literature_lookup(species=, property=)          published claims
  embedding_lookup(space=, query=, k=)            nearest accessions by profile similarity

TERMS
  treatment        the nickel dose, in mg kg-1
  genotype         the accession label
  Fv/Fm_Lss        photosystem-II efficiency, from the fc1 modality
  area_mm2         leaf area
  n_plants         distinct plants behind a cell
  round_to_round   variance of an accession's per-round means
  within_round     variance between plants inside one imaging round

ROUND 1 - TASK (dose_response_shape)
At which nickel dose does mean Fv/Fm_Lss peak across the panel?

RULES
1. Judge the curve as a whole, not a single cell.

TOOL OUTPUTS

>>> db_lookup(table=""fc1_values"", select=[""trait"", ""mean_value""], where=""experiment_id=59"", group_by=[""trait"", ""treatment""])
    mean value by trait, one column per treatment (mg kg-1).
    trait      t0     t10    t50    t100   t500   t1000
    ---------  -----  -----  -----  -----  -----  -----
    Fv/Fm_Lss  0.479  0.475  0.499  0.517  0.478  0.439

OUTPUT FORMAT
Reply with exactly one line and nothing else:
ANSWER: <dose in mg kg-1, digits only>
",(db_lookup[303:429]),100,(depends on: -; the plant-level Fv/Fm_Lss row peaks at 0.517 on t100 -> 100; no complications at this tier)
exp59-chain-0013-low,2,transition_sensitivity,"ROUND 2 - TASK (transition_sensitivity)
Starting from the nickel dose you identified in round 1, which accession
loses the most Fv/Fm_Lss when the dose is raised to the next level of the
design series?

RULES
1. Compare each accession against itself across the two doses.

TOOL OUTPUTS

>>> db_lookup(table=""fc1_values"", select=[""genotype"", ""mean_value""], where=""trait='Fv/Fm_Lss'"", group_by=[""genotype"", ""treatment""])
    mean Fv/Fm_Lss by accession, one column per treatment in the store.
    genotype   t10    t100   t500   t1000
    ---------  -----  -----  -----  -----
    ISU 281    0.547  0.506  0.473  0.449
    97         0.536  0.505  0.294  0.264
    MAGIC 429  0.532  0.508  0.476  0.434
    Esp12      0.535  0.517  0.489  0.454

OUTPUT FORMAT
Reply with exactly one line and nothing else:
ANSWER: <accession label exactly as it appears in the table>
",(db_lookup[55:205]),97,(depends on: round 1 answer 100; the step is t100->t500; per-accession drop 97:+0.211  ISU 281:+0.033  MAGIC 429:+0.032  Esp12:+0.028 -> 97; no complications at this tier)
exp59-chain-0013-low,3,cross_modality_peak,"ROUND 3 - TASK (cross_modality_peak)
For the accession identified in round 2: at which dose does its leaf area
(area_mm2) peak, and does that dose agree with where Fv/Fm_Lss peaked
in round 1?

RULES
1. The verdict is AGREES when the area peak falls on the dose from
   round 1, and DISAGREES otherwise. Report both parts.

TOOL OUTPUTS

>>> db_lookup(table=""features"", select=[""modality"", ""genotype"", ""mean_area_mm2""], where=""trait='area_mm2'"", group_by=[""modality"", ""genotype"", ""treatment""])
    mean area_mm2 by modality and accession, one column per treatment.
    modality  genotype   t0     t10    t50    t100
    --------  ---------  -----  -----  -----  -----
    rgb2      97         8.89   9.60   18.94  9.73
    rgb2      NIL 290    12.72  21.51  12.23  9.90
    rgb2      MAGIC 429  6.39   8.80   10.82  20.14
    rgb2      ISU 281    23.15  14.14  12.61  10.72

OUTPUT FORMAT
Reply with exactly one line and nothing else:
ANSWER: <dose in mg kg-1, digits only>; <AGREES or DISAGREES>
",(db_lookup[71:238]),50; DISAGREES,(depends on: round 2 answer 97 and round 1 answer 100; on the rgb2 row for 97 the largest usable cell is t50 -> 50; DISAGREES; no complications at this tier)
exp88-chain-0014-hard,1,dose_response_shape,"SESSION
You are analysing experiment 88 at the Weston phenotyping facility: a zinc (Zn)
dose series on 6 Thlaspi arvense (pennycress) accessions at 0, 25, 50, 100, 250
and 500 mg kg-1, imaged over 28 days in six modalities.

This is a 6-round investigation. Each round gives you the results of the tool
calls it needs, already run; how many there are varies by round. Later rounds
build on what you established earlier and will not repeat it, so keep your own
answers.

TOOLS (results are inlined; you cannot issue new calls)
  db_lookup(table=, select=, where=, group_by=)   the measurement store
  schema_lookup(trait=)                           which modality records a trait, and in what unit
  qc_lookup(table=, select=, where=)              flags, exclusions, usable counts
  design_lookup(aspect=)                          the protocol: dose series, accession panel,
                                                  imaging rounds, replication plan
  literature_lookup(species=, property=)          published claims
  embedding_lookup(space=, query=, k=)            nearest accessions by profile similarity

TERMS
  treatment        the zinc dose, in mg kg-1
  genotype         the accession label
  Fv/Fm_Lss        photosystem-II efficiency, from the fc1 modality
  area_mm2         leaf area
  n_plants         distinct plants behind a cell
  round_to_round   variance of an accession's per-round means
  within_round     variance between plants inside one imaging round

ROUND 1 - TASK (dose_response_shape)
At which zinc dose does mean Fv/Fm_Lss peak across the panel?

RULES
1. Two rows in the store carry a similar trait name. Only the
   plant-level trait is the panel measurement; the dictionary says
   which that is.
2. A treatment cell must clear the usable-plant floor in the quality
   gate before it can be called a peak.
3. Judge the curve as a whole, not a single cell.

TOOL OUTPUTS

>>> db_lookup(table=""fc1_values"", select=[""trait"", ""mean_value""], where=""experiment_id=88"", group_by=[""trait"", ""treatment""])
    mean value by trait, one column per treatment (mg kg-1).
    trait          t0     t25    t50    t100   t250   t500
    -------------  -----  -----  -----  -----  -----  -----
    Fv/Fm_Lss      0.469  0.494  0.506  0.516  0.547  0.439
    avg_Fv/Fm_Lss  0.413  0.381  0.581  0.445  0.444  0.444

>>> schema_lookup(trait=""Fv/Fm_Lss"")
    trait dictionary: where the trait lives and at what entity level.
    trait          modality  table       unit  entity_level
    -------------  --------  ----------  ----  ------------
    Fv/Fm_Lss      fc1       fc1_values  a.u.  plant
    avg_Fv/Fm_Lss  fc1       fc1_values  a.u.  region

>>> qc_lookup(table=""fc1_values"", select=[""treatment"", ""n_plants_usable""], where=""trait='Fv/Fm_Lss'"")
    plants surviving QC per treatment; the floor for a panel claim is 10.
    treatment  n_plants_usable
    ---------  ---------------
    0          48
    25         59
    50         60
    100        54
    250        3
    500        58

OUTPUT FORMAT
Reply with exactly one line and nothing else:
ANSWER: <dose in mg kg-1, digits only>
","(db_lookup[358:509],schema_lookup[509:607],qc_lookup[607:695])",100,(depends on: -; the plant-level Fv/Fm_Lss row peaks at 0.516 on t100 -> 100; ablations: reading the alias row gives 50; ignoring the quality gate gives 250 on 3 plants)
exp88-chain-0014-hard,2,transition_sensitivity,"ROUND 2 - TASK (transition_sensitivity)
Starting from the zinc dose you identified in round 1, which accession
loses the most Fv/Fm_Lss when the dose is raised to the next level of the
design series?

RULES
1. The store also holds a pilot dose that is not a level of the
   design series. The next level is the next one in the design
   table, which need not be the next column.
2. Only accessions in the core panel can be ranked; observational
   ones are carried for reference.
3. Compare each accession against itself across the two doses.

TOOL OUTPUTS

>>> db_lookup(table=""fc1_values"", select=[""genotype"", ""mean_value""], where=""trait='Fv/Fm_Lss'"", group_by=[""genotype"", ""treatment""])
    mean Fv/Fm_Lss by accession, one column per treatment in the store.
    genotype  t25    t100   t175   t250
    --------  -----  -----  -----  -----
    87        0.554  0.548  0.532  0.518
    NIL 188   0.556  0.545  0.496  0.308
    98        0.526  0.512  0.483  0.190
    NIL 161   0.540  0.511  0.339  0.323
    RIL 348   0.535  0.524  0.519  0.485

>>> design_lookup(aspect=""dose_series"")
    the design levels, in order. Doses absent here are pilot cells.
    level  treatment
    -----  ---------
    1      0
    2      25
    3      50
    4      100
    5      250
    6      500

>>> design_lookup(aspect=""accession_panel"")
    panel membership for this experiment.
    genotype  panel_role
    --------  -------------
    87        core
    NIL 188   core
    98        observational
    NIL 161   core
    RIL 348   core

OUTPUT FORMAT
Reply with exactly one line and nothing else:
ANSWER: <accession label exactly as it appears in the table>
","(db_lookup[113:276],design_lookup[276:329],design_lookup[329:382])",NIL 188,"(depends on: round 1 answer 100; the step is t100->t250, not the adjacent column t175 which is a pilot cell; per-accession drop NIL 188:+0.237  NIL 161:+0.188  RIL 348:+0.039  87:+0.030 -> NIL 188; ablations: stepping to the next column instead of the next design level gives NIL 161; ranking without the panel table gives 98, which is observational)"
exp88-chain-0014-hard,3,cross_modality_peak,"ROUND 3 - TASK (cross_modality_peak)
For the accession identified in round 2: at which dose does its leaf area
(area_mm2) peak, and does that dose agree with where Fv/Fm_Lss peaked
in round 1?

RULES
1. More than one modality reports this trait. Use the one the
   dictionary marks primary; the other is a derived estimate.
2. A cell flagged empty_mask carries no usable area and cannot be
   the peak. low_mask_coverage is on nearly every row and is not a
   reason to discard.
3. The verdict is AGREES when the area peak falls on the dose from
   round 1, and DISAGREES otherwise. Report both parts.

TOOL OUTPUTS

>>> schema_lookup(trait=""area_mm2"")
    modalities reporting this trait.
    trait     modality  modality_role       unit  trait_role
    --------  --------  ------------------  ----  ----------
    area_mm2  rgb2      top-view RGB        mm2   primary
    area_mm2  vnir      VNIR hyperspectral  mm2   derived

>>> db_lookup(table=""features"", select=[""modality"", ""genotype"", ""mean_area_mm2""], where=""trait='area_mm2'"", group_by=[""modality"", ""genotype"", ""treatment""])
    mean area_mm2 by modality and accession, one column per treatment.
    modality  genotype  t0     t25    t100   t250
    --------  --------  -----  -----  -----  -----
    rgb2      NIL 188   8.65   26.50  13.43  22.00
    rgb2      98        13.82  15.37  24.59  16.12
    rgb2      NIL 161   10.06  18.87  9.59   7.97
    rgb2      RIL 348   18.87  9.63   8.01   6.82
    vnir      NIL 188   8.72   16.50  9.31   7.49
    vnir      98        18.32  11.21  8.91   7.29
    vnir      NIL 161   5.63   6.81   14.31  6.95
    vnir      RIL 348   6.91   14.31  6.66   4.75

>>> qc_lookup(table=""rgb2_features"", select=[""genotype"", ""treatment"", ""flag""], where=""flag='empty_mask'"")
    cells voided by empty_mask.
    genotype  treatment  flag
    --------  ---------  ----------
    NIL 188   25         empty_mask
    98        25         empty_mask

OUTPUT FORMAT
Reply with exactly one line and nothing else:
ANSWER: <dose in mg kg-1, digits only>; <AGREES or DISAGREES>
","(schema_lookup[126:209],db_lookup[209:434],qc_lookup[434:513])",250; DISAGREES,(depends on: round 2 answer NIL 188 and round 1 answer 100; on the rgb2 row for NIL 188 the largest usable cell is t250 -> 250; DISAGREES; ablations: reading the vnir rows gives 25; DISAGREES; ignoring empty_mask gives 25; DISAGREES)
exp88-chain-0014-hard,4,modality_coverage,"ROUND 4 - TASK (modality_coverage)
For the accession identified in round 2: which modalities hold usable feature
rows for it in this experiment?

RULES
1. A modality never scheduled for this experiment does not count,
   even if rows for it exist: those were carried over.
2. A modality whose rows are all flagged holds nothing usable.
3. List the modalities in the column order of the store table.

TOOL OUTPUTS

>>> embedding_lookup(space=""spectral_signature"", query=""panel"", k=2)
    nearest accessions by mean spectral signature.
    genotype  neighbour_1
    --------  ---------------
    98        87 (0.895)
    NIL 161   87 (0.783)
    RIL 348   NIL 161 (0.677)

>>> qc_lookup(table=""features"", select=[""genotype"", ""modality"", ""n_usable""], group_by=[""genotype"", ""modality""])
    rows surviving QC, one column per modality.
    genotype  fc1  rgb2  msc1  vnir  swir  s3d
    --------  ---  ----  ----  ----  ----  ---
    NIL 188   34   57    63    23    0     0
    98        0    67    59    0     27    12
    NIL 161   0    54    56    0     0     31
    RIL 348   16   67    61    0     21    0

>>> design_lookup(aspect=""imaging_rounds"")
    imaging rounds scheduled per modality for this experiment.
    modality  records                   rounds_scheduled
    --------  ------------------------  ----------------
    fc1       chlorophyll fluorescence  33
    rgb2      top-view RGB              62
    msc1      multispectral             58
    vnir      VNIR hyperspectral        0
    swir      SWIR hyperspectral        41
    s3d       3-D structural scan       31

>>> db_lookup(table=""features"", select=[""genotype"", ""modality"", ""n_rows""], group_by=[""genotype"", ""modality""])
    feature rows per accession, one column per modality.
    genotype  fc1  rgb2  msc1  vnir  swir  s3d
    --------  ---  ----  ----  ----  ----  ---
    NIL 188   37   57    64    25    0     42
    98        0    67    60    0     29    14
    NIL 161   0    56    59    0     0     33
    RIL 348   18   67    62    0     21    0

OUTPUT FORMAT
Reply with exactly one line and nothing else:
ANSWER: <modalities, comma separated, in table column order>
","(embedding_lookup[82:159],qc_lookup[159:275],design_lookup[275:374],db_lookup[374:491])","fc1, rgb2, msc1","(depends on: round 2 answer NIL 188; that row is non-zero for fc1, rgb2, msc1, vnir, s3d, but vnir was never scheduled and s3d has nothing left after QC -> fc1, rgb2, msc1; ablations: ignoring the schedule gives fc1, rgb2, msc1, vnir; ignoring the quality gate gives fc1, rgb2, msc1, s3d)"
exp88-chain-0014-hard,5,analogue_search,"ROUND 5 - TASK (analogue_search)
For the accession identified in round 2: which accession is its nearest
analogue by Fv/Fm_Lss dose-response profile, and does that analogue's own
peak fall on the dose you identified in round 1?

RULES
1. Take the nearest neighbour that is eligible: observational
   accessions cannot be analogues.
2. Neighbours are listed in descending similarity.
3. Report the analogue, then MATCHES if its own peak is the dose from
   round 1 and DIVERGES if it is not.

TOOL OUTPUTS

>>> design_lookup(aspect=""accession_panel"")
    panel membership for this experiment.
    genotype  panel_role
    --------  -------------
    NIL 188   core
    98        observational
    NIL 161   core
    RIL 348   core

>>> db_lookup(table=""fc1_values"", select=[""genotype"", ""peak_treatment""], where=""trait='Fv/Fm_Lss'"", group_by=[""genotype""])
    the treatment at which each accession's own Fv/Fm_Lss is highest.
    genotype  peak_treatment
    --------  --------------
    NIL 188   0
    98        100
    NIL 161   0
    RIL 348   250

>>> embedding_lookup(space=""dose_response_profile"", query=""panel"", k=3)
    nearest accessions by Fv/Fm_Lss profile, for every panel member.
    genotype  neighbour_1      neighbour_2      neighbour_3
    --------  ---------------  ---------------  ---------------
    NIL 188   98 (0.971)       RIL 348 (0.908)  NIL 161 (0.784)
    98        NIL 161 (0.877)  NIL 188 (0.769)  RIL 348 (0.610)
    NIL 161   NIL 188 (0.911)  98 (0.819)       RIL 348 (0.665)
    RIL 348   NIL 161 (0.951)  98 (0.775)       NIL 188 (0.657)

OUTPUT FORMAT
Reply with exactly one line and nothing else:
ANSWER: <accession label>; <MATCHES or DIVERGES>
","(design_lookup[101:152],db_lookup[152:245],embedding_lookup[245:424])",RIL 348; DIVERGES,"(depends on: round 2 answer NIL 188 and round 1 answer 100; the nearest eligible analogue is RIL 348, whose own peak is t250 -> RIL 348; DIVERGES; ablations: taking the nearest neighbour regardless of panel role gives 98; MATCHES)"
exp88-chain-0014-hard,6,variance_regime,"ROUND 6 - TASK (variance_regime)
Name the cell -- accession and dose -- at which the accession identified in
round 2 first shows round-to-round variance of Fv/Fm_Lss exceeding its
within-round variance.

RULES
1. The two variances come from separate queries; compare them cell by
   cell.
2. A cell built on fewer than 3 imaging rounds is not
   comparable and must be skipped, however its numbers look.
3. Report the first qualifying dose reading left to right, not the
   largest gap, and name the accession alongside it.

TOOL OUTPUTS

>>> db_lookup(table=""fc1_values"", select=[""genotype"", ""round_to_round""], where=""trait='Fv/Fm_Lss'"", group_by=[""genotype"", ""treatment""])
    round-to-round variance, one column per treatment.
    genotype  t0     t25    t50    t100   t250   t500
    --------  -----  -----  -----  -----  -----  -----
    NIL 188   0.013  0.026  0.038  0.053  0.061  0.074
    98        0.017  0.028  0.037  0.052  0.062  0.077
    NIL 161   0.017  0.029  0.039  0.052  0.062  0.074
    RIL 348   0.017  0.028  0.038  0.053  0.061  0.075

>>> qc_lookup(table=""fc1_values"", select=[""genotype"", ""n_rounds""], where=""trait='Fv/Fm_Lss'"")
    imaging rounds behind each cell, one column per treatment.
    genotype  t0  t25  t50  t100  t250  t500
    --------  --  ---  ---  ----  ----  ----
    NIL 188   6   7    1    5     7     4
    98        4   9    9    4     7     5
    NIL 161   9   9    6    8     9     4
    RIL 348   9   5    6    5     7     8

>>> db_lookup(table=""fc1_values"", select=[""genotype"", ""within_round""], where=""trait='Fv/Fm_Lss'"", group_by=[""genotype"", ""treatment""])
    within-round variance, one column per treatment.
    genotype  t0     t25    t50    t100   t250   t500
    --------  -----  -----  -----  -----  -----  -----
    NIL 188   0.024  0.045  0.032  0.039  0.048  0.063
    98        0.034  0.037  0.046  0.040  0.033  0.066
    NIL 161   0.033  0.037  0.053  0.061  0.072  0.052
    RIL 348   0.035  0.004  0.016  0.028  0.031  0.048

OUTPUT FORMAT
Reply with exactly one line and nothing else:
ANSWER: <accession>@<dose>
","(db_lookup[111:294],qc_lookup[294:406],db_lookup[406:587])",NIL 188@100,"(depends on: round 2 answer NIL 188; comparing the two variance tables cell by cell, NIL 188 first crosses at t50, but that cell rests on 1 imaging round, under the 3 needed, so the first comparable crossing is t100 -> NIL 188@100; ablations: taking the largest round-to-round value without the within-round table gives NIL 188@500; ignoring the round counts gives NIL 188@50)"
exp113-chain-0015-low,1,dose_response_shape,"SESSION
You are analysing experiment 113 at the Norwood phenotyping facility: a cobalt
(Co) dose series on 6 Brassica napus (oilseed rape) accessions at 0, 20, 40, 80,
160 and 320 mg kg-1, imaged over 28 days in six modalities.

This is a 2-round investigation. Each round gives you the results of the tool
calls it needs, already run; how many there are varies by round. Later rounds
build on what you established earlier and will not repeat it, so keep your own
answers.

TOOLS (results are inlined; you cannot issue new calls)
  db_lookup(table=, select=, where=, group_by=)   the measurement store
  schema_lookup(trait=)                           which modality records a trait, and in what unit
  qc_lookup(table=, select=, where=)              flags, exclusions, usable counts
  design_lookup(aspect=)                          the protocol: dose series, accession panel,
                                                  imaging rounds, replication plan
  literature_lookup(species=, property=)          published claims
  embedding_lookup(space=, query=, k=)            nearest accessions by profile similarity

TERMS
  treatment        the cobalt dose, in mg kg-1
  genotype         the accession label
  Fv/Fm_Lss        photosystem-II efficiency, from the fc1 modality
  area_mm2         leaf area
  n_plants         distinct plants behind a cell
  round_to_round   variance of an accession's per-round means
  within_round     variance between plants inside one imaging round

ROUND 1 - TASK (dose_response_shape)
At which cobalt dose does mean Fv/Fm_Lss peak across the panel?

RULES
1. A treatment cell must clear the usable-plant floor in the quality
   gate before it can be called a peak.
2. Judge the curve as a whole, not a single cell.

TOOL OUTPUTS

>>> qc_lookup(table=""fc1_values"", select=[""treatment"", ""n_plants_usable""], where=""trait='Fv/Fm_Lss'"")
    plants surviving QC per treatment; the floor for a panel claim is 8.
    treatment  n_plants_usable
    ---------  ---------------
    0          58
    20         50
    40         59
    80         4
    160        59
    320        58

>>> db_lookup(table=""fc1_values"", select=[""trait"", ""mean_value""], where=""experiment_id=113"", group_by=[""trait"", ""treatment""])
    mean value by trait, one column per treatment (mg kg-1).
    trait      t0     t20    t40    t80    t160   t320
    ---------  -----  -----  -----  -----  -----  -----
    Fv/Fm_Lss  0.474  0.504  0.516  0.545  0.437  0.406

OUTPUT FORMAT
Reply with exactly one line and nothing else:
ANSWER: <dose in mg kg-1, digits only>
","(qc_lookup[328:416],db_lookup[416:542])",40,(depends on: -; the plant-level Fv/Fm_Lss row peaks at 0.516 on t40 -> 40; ablations: ignoring the quality gate gives 80 on 4 plants)
exp113-chain-0015-low,2,transition_sensitivity,"ROUND 2 - TASK (transition_sensitivity)
Starting from the cobalt dose you identified in round 1, which accession
loses the most Fv/Fm_Lss when the dose is raised to the next level of the
design series?

RULES
1. Compare each accession against itself across the two doses.

TOOL OUTPUTS

>>> db_lookup(table=""fc1_values"", select=[""genotype"", ""mean_value""], where=""trait='Fv/Fm_Lss'"", group_by=[""genotype"", ""treatment""])
    mean Fv/Fm_Lss by accession, one column per treatment in the store.
    genotype  t0     t40    t80    t320
    --------  -----  -----  -----  -----
    NIL 341   0.557  0.528  0.485  0.480
    NIL 282   0.552  0.514  0.493  0.457
    56        0.538  0.523  0.491  0.485
    Ecm34     0.553  0.521  0.318  0.305

OUTPUT FORMAT
Reply with exactly one line and nothing else:
ANSWER: <accession label exactly as it appears in the table>
",(db_lookup[55:204]),Ecm34,(depends on: round 1 answer 40; the step is t40->t80; per-accession drop Ecm34:+0.203  NIL 341:+0.043  56:+0.032  NIL 282:+0.021 -> Ecm34; no complications at this tier)
exp30-chain-0016-medium,1,dose_response_shape,"SESSION
You are analysing experiment 30 at the Hollandale phenotyping facility: a cadmium
(Cd) dose series on 6 Thlaspi arvense (pennycress) accessions at 0, 10, 50, 100,
500 and 1000 mg kg-1, imaged over 28 days in six modalities.

This is a 4-round investigation. Each round gives you the results of the tool
calls it needs, already run; how many there are varies by round. Later rounds
build on what you established earlier and will not repeat it, so keep your own
answers.

TOOLS (results are inlined; you cannot issue new calls)
  db_lookup(table=, select=, where=, group_by=)   the measurement store
  schema_lookup(trait=)                           which modality records a trait, and in what unit
  qc_lookup(table=, select=, where=)              flags, exclusions, usable counts
  design_lookup(aspect=)                          the protocol: dose series, accession panel,
                                                  imaging rounds, replication plan
  literature_lookup(species=, property=)          published claims
  embedding_lookup(space=, query=, k=)            nearest accessions by profile similarity

TERMS
  treatment        the cadmium dose, in mg kg-1
  genotype         the accession label
  Fv/Fm_Lss        photosystem-II efficiency, from the fc1 modality
  area_mm2         leaf area
  n_plants         distinct plants behind a cell
  round_to_round   variance of an accession's per-round means
  within_round     variance between plants inside one imaging round

ROUND 1 - TASK (dose_response_shape)
At which cadmium dose does mean Fv/Fm_Lss peak across the panel?

RULES
1. A treatment cell must clear the usable-plant floor in the quality
   gate before it can be called a peak.
2. Judge the curve as a whole, not a single cell.

TOOL OUTPUTS

>>> qc_lookup(table=""fc1_values"", select=[""treatment"", ""n_plants_usable""], where=""trait='Fv/Fm_Lss'"")
    plants surviving QC per treatment; the floor for a panel claim is 15.
    treatment  n_plants_usable
    ---------  ---------------
    0          60
    10         53
    50         60
    100        54
    500        57
    1000       12

>>> db_lookup(table=""fc1_values"", select=[""trait"", ""mean_value""], where=""experiment_id=30"", group_by=[""trait"", ""treatment""])
    mean value by trait, one column per treatment (mg kg-1).
    trait      t0     t10    t50    t100   t500   t1000
    ---------  -----  -----  -----  -----  -----  -----
    Fv/Fm_Lss  0.484  0.509  0.525  0.485  0.474  0.549

OUTPUT FORMAT
Reply with exactly one line and nothing else:
ANSWER: <dose in mg kg-1, digits only>
","(qc_lookup[327:415],db_lookup[415:541])",50,(depends on: -; the plant-level Fv/Fm_Lss row peaks at 0.525 on t50 -> 50; ablations: ignoring the quality gate gives 1000 on 12 plants)
exp30-chain-0016-medium,2,transition_sensitivity,"ROUND 2 - TASK (transition_sensitivity)
Starting from the cadmium dose you identified in round 1, which accession
loses the most Fv/Fm_Lss when the dose is raised to the next level of the
design series?

RULES
1. Only accessions in the core panel can be ranked; observational
   ones are carried for reference.
2. Compare each accession against itself across the two doses.

TOOL OUTPUTS

>>> design_lookup(aspect=""accession_panel"")
    panel membership for this experiment.
    genotype  panel_role
    --------  -------------
    RIL 302   core
    NIL 378   observational
    55        core
    Esp32     core
    82        core

>>> db_lookup(table=""fc1_values"", select=[""genotype"", ""mean_value""], where=""trait='Fv/Fm_Lss'"", group_by=[""genotype"", ""treatment""])
    mean Fv/Fm_Lss by accession, one column per treatment in the store.
    genotype  t0     t50    t100   t1000
    --------  -----  -----  -----  -----
    RIL 302   0.542  0.532  0.325  0.298
    NIL 378   0.545  0.539  0.230  0.186
    55        0.547  0.539  0.528  0.487
    Esp32     0.553  0.510  0.486  0.459
    82        0.532  0.488  0.453  0.409

OUTPUT FORMAT
Reply with exactly one line and nothing else:
ANSWER: <accession label exactly as it appears in the table>
","(design_lookup[74:126],db_lookup[126:288])",RIL 302,"(depends on: round 1 answer 50; the step is t50->t100; per-accession drop RIL 302:+0.207  82:+0.035  Esp32:+0.024  55:+0.011 -> RIL 302; ablations: ranking without the panel table gives NIL 378, which is observational)"
exp30-chain-0016-medium,3,cross_modality_peak,"ROUND 3 - TASK (cross_modality_peak)
For the accession identified in round 2: at which dose does its leaf area
(area_mm2) peak, and does that dose agree with where Fv/Fm_Lss peaked
in round 1?

RULES
1. A cell flagged empty_mask carries no usable area and cannot be
   the peak. low_mask_coverage is on nearly every row and is not a
   reason to discard.
2. The verdict is AGREES when the area peak falls on the dose from
   round 1, and DISAGREES otherwise. Report both parts.

TOOL OUTPUTS

>>> db_lookup(table=""features"", select=[""modality"", ""genotype"", ""mean_area_mm2""], where=""trait='area_mm2'"", group_by=[""modality"", ""genotype"", ""treatment""])
    mean area_mm2 by modality and accession, one column per treatment.
    modality  genotype  t10    t50    t100
    --------  --------  -----  -----  -----
    rgb2      RIL 302   28.90  15.80  24.40
    rgb2      NIL 378   10.54  19.83  11.13
    rgb2      82        19.48  10.70  8.39
    rgb2      55        9.83   19.13  10.10

>>> qc_lookup(table=""rgb2_features"", select=[""genotype"", ""treatment"", ""flag""], where=""flag='empty_mask'"")
    cells voided by empty_mask.
    genotype  treatment  flag
    --------  ---------  ----------
    RIL 302   10         empty_mask
    NIL 378   10         empty_mask

OUTPUT FORMAT
Reply with exactly one line and nothing else:
ANSWER: <dose in mg kg-1, digits only>; <AGREES or DISAGREES>
","(db_lookup[101:248],qc_lookup[248:328])",100; DISAGREES,(depends on: round 2 answer RIL 302 and round 1 answer 50; on the rgb2 row for RIL 302 the largest usable cell is t100 -> 100; DISAGREES; ablations: ignoring empty_mask gives 10; DISAGREES)
exp30-chain-0016-medium,4,modality_coverage,"ROUND 4 - TASK (modality_coverage)
For the accession identified in round 2: which modalities hold usable feature
rows for it in this experiment?

RULES
1. A modality whose rows are all flagged holds nothing usable.
2. List the modalities in the column order of the store table.

TOOL OUTPUTS

>>> qc_lookup(table=""features"", select=[""genotype"", ""modality"", ""n_usable""], group_by=[""genotype"", ""modality""])
    rows surviving QC, one column per modality.
    genotype  fc1  rgb2  msc1  vnir  swir  s3d
    --------  ---  ----  ----  ----  ----  ---
    RIL 302   0    63    52    0     0     0
    NIL 378   0    56    57    0     36    33
    82        0    61    58    20    0     0
    55        13   67    62    0     34    34

>>> db_lookup(table=""features"", select=[""genotype"", ""modality"", ""n_rows""], group_by=[""genotype"", ""modality""])
    feature rows per accession, one column per modality.
    genotype  fc1  rgb2  msc1  vnir  swir  s3d
    --------  ---  ----  ----  ----  ----  ---
    RIL 302   0    63    55    0     0     29
    NIL 378   0    59    57    0     37    35
    82        0    64    60    22    0     0
    55        15   67    64    0     37    37

OUTPUT FORMAT
Reply with exactly one line and nothing else:
ANSWER: <modalities, comma separated, in table column order>
","(qc_lookup[57:172],db_lookup[172:288])","rgb2, msc1","(depends on: round 2 answer RIL 302; that row is non-zero for rgb2, msc1, s3d and s3d has nothing left after QC -> rgb2, msc1; ablations: ignoring the quality gate gives rgb2, msc1, s3d)"
exp126-chain-0017-medium,1,dose_response_shape,"SESSION
You are analysing experiment 126 at the Weston phenotyping facility: a nickel (Ni)
dose series on 6 Camelina sativa (camelina) accessions at 0, 20, 40, 80, 160 and
320 mg kg-1, imaged over 28 days in six modalities.

This is a 4-round investigation. Each round gives you the results of the tool
calls it needs, already run; how many there are varies by round. Later rounds
build on what you established earlier and will not repeat it, so keep your own
answers.

TOOLS (results are inlined; you cannot issue new calls)
  db_lookup(table=, select=, where=, group_by=)   the measurement store
  schema_lookup(trait=)                           which modality records a trait, and in what unit
  qc_lookup(table=, select=, where=)              flags, exclusions, usable counts
  design_lookup(aspect=)                          the protocol: dose series, accession panel,
                                                  imaging rounds, replication plan
  literature_lookup(species=, property=)          published claims
  embedding_lookup(space=, query=, k=)            nearest accessions by profile similarity

TERMS
  treatment        the nickel dose, in mg kg-1
  genotype         the accession label
  Fv/Fm_Lss        photosystem-II efficiency, from the fc1 modality
  area_mm2         leaf area
  n_plants         distinct plants behind a cell
  round_to_round   variance of an accession's per-round means
  within_round     variance between plants inside one imaging round

ROUND 1 - TASK (dose_response_shape)
At which nickel dose does mean Fv/Fm_Lss peak across the panel?

RULES
1. Two rows in the store carry a similar trait name. Only the
   plant-level trait is the panel measurement; the dictionary says
   which that is.
2. A treatment cell must clear the usable-plant floor in the quality
   gate before it can be called a peak.
3. Judge the curve as a whole, not a single cell.

TOOL OUTPUTS

>>> schema_lookup(trait=""Fv/Fm_Lss"")
    trait dictionary: where the trait lives and at what entity level.
    trait          modality  table       unit  entity_level
    -------------  --------  ----------  ----  ------------
    Fv/Fm_Lss      fc1       fc1_values  a.u.  plant
    avg_Fv/Fm_Lss  fc1       fc1_values  a.u.  region

>>> db_lookup(table=""fc1_values"", select=[""trait"", ""mean_value""], where=""experiment_id=126"", group_by=[""trait"", ""treatment""])
    mean value by trait, one column per treatment (mg kg-1).
    trait          t0     t20    t40    t80    t160   t320
    -------------  -----  -----  -----  -----  -----  -----
    Fv/Fm_Lss      0.476  0.546  0.520  0.481  0.460  0.436
    avg_Fv/Fm_Lss  0.557  0.395  0.383  0.430  0.452  0.411

>>> qc_lookup(table=""fc1_values"", select=[""treatment"", ""n_plants_usable""], where=""trait='Fv/Fm_Lss'"")
    plants surviving QC per treatment; the floor for a panel claim is 12.
    treatment  n_plants_usable
    ---------  ---------------
    0          60
    20         4
    40         60
    80         55
    160        56
    320        48

OUTPUT FORMAT
Reply with exactly one line and nothing else:
ANSWER: <dose in mg kg-1, digits only>
","(schema_lookup[358:456],db_lookup[456:607],qc_lookup[607:695])",40,(depends on: -; the plant-level Fv/Fm_Lss row peaks at 0.520 on t40 -> 40; ablations: reading the alias row gives 0; ignoring the quality gate gives 20 on 4 plants)
exp126-chain-0017-medium,2,transition_sensitivity,"ROUND 2 - TASK (transition_sensitivity)
Starting from the nickel dose you identified in round 1, which accession
loses the most Fv/Fm_Lss when the dose is raised to the next level of the
design series?

RULES
1. The store also holds a pilot dose that is not a level of the
   design series. The next level is the next one in the design
   table, which need not be the next column.
2. Only accessions in the core panel can be ranked; observational
   ones are carried for reference.
3. Compare each accession against itself across the two doses.

TOOL OUTPUTS

>>> design_lookup(aspect=""dose_series"")
    the design levels, in order. Doses absent here are pilot cells.
    level  treatment
    -----  ---------
    1      0
    2      20
    3      40
    4      80
    5      160
    6      320

>>> design_lookup(aspect=""accession_panel"")
    panel membership for this experiment.
    genotype   panel_role
    ---------  -------------
    99         core
    MAGIC 458  core
    52         core
    RIL 144    observational
    NIL 256    core

>>> db_lookup(table=""fc1_values"", select=[""genotype"", ""mean_value""], where=""trait='Fv/Fm_Lss'"", group_by=[""genotype"", ""treatment""])
    mean Fv/Fm_Lss by accession, one column per treatment in the store.
    genotype   t20    t40    t60    t80
    ---------  -----  -----  -----  -----
    99         0.526  0.516  0.507  0.497
    MAGIC 458  0.525  0.482  0.450  0.255
    52         0.535  0.505  0.476  0.455
    RIL 144    0.544  0.512  0.475  0.178
    NIL 256    0.545  0.519  0.355  0.340

OUTPUT FORMAT
Reply with exactly one line and nothing else:
ANSWER: <accession label exactly as it appears in the table>
","(design_lookup[113:166],design_lookup[166:220],db_lookup[220:384])",MAGIC 458,"(depends on: round 1 answer 40; the step is t40->t80, not the adjacent column t60 which is a pilot cell; per-accession drop MAGIC 458:+0.227  NIL 256:+0.179  52:+0.050  99:+0.019 -> MAGIC 458; ablations: stepping to the next column instead of the next design level gives NIL 256; ranking without the panel table gives RIL 144, which is observational)"
exp126-chain-0017-medium,3,cross_modality_peak,"ROUND 3 - TASK (cross_modality_peak)
For the accession identified in round 2: at which dose does its leaf area
(area_mm2) peak, and does that dose agree with where Fv/Fm_Lss peaked
in round 1?

RULES
1. More than one modality reports this trait. Use the one the
   dictionary marks primary; the other is a derived estimate.
2. A cell flagged empty_mask carries no usable area and cannot be
   the peak. low_mask_coverage is on nearly every row and is not a
   reason to discard.
3. The verdict is AGREES when the area peak falls on the dose from
   round 1, and DISAGREES otherwise. Report both parts.

TOOL OUTPUTS

>>> schema_lookup(trait=""area_mm2"")
    modalities reporting this trait.
    trait     modality  modality_role       unit  trait_role
    --------  --------  ------------------  ----  ----------
    area_mm2  rgb2      top-view RGB        mm2   primary
    area_mm2  swir      SWIR hyperspectral  mm2   derived

>>> qc_lookup(table=""rgb2_features"", select=[""genotype"", ""treatment"", ""flag""], where=""flag='empty_mask'"")
    cells voided by empty_mask.
    genotype   treatment  flag
    ---------  ---------  ----------
    MAGIC 458  160        empty_mask
    RIL 144    40         empty_mask

>>> db_lookup(table=""features"", select=[""modality"", ""genotype"", ""mean_area_mm2""], where=""trait='area_mm2'"", group_by=[""modality"", ""genotype"", ""treatment""])
    mean area_mm2 by modality and accession, one column per treatment.
    modality  genotype   t0     t40    t80    t160
    --------  ---------  -----  -----  -----  -----
    rgb2      MAGIC 458  14.12  23.02  14.27  27.52
    rgb2      RIL 144    5.50   6.89   8.81   18.21
    rgb2      99         21.97  13.49  11.88  9.48
    rgb2      NIL 256    9.98   12.17  21.52  12.14
    swir      MAGIC 458  7.53   7.62   9.52   17.21
    swir      RIL 144    5.83   6.11   13.85  6.69
    swir      99         7.97   9.01   16.48  9.42
    swir      NIL 256    8.63   16.17  9.10   7.89

OUTPUT FORMAT
Reply with exactly one line and nothing else:
ANSWER: <dose in mg kg-1, digits only>; <AGREES or DISAGREES>
","(schema_lookup[126:209],qc_lookup[209:290],db_lookup[290:516])",40; AGREES,(depends on: round 2 answer MAGIC 458 and round 1 answer 40; on the rgb2 row for MAGIC 458 the largest usable cell is t40 -> 40; AGREES; ablations: reading the swir rows gives 160; DISAGREES; ignoring empty_mask gives 160; DISAGREES)
exp126-chain-0017-medium,4,modality_coverage,"ROUND 4 - TASK (modality_coverage)
For the accession identified in round 2: which modalities hold usable feature
rows for it in this experiment?

RULES
1. A modality never scheduled for this experiment does not count,
   even if rows for it exist: those were carried over.
2. A modality whose rows are all flagged holds nothing usable.
3. List the modalities in the column order of the store table.

TOOL OUTPUTS

>>> db_lookup(table=""features"", select=[""genotype"", ""modality"", ""n_rows""], group_by=[""genotype"", ""modality""])
    feature rows per accession, one column per modality.
    genotype   fc1  rgb2  msc1  vnir  swir  s3d
    ---------  ---  ----  ----  ----  ----  ---
    MAGIC 458  17   57    59    0     0     19
    RIL 144    0    55    55    18    0     0
    99         29   60    67    36    0     0
    NIL 256    31   64    57    0     0     0

>>> design_lookup(aspect=""imaging_rounds"")
    imaging rounds scheduled per modality for this experiment.
    modality  records                   rounds_scheduled
    --------  ------------------------  ----------------
    fc1       chlorophyll fluorescence  23
    rgb2      top-view RGB              45
    msc1      multispectral             32
    vnir      VNIR hyperspectral        54
    swir      SWIR hyperspectral        21
    s3d       3-D structural scan       0

>>> qc_lookup(table=""features"", select=[""genotype"", ""modality"", ""n_usable""], group_by=[""genotype"", ""modality""])
    rows surviving QC, one column per modality.
    genotype   fc1  rgb2  msc1  vnir  swir  s3d
    ---------  ---  ----  ----  ----  ----  ---
    MAGIC 458  0    54    57    0     0     19
    RIL 144    0    52    53    18    0     0
    99         29   57    67    34    0     0
    NIL 256    29   63    57    0     0     0

OUTPUT FORMAT
Reply with exactly one line and nothing else:
ANSWER: <modalities, comma separated, in table column order>
","(db_lookup[82:200],design_lookup[200:299],qc_lookup[299:416])","rgb2, msc1","(depends on: round 2 answer MAGIC 458; that row is non-zero for fc1, rgb2, msc1, s3d, but s3d was never scheduled and fc1 has nothing left after QC -> rgb2, msc1; ablations: ignoring the schedule gives rgb2, msc1, s3d; ignoring the quality gate gives fc1, rgb2, msc1)"
exp78-chain-0018-medium,1,dose_response_shape,"SESSION
You are analysing experiment 78 at the Norwood phenotyping facility: a nickel (Ni)
dose series on 6 Brassica napus (oilseed rape) accessions at 0, 20, 40, 80, 160
and 320 mg kg-1, imaged over 28 days in six modalities.

This is a 5-round investigation. Each round gives you the results of the tool
calls it needs, already run; how many there are varies by round. Later rounds
build on what you established earlier and will not repeat it, so keep your own
answers.

TOOLS (results are inlined; you cannot issue new calls)
  db_lookup(table=, select=, where=, group_by=)   the measurement store
  schema_lookup(trait=)                           which modality records a trait, and in what unit
  qc_lookup(table=, select=, where=)              flags, exclusions, usable counts
  design_lookup(aspect=)                          the protocol: dose series, accession panel,
                                                  imaging rounds, replication plan
  literature_lookup(species=, property=)          published claims
  embedding_lookup(space=, query=, k=)            nearest accessions by profile similarity

TERMS
  treatment        the nickel dose, in mg kg-1
  genotype         the accession label
  Fv/Fm_Lss        photosystem-II efficiency, from the fc1 modality
  area_mm2         leaf area
  n_plants         distinct plants behind a cell
  round_to_round   variance of an accession's per-round means
  within_round     variance between plants inside one imaging round

ROUND 1 - TASK (dose_response_shape)
At which nickel dose does mean Fv/Fm_Lss peak across the panel?

RULES
1. Two rows in the store carry a similar trait name. Only the
   plant-level trait is the panel measurement; the dictionary says
   which that is.
2. A treatment cell must clear the usable-plant floor in the quality
   gate before it can be called a peak.
3. Judge the curve as a whole, not a single cell.

TOOL OUTPUTS

>>> schema_lookup(trait=""Fv/Fm_Lss"")
    trait dictionary: where the trait lives and at what entity level.
    trait          modality  table       unit  entity_level
    -------------  --------  ----------  ----  ------------
    Fv/Fm_Lss      fc1       fc1_values  a.u.  plant
    avg_Fv/Fm_Lss  fc1       fc1_values  a.u.  region

>>> db_lookup(table=""fc1_values"", select=[""trait"", ""mean_value""], where=""experiment_id=78"", group_by=[""trait"", ""treatment""])
    mean value by trait, one column per treatment (mg kg-1).
    trait          t0     t20    t40    t80    t160   t320
    -------------  -----  -----  -----  -----  -----  -----
    Fv/Fm_Lss      0.495  0.548  0.522  0.497  0.460  0.434
    avg_Fv/Fm_Lss  0.591  0.390  0.457  0.436  0.439  0.462

>>> qc_lookup(table=""fc1_values"", select=[""treatment"", ""n_plants_usable""], where=""trait='Fv/Fm_Lss'"")
    plants surviving QC per treatment; the floor for a panel claim is 12.
    treatment  n_plants_usable
    ---------  ---------------
    0          57
    20         8
    40         49
    80         58
    160        56
    320        50

OUTPUT FORMAT
Reply with exactly one line and nothing else:
ANSWER: <dose in mg kg-1, digits only>
","(schema_lookup[359:457],db_lookup[457:608],qc_lookup[608:696])",40,(depends on: -; the plant-level Fv/Fm_Lss row peaks at 0.522 on t40 -> 40; ablations: reading the alias row gives 0; ignoring the quality gate gives 20 on 8 plants)
exp78-chain-0018-medium,2,transition_sensitivity,"ROUND 2 - TASK (transition_sensitivity)
Starting from the nickel dose you identified in round 1, which accession
loses the most Fv/Fm_Lss when the dose is raised to the next level of the
design series?

RULES
1. The store also holds a pilot dose that is not a level of the
   design series. The next level is the next one in the design
   table, which need not be the next column.
2. Compare each accession against itself across the two doses.

TOOL OUTPUTS

>>> db_lookup(table=""fc1_values"", select=[""genotype"", ""mean_value""], where=""trait='Fv/Fm_Lss'"", group_by=[""genotype"", ""treatment""])
    mean Fv/Fm_Lss by accession, one column per treatment in the store.
    genotype  t20    t40    t60    t80
    --------  -----  -----  -----  -----
    Ecl23     0.521  0.504  0.492  0.486
    47        0.531  0.523  0.469  0.258
    ISU 259   0.525  0.512  0.501  0.475
    51        0.551  0.539  0.384  0.377

>>> design_lookup(aspect=""dose_series"")
    the design levels, in order. Doses absent here are pilot cells.
    level  treatment
    -----  ---------
    1      0
    2      20
    3      40
    4      80
    5      160
    6      320

OUTPUT FORMAT
Reply with exactly one line and nothing else:
ANSWER: <accession label exactly as it appears in the table>
","(db_lookup[94:242],design_lookup[242:295])",47,"(depends on: round 1 answer 40; the step is t40->t80, not the adjacent column t60 which is a pilot cell; per-accession drop 47:+0.265  51:+0.162  ISU 259:+0.037  Ecl23:+0.018 -> 47; ablations: stepping to the next column instead of the next design level gives 51)"
exp78-chain-0018-medium,3,cross_modality_peak,"ROUND 3 - TASK (cross_modality_peak)
For the accession identified in round 2: at which dose does its leaf area
(area_mm2) peak, and does that dose agree with where Fv/Fm_Lss peaked
in round 1?

RULES
1. More than one modality reports this trait. Use the one the
   dictionary marks primary; the other is a derived estimate.
2. The verdict is AGREES when the area peak falls on the dose from
   round 1, and DISAGREES otherwise. Report both parts.

TOOL OUTPUTS

>>> db_lookup(table=""features"", select=[""modality"", ""genotype"", ""mean_area_mm2""], where=""trait='area_mm2'"", group_by=[""modality"", ""genotype"", ""treatment""])
    mean area_mm2 by modality and accession, one column per treatment.
    modality  genotype   t20    t40    t160   t320
    --------  ---------  -----  -----  -----  -----
    rgb2      47         10.28  19.07  10.51  9.00
    rgb2      MAGIC 380  22.11  13.65  12.05  8.59
    rgb2      Ecl23      10.09  13.31  15.36  24.25
    rgb2      ISU 259    10.28  13.25  21.72  13.09
    vnir      47         5.35   5.30   7.44   14.45
    vnir      MAGIC 380  5.81   8.10   9.55   16.57
    vnir      Ecl23      18.08  10.76  8.51   8.39
    vnir      ISU 259    16.30  8.78   8.15   6.42

>>> schema_lookup(trait=""area_mm2"")
    modalities reporting this trait.
    trait     modality  modality_role       unit  trait_role
    --------  --------  ------------------  ----  ----------
    area_mm2  rgb2      top-view RGB        mm2   primary
    area_mm2  vnir      VNIR hyperspectral  mm2   derived

OUTPUT FORMAT
Reply with exactly one line and nothing else:
ANSWER: <dose in mg kg-1, digits only>; <AGREES or DISAGREES>
","(db_lookup[96:320],schema_lookup[320:403])",40; AGREES,(depends on: round 2 answer 47 and round 1 answer 40; on the rgb2 row for 47 the largest usable cell is t40 -> 40; AGREES; ablations: reading the vnir rows gives 320; DISAGREES)
exp78-chain-0018-medium,4,modality_coverage,"ROUND 4 - TASK (modality_coverage)
For the accession identified in round 2: which modalities hold usable feature
rows for it in this experiment?

RULES
1. A modality whose rows are all flagged holds nothing usable.
2. List the modalities in the column order of the store table.

TOOL OUTPUTS

>>> db_lookup(table=""features"", select=[""genotype"", ""modality"", ""n_rows""], group_by=[""genotype"", ""modality""])
    feature rows per accession, one column per modality.
    genotype   fc1  rgb2  msc1  vnir  swir  s3d
    ---------  ---  ----  ----  ----  ----  ---
    47         0    64    56    0     28    24
    MAGIC 380  0    64    58    0     30    45
    Ecl23      0    64    65    0     29    0
    ISU 259    0    63    60    0     45    0

>>> qc_lookup(table=""features"", select=[""genotype"", ""modality"", ""n_usable""], group_by=[""genotype"", ""modality""])
    rows surviving QC, one column per modality.
    genotype   fc1  rgb2  msc1  vnir  swir  s3d
    ---------  ---  ----  ----  ----  ----  ---
    47         0    63    53    0     0     22
    MAGIC 380  0    62    58    0     27    45
    Ecl23      0    64    63    0     27    0
    ISU 259    0    61    57    0     45    0

OUTPUT FORMAT
Reply with exactly one line and nothing else:
ANSWER: <modalities, comma separated, in table column order>
","(db_lookup[57:174],qc_lookup[174:290])","rgb2, msc1, s3d","(depends on: round 2 answer 47; that row is non-zero for rgb2, msc1, swir, s3d and swir has nothing left after QC -> rgb2, msc1, s3d; ablations: ignoring the quality gate gives rgb2, msc1, swir, s3d)"
exp78-chain-0018-medium,5,power_check,"ROUND 5 - TASK (power_check)
For the accession identified in round 2, at the dose identified in round 1: is
that cell replicated well enough to carry a genotype-level claim, and on how
many plants does that verdict rest?

RULES
1. The count that matters is plants remaining after exclusions, not
   the raw count in the store.
2. The floor depends on the claim level and is set by this study's
   replication plan; do not assume a value.
3. Report the verdict and the count behind it.

TOOL OUTPUTS

>>> db_lookup(table=""fc1_values"", select=[""genotype"", ""n_plants""], group_by=[""genotype"", ""treatment""])
    plants recorded per accession, one column per treatment.
    genotype   t20  t40  t60  t80
    ---------  ---  ---  ---  ---
    47         9    18   11   49
    MAGIC 380  14   18   52   56
    Ecl23      43   50   35   31
    ISU 259    19   53   54   8

>>> design_lookup(aspect=""replication_plan"")
    minimum usable plants per claim level in this study.
    claim_level     min_usable_plants
    --------------  -----------------
    genotype-level  13
    panel-level     33

>>> qc_lookup(table=""fc1_values"", select=[""genotype"", ""n_plants_excluded""], where=""flag IN ('empty_mask', 'sentinel')"")
    plants excluded per cell, one column per treatment.
    genotype   t20  t40  t60  t80
    ---------  ---  ---  ---  ---
    47         3    6    1    0
    MAGIC 380  1    3    4    2
    Ecl23      0    1    2    4
    ISU 259    3    3    2    1

OUTPUT FORMAT
Reply with exactly one line and nothing else:
ANSWER: <WELL_REPLICATED or UNDERPOWERED>; <usable plants>
","(db_lookup[107:200],design_lookup[200:262],qc_lookup[262:359])",UNDERPOWERED; 12,"(depends on: round 2 answer 47 and round 1 answer 40; the store holds 18 plants for that cell, qc_lookup removes 6, and the floor is 13 -> UNDERPOWERED; 12; ablations: skipping the exclusions gives WELL_REPLICATED; 18; assuming the conventional floor of 10 gives WELL_REPLICATED; 12)"
exp97-chain-0019-medium,1,dose_response_shape,"SESSION
You are analysing experiment 97 at the Ashfield phenotyping facility: a copper
(Cu) dose series on 6 Thlaspi arvense (pennycress) accessions at 0, 10, 50, 100,
500 and 1000 mg kg-1, imaged over 28 days in six modalities.

This is a 5-round investigation. Each round gives you the results of the tool
calls it needs, already run; how many there are varies by round. Later rounds
build on what you established earlier and will not repeat it, so keep your own
answers.

TOOLS (results are inlined; you cannot issue new calls)
  db_lookup(table=, select=, where=, group_by=)   the measurement store
  schema_lookup(trait=)                           which modality records a trait, and in what unit
  qc_lookup(table=, select=, where=)              flags, exclusions, usable counts
  design_lookup(aspect=)                          the protocol: dose series, accession panel,
                                                  imaging rounds, replication plan
  literature_lookup(species=, property=)          published claims
  embedding_lookup(space=, query=, k=)            nearest accessions by profile similarity

TERMS
  treatment        the copper dose, in mg kg-1
  genotype         the accession label
  Fv/Fm_Lss        photosystem-II efficiency, from the fc1 modality
  area_mm2         leaf area
  n_plants         distinct plants behind a cell
  round_to_round   variance of an accession's per-round means
  within_round     variance between plants inside one imaging round

ROUND 1 - TASK (dose_response_shape)
At which copper dose does mean Fv/Fm_Lss peak across the panel?

RULES
1. Two rows in the store carry a similar trait name. Only the
   plant-level trait is the panel measurement; the dictionary says
   which that is.
2. Judge the curve as a whole, not a single cell.

TOOL OUTPUTS

>>> schema_lookup(trait=""Fv/Fm_Lss"")
    trait dictionary: where the trait lives and at what entity level.
    trait          modality  table       unit  entity_level
    -------------  --------  ----------  ----  ------------
    Fv/Fm_Lss      fc1       fc1_values  a.u.  plant
    avg_Fv/Fm_Lss  fc1       fc1_values  a.u.  region

>>> db_lookup(table=""fc1_values"", select=[""trait"", ""mean_value""], where=""experiment_id=97"", group_by=[""trait"", ""treatment""])
    mean value by trait, one column per treatment (mg kg-1).
    trait          t0     t10    t50    t100   t500   t1000
    -------------  -----  -----  -----  -----  -----  -----
    Fv/Fm_Lss      0.474  0.501  0.500  0.522  0.484  0.470
    avg_Fv/Fm_Lss  0.424  0.588  0.456  0.442  0.425  0.460

OUTPUT FORMAT
Reply with exactly one line and nothing else:
ANSWER: <dose in mg kg-1, digits only>
","(schema_lookup[334:432],db_lookup[432:583])",100,(depends on: -; the plant-level Fv/Fm_Lss row peaks at 0.522 on t100 -> 100; ablations: reading the alias row gives 10)
exp97-chain-0019-medium,2,transition_sensitivity,"ROUND 2 - TASK (transition_sensitivity)
Starting from the copper dose you identified in round 1, which accession
loses the most Fv/Fm_Lss when the dose is raised to the next level of the
design series?

RULES
1. The store also holds a pilot dose that is not a level of the
   design series. The next level is the next one in the design
   table, which need not be the next column.
2. Compare each accession against itself across the two doses.

TOOL OUTPUTS

>>> db_lookup(table=""fc1_values"", select=[""genotype"", ""mean_value""], where=""trait='Fv/Fm_Lss'"", group_by=[""genotype"", ""treatment""])
    mean Fv/Fm_Lss by accession, one column per treatment in the store.
    genotype  t50    t100   t300   t500
    --------  -----  -----  -----  -----
    66        0.541  0.498  0.477  0.466
    RIL 293   0.549  0.509  0.339  0.321
    NIL 362   0.524  0.480  0.444  0.435
    Ecm48     0.520  0.492  0.457  0.250

>>> design_lookup(aspect=""dose_series"")
    the design levels, in order. Doses absent here are pilot cells.
    level  treatment
    -----  ---------
    1      0
    2      10
    3      50
    4      100
    5      500
    6      1000

OUTPUT FORMAT
Reply with exactly one line and nothing else:
ANSWER: <accession label exactly as it appears in the table>
","(db_lookup[94:243],design_lookup[243:296])",Ecm48,"(depends on: round 1 answer 100; the step is t100->t500, not the adjacent column t300 which is a pilot cell; per-accession drop Ecm48:+0.242  RIL 293:+0.188  NIL 362:+0.045  66:+0.032 -> Ecm48; ablations: stepping to the next column instead of the next design level gives RIL 293)"
exp97-chain-0019-medium,3,cross_modality_peak,"ROUND 3 - TASK (cross_modality_peak)
For the accession identified in round 2: at which dose does its leaf area
(area_mm2) peak, and does that dose agree with where Fv/Fm_Lss peaked
in round 1?

RULES
1. More than one modality reports this trait. Use the one the
   dictionary marks primary; the other is a derived estimate.
2. A cell flagged empty_mask carries no usable area and cannot be
   the peak. low_mask_coverage is on nearly every row and is not a
   reason to discard.
3. The verdict is AGREES when the area peak falls on the dose from
   round 1, and DISAGREES otherwise. Report both parts.

TOOL OUTPUTS

>>> schema_lookup(trait=""area_mm2"")
    modalities reporting this trait.
    trait     modality  modality_role       unit  trait_role
    --------  --------  ------------------  ----  ----------
    area_mm2  rgb2      top-view RGB        mm2   primary
    area_mm2  swir      SWIR hyperspectral  mm2   derived

>>> qc_lookup(table=""rgb2_features"", select=[""genotype"", ""treatment"", ""flag""], where=""flag='empty_mask'"")
    cells voided by empty_mask.
    genotype   treatment  flag
    ---------  ---------  ----------
    Ecm48      0          empty_mask
    MAGIC 121  1000       empty_mask

>>> db_lookup(table=""features"", select=[""modality"", ""genotype"", ""mean_area_mm2""], where=""trait='area_mm2'"", group_by=[""modality"", ""genotype"", ""treatment""])
    mean area_mm2 by modality and accession, one column per treatment.
    modality  genotype   t0     t100   t1000
    --------  ---------  -----  -----  -----
    rgb2      Ecm48      23.53  9.65   19.03
    rgb2      MAGIC 121  22.63  13.69  12.80
    rgb2      NIL 362    10.93  19.66  10.89
    rgb2      66         23.08  14.52  12.11
    swir      Ecm48      6.77   14.42  6.72
    swir      MAGIC 121  9.28   16.94  9.21
    swir      NIL 362    6.56   7.28   14.86
    swir      66         10.20  17.26  9.95

OUTPUT FORMAT
Reply with exactly one line and nothing else:
ANSWER: <dose in mg kg-1, digits only>; <AGREES or DISAGREES>
","(schema_lookup[126:209],qc_lookup[209:289],db_lookup[289:483])",1000; DISAGREES,(depends on: round 2 answer Ecm48 and round 1 answer 100; on the rgb2 row for Ecm48 the largest usable cell is t1000 -> 1000; DISAGREES; ablations: reading the swir rows gives 100; AGREES; ignoring empty_mask gives 0; DISAGREES)
exp97-chain-0019-medium,4,modality_coverage,"ROUND 4 - TASK (modality_coverage)
For the accession identified in round 2: which modalities hold usable feature
rows for it in this experiment?

RULES
1. A modality whose rows are all flagged holds nothing usable.
2. List the modalities in the column order of the store table.

TOOL OUTPUTS

>>> db_lookup(table=""features"", select=[""genotype"", ""modality"", ""n_rows""], group_by=[""genotype"", ""modality""])
    feature rows per accession, one column per modality.
    genotype   fc1  rgb2  msc1  vnir  swir  s3d
    ---------  ---  ----  ----  ----  ----  ---
    Ecm48      42   67    62    34    38    0
    MAGIC 121  44   64    64    19    0     31
    NIL 362    0    59    55    0     29    23
    66         0    65    62    0     33    47

>>> qc_lookup(table=""features"", select=[""genotype"", ""modality"", ""n_usable""], group_by=[""genotype"", ""modality""])
    rows surviving QC, one column per modality.
    genotype   fc1  rgb2  msc1  vnir  swir  s3d
    ---------  ---  ----  ----  ----  ----  ---
    Ecm48      42   65    60    32    0     0
    MAGIC 121  44   61    61    16    0     29
    NIL 362    0    57    55    0     28    21
    66         0    64    61    0     31    44

OUTPUT FORMAT
Reply with exactly one line and nothing else:
ANSWER: <modalities, comma separated, in table column order>
","(db_lookup[57:174],qc_lookup[174:290])","fc1, rgb2, msc1, vnir","(depends on: round 2 answer Ecm48; that row is non-zero for fc1, rgb2, msc1, vnir, swir and swir has nothing left after QC -> fc1, rgb2, msc1, vnir; ablations: ignoring the quality gate gives fc1, rgb2, msc1, vnir, swir)"
exp97-chain-0019-medium,5,analogue_search,"ROUND 5 - TASK (analogue_search)
For the accession identified in round 2: which accession is its nearest
analogue by Fv/Fm_Lss dose-response profile, and does that analogue's own
peak fall on the dose you identified in round 1?

RULES
1. Take the nearest neighbour that is eligible: observational
   accessions cannot be analogues.
2. Neighbours are listed in descending similarity.
3. Report the analogue, then MATCHES if its own peak is the dose from
   round 1 and DIVERGES if it is not.

TOOL OUTPUTS

>>> db_lookup(table=""fc1_values"", select=[""genotype"", ""peak_treatment""], where=""trait='Fv/Fm_Lss'"", group_by=[""genotype""])
    the treatment at which each accession's own Fv/Fm_Lss is highest.
    genotype   peak_treatment
    ---------  --------------
    Ecm48      0
    MAGIC 121  50
    NIL 362    0
    66         500

>>> design_lookup(aspect=""accession_panel"")
    panel membership for this experiment.
    genotype   panel_role
    ---------  -------------
    Ecm48      core
    MAGIC 121  observational
    NIL 362    core
    66         core

>>> embedding_lookup(space=""dose_response_profile"", query=""panel"", k=3)
    nearest accessions by Fv/Fm_Lss profile, for every panel member.
    genotype   neighbour_1        neighbour_2        neighbour_3
    ---------  -----------------  -----------------  ---------------
    Ecm48      MAGIC 121 (0.965)  NIL 362 (0.908)    66 (0.748)
    MAGIC 121  66 (0.898)         Ecm48 (0.722)      NIL 362 (0.607)
    NIL 362    Ecm48 (0.901)      MAGIC 121 (0.826)  66 (0.709)
    66         Ecm48 (0.930)      MAGIC 121 (0.757)  NIL 362 (0.656)

OUTPUT FORMAT
Reply with exactly one line and nothing else:
ANSWER: <accession label>; <MATCHES or DIVERGES>
","(db_lookup[101:194],design_lookup[194:245],embedding_lookup[245:425])",NIL 362; DIVERGES,"(depends on: round 2 answer Ecm48 and round 1 answer 100; the nearest eligible analogue is NIL 362, whose own peak is t0 -> NIL 362; DIVERGES; ablations: taking the nearest neighbour regardless of panel role gives MAGIC 121; DIVERGES)"
exp32-chain-0020-hard,1,dose_response_shape,"SESSION
You are analysing experiment 32 at the Ashfield phenotyping facility: a cobalt
(Co) dose series on 6 Brassica napus (oilseed rape) accessions at 0, 50, 100, 200,
500 and 1000 mg kg-1, imaged over 28 days in six modalities.

This is a 6-round investigation. Each round gives you the results of the tool
calls it needs, already run; how many there are varies by round. Later rounds
build on what you established earlier and will not repeat it, so keep your own
answers.

TOOLS (results are inlined; you cannot issue new calls)
  db_lookup(table=, select=, where=, group_by=)   the measurement store
  schema_lookup(trait=)                           which modality records a trait, and in what unit
  qc_lookup(table=, select=, where=)              flags, exclusions, usable counts
  design_lookup(aspect=)                          the protocol: dose series, accession panel,
                                                  imaging rounds, replication plan
  literature_lookup(species=, property=)          published claims
  embedding_lookup(space=, query=, k=)            nearest accessions by profile similarity

TERMS
  treatment        the cobalt dose, in mg kg-1
  genotype         the accession label
  Fv/Fm_Lss        photosystem-II efficiency, from the fc1 modality
  area_mm2         leaf area
  n_plants         distinct plants behind a cell
  round_to_round   variance of an accession's per-round means
  within_round     variance between plants inside one imaging round

ROUND 1 - TASK (dose_response_shape)
At which cobalt dose does mean Fv/Fm_Lss peak across the panel?

RULES
1. Two rows in the store carry a similar trait name. Only the
   plant-level trait is the panel measurement; the dictionary says
   which that is.
2. A treatment cell must clear the usable-plant floor in the quality
   gate before it can be called a peak.
3. Judge the curve as a whole, not a single cell.

TOOL OUTPUTS

>>> schema_lookup(trait=""Fv/Fm_Lss"")
    trait dictionary: where the trait lives and at what entity level.
    trait          modality  table       unit  entity_level
    -------------  --------  ----------  ----  ------------
    Fv/Fm_Lss      fc1       fc1_values  a.u.  plant
    avg_Fv/Fm_Lss  fc1       fc1_values  a.u.  region

>>> qc_lookup(table=""fc1_values"", select=[""treatment"", ""n_plants_usable""], where=""trait='Fv/Fm_Lss'"")
    plants surviving QC per treatment; the floor for a panel claim is 15.
    treatment  n_plants_usable
    ---------  ---------------
    0          5
    50         57
    100        60
    200        50
    500        54
    1000       50

>>> db_lookup(table=""fc1_values"", select=[""trait"", ""mean_value""], where=""experiment_id=32"", group_by=[""trait"", ""treatment""])
    mean value by trait, one column per treatment (mg kg-1).
    trait          t0     t50    t100   t200   t500   t1000
    -------------  -----  -----  -----  -----  -----  -----
    Fv/Fm_Lss      0.540  0.508  0.524  0.488  0.469  0.444
    avg_Fv/Fm_Lss  0.416  0.468  0.402  0.430  0.436  0.599

OUTPUT FORMAT
Reply with exactly one line and nothing else:
ANSWER: <dose in mg kg-1, digits only>
","(schema_lookup[359:457],qc_lookup[457:545],db_lookup[545:696])",100,(depends on: -; the plant-level Fv/Fm_Lss row peaks at 0.524 on t100 -> 100; ablations: reading the alias row gives 1000; ignoring the quality gate gives 0 on 5 plants)
exp32-chain-0020-hard,2,transition_sensitivity,"ROUND 2 - TASK (transition_sensitivity)
Starting from the cobalt dose you identified in round 1, which accession
loses the most Fv/Fm_Lss when the dose is raised to the next level of the
design series?

RULES
1. The store also holds a pilot dose that is not a level of the
   design series. The next level is the next one in the design
   table, which need not be the next column.
2. Only accessions in the core panel can be ranked; observational
   ones are carried for reference.
3. Compare each accession against itself across the two doses.

TOOL OUTPUTS

>>> design_lookup(aspect=""accession_panel"")
    panel membership for this experiment.
    genotype  panel_role
    --------  -------------
    RIL 161   core
    NIL 373   core
    73        observational
    MAGIC 75  core
    62        core

>>> db_lookup(table=""fc1_values"", select=[""genotype"", ""mean_value""], where=""trait='Fv/Fm_Lss'"", group_by=[""genotype"", ""treatment""])
    mean Fv/Fm_Lss by accession, one column per treatment in the store.
    genotype  t0     t100   t150   t200
    --------  -----  -----  -----  -----
    RIL 161   0.548  0.541  0.525  0.500
    NIL 373   0.522  0.499  0.345  0.325
    73        0.549  0.536  0.499  0.196
    MAGIC 75  0.557  0.549  0.508  0.318
    62        0.538  0.509  0.468  0.429

>>> design_lookup(aspect=""dose_series"")
    the design levels, in order. Doses absent here are pilot cells.
    level  treatment
    -----  ---------
    1      0
    2      50
    3      100
    4      200
    5      500
    6      1000

OUTPUT FORMAT
Reply with exactly one line and nothing else:
ANSWER: <accession label exactly as it appears in the table>
","(design_lookup[113:166],db_lookup[166:329],design_lookup[329:382])",MAGIC 75,"(depends on: round 1 answer 100; the step is t100->t200, not the adjacent column t150 which is a pilot cell; per-accession drop MAGIC 75:+0.231  NIL 373:+0.174  62:+0.080  RIL 161:+0.041 -> MAGIC 75; ablations: stepping to the next column instead of the next design level gives NIL 373; ranking without the panel table gives 73, which is observational)"
exp32-chain-0020-hard,3,cross_modality_peak,"ROUND 3 - TASK (cross_modality_peak)
For the accession identified in round 2: at which dose does its leaf area
(area_mm2) peak, and does that dose agree with where Fv/Fm_Lss peaked
in round 1?

RULES
1. More than one modality reports this trait. Use the one the
   dictionary marks primary; the other is a derived estimate.
2. A cell flagged empty_mask carries no usable area and cannot be
   the peak. low_mask_coverage is on nearly every row and is not a
   reason to discard.
3. The verdict is AGREES when the area peak falls on the dose from
   round 1, and DISAGREES otherwise. Report both parts.

TOOL OUTPUTS

>>> schema_lookup(trait=""area_mm2"")
    modalities reporting this trait.
    trait     modality  modality_role       unit  trait_role
    --------  --------  ------------------  ----  ----------
    area_mm2  rgb2      top-view RGB        mm2   primary
    area_mm2  swir      SWIR hyperspectral  mm2   derived

>>> qc_lookup(table=""rgb2_features"", select=[""genotype"", ""treatment"", ""flag""], where=""flag='empty_mask'"")
    cells voided by empty_mask.
    genotype  treatment  flag
    --------  ---------  ----------
    MAGIC 75  1000       empty_mask
    73        500        empty_mask

>>> db_lookup(table=""features"", select=[""modality"", ""genotype"", ""mean_area_mm2""], where=""trait='area_mm2'"", group_by=[""modality"", ""genotype"", ""treatment""])
    mean area_mm2 by modality and accession, one column per treatment.
    modality  genotype  t0     t100   t500   t1000
    --------  --------  -----  -----  -----  -----
    rgb2      MAGIC 75  13.29  21.96  13.34  26.46
    rgb2      73        12.53  15.02  23.86  14.68
    rgb2      NIL 373   23.42  14.36  13.35  10.91
    rgb2      RIL 161   12.21  14.29  15.67  24.87
    swir      MAGIC 75  7.38   8.42   8.87   16.47
    swir      73        7.81   9.45   10.59  17.80
    swir      NIL 373   9.82   17.49  10.14  9.29
    swir      RIL 161   18.51  11.00  10.15  8.51

OUTPUT FORMAT
Reply with exactly one line and nothing else:
ANSWER: <dose in mg kg-1, digits only>; <AGREES or DISAGREES>
","(schema_lookup[126:209],qc_lookup[209:288],db_lookup[288:513])",100; AGREES,(depends on: round 2 answer MAGIC 75 and round 1 answer 100; on the rgb2 row for MAGIC 75 the largest usable cell is t100 -> 100; AGREES; ablations: reading the swir rows gives 1000; DISAGREES; ignoring empty_mask gives 1000; DISAGREES)
exp32-chain-0020-hard,4,modality_coverage,"ROUND 4 - TASK (modality_coverage)
For the accession identified in round 2: which modalities hold usable feature
rows for it in this experiment?

RULES
1. A modality never scheduled for this experiment does not count,
   even if rows for it exist: those were carried over.
2. A modality whose rows are all flagged holds nothing usable.
3. List the modalities in the column order of the store table.

TOOL OUTPUTS

>>> qc_lookup(table=""features"", select=[""genotype"", ""modality"", ""n_usable""], group_by=[""genotype"", ""modality""])
    rows surviving QC, one column per modality.
    genotype  fc1  rgb2  msc1  vnir  swir  s3d
    --------  ---  ----  ----  ----  ----  ---
    MAGIC 75  0    56    63    0     19    35
    73        36   57    64    25    0     0
    NIL 373   0    60    61    0     0     15
    RIL 161   0    57    62    16    0     0

>>> design_lookup(aspect=""imaging_rounds"")
    imaging rounds scheduled per modality for this experiment.
    modality  records                   rounds_scheduled
    --------  ------------------------  ----------------
    fc1       chlorophyll fluorescence  49
    rgb2      top-view RGB              22
    msc1      multispectral             47
    vnir      VNIR hyperspectral        43
    swir      SWIR hyperspectral        0
    s3d       3-D structural scan       34

>>> db_lookup(table=""features"", select=[""genotype"", ""modality"", ""n_rows""], group_by=[""genotype"", ""modality""])
    feature rows per accession, one column per modality.
    genotype  fc1  rgb2  msc1  vnir  swir  s3d
    --------  ---  ----  ----  ----  ----  ---
    MAGIC 75  0    57    65    41    20    37
    73        38   57    65    27    0     0
    NIL 373   0    60    62    0     0     18
    RIL 161   0    58    63    17    0     0

OUTPUT FORMAT
Reply with exactly one line and nothing else:
ANSWER: <modalities, comma separated, in table column order>
","(qc_lookup[82:198],design_lookup[198:297],db_lookup[297:414])","rgb2, msc1, s3d","(depends on: round 2 answer MAGIC 75; that row is non-zero for rgb2, msc1, vnir, swir, s3d, but swir was never scheduled and vnir has nothing left after QC -> rgb2, msc1, s3d; ablations: ignoring the schedule gives rgb2, msc1, swir, s3d; ignoring the quality gate gives rgb2, msc1, vnir, s3d)"
exp32-chain-0020-hard,5,analogue_search,"ROUND 5 - TASK (analogue_search)
For the accession identified in round 2: which accession is its nearest
analogue by Fv/Fm_Lss dose-response profile, and does that analogue's own
peak fall on the dose you identified in round 1?

RULES
1. Take the nearest neighbour that is eligible: observational
   accessions cannot be analogues.
2. Neighbours are listed in descending similarity.
3. Report the analogue, then MATCHES if its own peak is the dose from
   round 1 and DIVERGES if it is not.

TOOL OUTPUTS

>>> embedding_lookup(space=""dose_response_profile"", query=""panel"", k=3)
    nearest accessions by Fv/Fm_Lss profile, for every panel member.
    genotype  neighbour_1       neighbour_2       neighbour_3
    --------  ----------------  ----------------  ----------------
    MAGIC 75  73 (0.972)        NIL 373 (0.914)   RIL 161 (0.816)
    73        NIL 373 (0.933)   MAGIC 75 (0.802)  RIL 161 (0.606)
    NIL 373   MAGIC 75 (0.910)  73 (0.736)        RIL 161 (0.644)
    RIL 161   NIL 373 (0.913)   73 (0.794)        MAGIC 75 (0.619)

>>> design_lookup(aspect=""accession_panel"")
    panel membership for this experiment.
    genotype  panel_role
    --------  -------------
    MAGIC 75  core
    73        observational
    NIL 373   core
    RIL 161   core

>>> db_lookup(table=""fc1_values"", select=[""genotype"", ""peak_treatment""], where=""trait='Fv/Fm_Lss'"", group_by=[""genotype""])
    the treatment at which each accession's own Fv/Fm_Lss is highest.
    genotype  peak_treatment
    --------  --------------
    MAGIC 75  1000
    73        100
    NIL 373   0
    RIL 161   1000

OUTPUT FORMAT
Reply with exactly one line and nothing else:
ANSWER: <accession label>; <MATCHES or DIVERGES>
","(embedding_lookup[101:283],design_lookup[283:334],db_lookup[334:427])",NIL 373; DIVERGES,"(depends on: round 2 answer MAGIC 75 and round 1 answer 100; the nearest eligible analogue is NIL 373, whose own peak is t0 -> NIL 373; DIVERGES; ablations: taking the nearest neighbour regardless of panel role gives 73; MATCHES)"
exp32-chain-0020-hard,6,variance_regime,"ROUND 6 - TASK (variance_regime)
Name the cell -- accession and dose -- at which the accession identified in
round 2 first shows round-to-round variance of Fv/Fm_Lss exceeding its
within-round variance.

RULES
1. The two variances come from separate queries; compare them cell by
   cell.
2. A cell built on fewer than 3 imaging rounds is not
   comparable and must be skipped, however its numbers look.
3. Report the first qualifying dose reading left to right, not the
   largest gap, and name the accession alongside it.

TOOL OUTPUTS

>>> db_lookup(table=""fc1_values"", select=[""genotype"", ""round_to_round""], where=""trait='Fv/Fm_Lss'"", group_by=[""genotype"", ""treatment""])
    round-to-round variance, one column per treatment.
    genotype  t0     t50    t100   t200   t500   t1000
    --------  -----  -----  -----  -----  -----  -----
    MAGIC 75  0.015  0.028  0.039  0.051  0.062  0.077
    73        0.013  0.027  0.039  0.052  0.063  0.075
    NIL 373   0.016  0.026  0.040  0.049  0.065  0.074
    RIL 161   0.016  0.029  0.039  0.052  0.065  0.076

>>> db_lookup(table=""fc1_values"", select=[""genotype"", ""within_round""], where=""trait='Fv/Fm_Lss'"", group_by=[""genotype"", ""treatment""])
    within-round variance, one column per treatment.
    genotype  t0     t50    t100   t200   t500   t1000
    --------  -----  -----  -----  -----  -----  -----
    MAGIC 75  0.025  0.045  0.062  0.038  0.040  0.051
    73        0.037  0.038  0.053  0.059  0.042  0.049
    NIL 373   0.034  0.004  0.016  0.026  0.055  0.045
    RIL 161   0.024  0.055  0.033  0.025  0.038  0.070

>>> qc_lookup(table=""fc1_values"", select=[""genotype"", ""n_rounds""], where=""trait='Fv/Fm_Lss'"")
    imaging rounds behind each cell, one column per treatment.
    genotype  t0  t50  t100  t200  t500  t1000
    --------  --  ---  ----  ----  ----  -----
    MAGIC 75  5   9    4     1     8     9
    73        5   8    6     6     5     4
    NIL 373   4   8    7     5     9     9
    RIL 161   5   9    4     8     4     6

OUTPUT FORMAT
Reply with exactly one line and nothing else:
ANSWER: <accession>@<dose>
","(db_lookup[111:294],db_lookup[294:475],qc_lookup[475:589])",MAGIC 75@500,"(depends on: round 2 answer MAGIC 75; comparing the two variance tables cell by cell, MAGIC 75 first crosses at t200, but that cell rests on 1 imaging round, under the 3 needed, so the first comparable crossing is t500 -> MAGIC 75@500; ablations: taking the largest round-to-round value without the within-round table gives MAGIC 75@1000; ignoring the round counts gives MAGIC 75@200)"
exp146-chain-0021-medium,1,dose_response_shape,"SESSION
You are analysing experiment 146 at the Ridgefield phenotyping facility: a cadmium
(Cd) dose series on 6 Thlaspi arvense (pennycress) accessions at 0, 50, 100, 200,
500 and 1000 mg kg-1, imaged over 28 days in six modalities.

This is a 4-round investigation. Each round gives you the results of the tool
calls it needs, already run; how many there are varies by round. Later rounds
build on what you established earlier and will not repeat it, so keep your own
answers.

TOOLS (results are inlined; you cannot issue new calls)
  db_lookup(table=, select=, where=, group_by=)   the measurement store
  schema_lookup(trait=)                           which modality records a trait, and in what unit
  qc_lookup(table=, select=, where=)              flags, exclusions, usable counts
  design_lookup(aspect=)                          the protocol: dose series, accession panel,
                                                  imaging rounds, replication plan
  literature_lookup(species=, property=)          published claims
  embedding_lookup(space=, query=, k=)            nearest accessions by profile similarity

TERMS
  treatment        the cadmium dose, in mg kg-1
  genotype         the accession label
  Fv/Fm_Lss        photosystem-II efficiency, from the fc1 modality
  area_mm2         leaf area
  n_plants         distinct plants behind a cell
  round_to_round   variance of an accession's per-round means
  within_round     variance between plants inside one imaging round

ROUND 1 - TASK (dose_response_shape)
At which cadmium dose does mean Fv/Fm_Lss peak across the panel?

RULES
1. Two rows in the store carry a similar trait name. Only the
   plant-level trait is the panel measurement; the dictionary says
   which that is.
2. A treatment cell must clear the usable-plant floor in the quality
   gate before it can be called a peak.
3. Judge the curve as a whole, not a single cell.

TOOL OUTPUTS

>>> schema_lookup(trait=""Fv/Fm_Lss"")
    trait dictionary: where the trait lives and at what entity level.
    trait          modality  table       unit  entity_level
    -------------  --------  ----------  ----  ------------
    Fv/Fm_Lss      fc1       fc1_values  a.u.  plant
    avg_Fv/Fm_Lss  fc1       fc1_values  a.u.  region

>>> db_lookup(table=""fc1_values"", select=[""trait"", ""mean_value""], where=""experiment_id=146"", group_by=[""trait"", ""treatment""])
    mean value by trait, one column per treatment (mg kg-1).
    trait          t0     t50    t100   t200   t500   t1000
    -------------  -----  -----  -----  -----  -----  -----
    Fv/Fm_Lss      0.535  0.503  0.516  0.485  0.461  0.436
    avg_Fv/Fm_Lss  0.387  0.441  0.448  0.402  0.439  0.583

>>> qc_lookup(table=""fc1_values"", select=[""treatment"", ""n_plants_usable""], where=""trait='Fv/Fm_Lss'"")
    plants surviving QC per treatment; the floor for a panel claim is 10.
    treatment  n_plants_usable
    ---------  ---------------
    0          3
    50         56
    100        53
    200        58
    500        60
    1000       56

OUTPUT FORMAT
Reply with exactly one line and nothing else:
ANSWER: <dose in mg kg-1, digits only>
","(schema_lookup[358:456],db_lookup[456:607],qc_lookup[607:695])",100,(depends on: -; the plant-level Fv/Fm_Lss row peaks at 0.516 on t100 -> 100; ablations: reading the alias row gives 1000; ignoring the quality gate gives 0 on 3 plants)
exp146-chain-0021-medium,2,transition_sensitivity,"ROUND 2 - TASK (transition_sensitivity)
Starting from the cadmium dose you identified in round 1, which accession
loses the most Fv/Fm_Lss when the dose is raised to the next level of the
design series?

RULES
1. The store also holds a pilot dose that is not a level of the
   design series. The next level is the next one in the design
   table, which need not be the next column.
2. Only accessions in the core panel can be ranked; observational
   ones are carried for reference.
3. Compare each accession against itself across the two doses.

TOOL OUTPUTS

>>> design_lookup(aspect=""dose_series"")
    the design levels, in order. Doses absent here are pilot cells.
    level  treatment
    -----  ---------
    1      0
    2      50
    3      100
    4      200
    5      500
    6      1000

>>> db_lookup(table=""fc1_values"", select=[""genotype"", ""mean_value""], where=""trait='Fv/Fm_Lss'"", group_by=[""genotype"", ""treatment""])
    mean Fv/Fm_Lss by accession, one column per treatment in the store.
    genotype  t0     t100   t150   t200
    --------  -----  -----  -----  -----
    ISU 201   0.549  0.515  0.500  0.474
    Ecl16     0.556  0.531  0.492  0.290
    NIL 256   0.538  0.515  0.480  0.178
    ISU 456   0.535  0.517  0.367  0.347
    47        0.547  0.509  0.496  0.453

>>> design_lookup(aspect=""accession_panel"")
    panel membership for this experiment.
    genotype  panel_role
    --------  -------------
    ISU 201   core
    Ecl16     core
    NIL 256   observational
    ISU 456   core
    47        core

OUTPUT FORMAT
Reply with exactly one line and nothing else:
ANSWER: <accession label exactly as it appears in the table>
","(design_lookup[113:166],db_lookup[166:329],design_lookup[329:382])",Ecl16,"(depends on: round 1 answer 100; the step is t100->t200, not the adjacent column t150 which is a pilot cell; per-accession drop Ecl16:+0.241  ISU 456:+0.170  47:+0.056  ISU 201:+0.041 -> Ecl16; ablations: stepping to the next column instead of the next design level gives ISU 456; ranking without the panel table gives NIL 256, which is observational)"
exp146-chain-0021-medium,3,cross_modality_peak,"ROUND 3 - TASK (cross_modality_peak)
For the accession identified in round 2: at which dose does its leaf area
(area_mm2) peak, and does that dose agree with where Fv/Fm_Lss peaked
in round 1?

RULES
1. More than one modality reports this trait. Use the one the
   dictionary marks primary; the other is a derived estimate.
2. A cell flagged empty_mask carries no usable area and cannot be
   the peak. low_mask_coverage is on nearly every row and is not a
   reason to discard.
3. The verdict is AGREES when the area peak falls on the dose from
   round 1, and DISAGREES otherwise. Report both parts.

TOOL OUTPUTS

>>> db_lookup(table=""features"", select=[""modality"", ""genotype"", ""mean_area_mm2""], where=""trait='area_mm2'"", group_by=[""modality"", ""genotype"", ""treatment""])
    mean area_mm2 by modality and accession, one column per treatment.
    modality  genotype  t0     t100   t500   t1000
    --------  --------  -----  -----  -----  -----
    rgb2      Ecl16     12.39  14.11  23.11  27.61
    rgb2      NIL 256   10.61  19.96  11.38  9.51
    rgb2      47        8.62   12.56  13.70  22.38
    rgb2      ISU 201   23.37  14.71  13.20  10.78
    swir      Ecl16     17.28  9.52   8.65   7.39
    swir      NIL 256   6.72   7.73   15.07  7.35
    swir      47        9.39   16.76  9.05   8.36
    swir      ISU 201   8.79   10.15  17.46  9.84

>>> schema_lookup(trait=""area_mm2"")
    modalities reporting this trait.
    trait     modality  modality_role       unit  trait_role
    --------  --------  ------------------  ----  ----------
    area_mm2  rgb2      top-view RGB        mm2   primary
    area_mm2  swir      SWIR hyperspectral  mm2   derived

>>> qc_lookup(table=""rgb2_features"", select=[""genotype"", ""treatment"", ""flag""], where=""flag='empty_mask'"")
    cells voided by empty_mask.
    genotype  treatment  flag
    --------  ---------  ----------
    Ecl16     1000       empty_mask
    NIL 256   1000       empty_mask

OUTPUT FORMAT
Reply with exactly one line and nothing else:
ANSWER: <dose in mg kg-1, digits only>; <AGREES or DISAGREES>
","(db_lookup[126:349],schema_lookup[349:432],qc_lookup[432:511])",500; DISAGREES,(depends on: round 2 answer Ecl16 and round 1 answer 100; on the rgb2 row for Ecl16 the largest usable cell is t500 -> 500; DISAGREES; ablations: reading the swir rows gives 0; DISAGREES; ignoring empty_mask gives 1000; DISAGREES)
exp146-chain-0021-medium,4,modality_coverage,"ROUND 4 - TASK (modality_coverage)
For the accession identified in round 2: which modalities hold usable feature
rows for it in this experiment?

RULES
1. A modality never scheduled for this experiment does not count,
   even if rows for it exist: those were carried over.
2. A modality whose rows are all flagged holds nothing usable.
3. List the modalities in the column order of the store table.

TOOL OUTPUTS

>>> db_lookup(table=""features"", select=[""genotype"", ""modality"", ""n_rows""], group_by=[""genotype"", ""modality""])
    feature rows per accession, one column per modality.
    genotype  fc1  rgb2  msc1  vnir  swir  s3d
    --------  ---  ----  ----  ----  ----  ---
    Ecl16     0    62    62    48    0     46
    NIL 256   32   59    57    0     0     0
    47        15   64    59    0     19    0
    ISU 201   40   58    58    0     47    0

>>> design_lookup(aspect=""imaging_rounds"")
    imaging rounds scheduled per modality for this experiment.
    modality  records                   rounds_scheduled
    --------  ------------------------  ----------------
    fc1       chlorophyll fluorescence  66
    rgb2      top-view RGB              40
    msc1      multispectral             28
    vnir      VNIR hyperspectral        48
    swir      SWIR hyperspectral        62
    s3d       3-D structural scan       0

>>> qc_lookup(table=""features"", select=[""genotype"", ""modality"", ""n_usable""], group_by=[""genotype"", ""modality""])
    rows surviving QC, one column per modality.
    genotype  fc1  rgb2  msc1  vnir  swir  s3d
    --------  ---  ----  ----  ----  ----  ---
    Ecl16     0    59    62    0     0     45
    NIL 256   29   56    57    0     0     0
    47        15   61    59    0     17    0
    ISU 201   40   57    57    0     47    0

OUTPUT FORMAT
Reply with exactly one line and nothing else:
ANSWER: <modalities, comma separated, in table column order>
","(db_lookup[82:198],design_lookup[198:297],qc_lookup[297:412])","rgb2, msc1","(depends on: round 2 answer Ecl16; that row is non-zero for rgb2, msc1, vnir, s3d, but s3d was never scheduled and vnir has nothing left after QC -> rgb2, msc1; ablations: ignoring the schedule gives rgb2, msc1, s3d; ignoring the quality gate gives rgb2, msc1, vnir)"
exp23-chain-0022-medium,1,dose_response_shape,"SESSION
You are analysing experiment 23 at the Norwood phenotyping facility: a cobalt (Co)
dose series on 6 Brassica napus (oilseed rape) accessions at 0, 50, 100, 200, 500
and 1000 mg kg-1, imaged over 28 days in six modalities.

This is a 5-round investigation. Each round gives you the results of the tool
calls it needs, already run; how many there are varies by round. Later rounds
build on what you established earlier and will not repeat it, so keep your own
answers.

TOOLS (results are inlined; you cannot issue new calls)
  db_lookup(table=, select=, where=, group_by=)   the measurement store
  schema_lookup(trait=)                           which modality records a trait, and in what unit
  qc_lookup(table=, select=, where=)              flags, exclusions, usable counts
  design_lookup(aspect=)                          the protocol: dose series, accession panel,
                                                  imaging rounds, replication plan
  literature_lookup(species=, property=)          published claims
  embedding_lookup(space=, query=, k=)            nearest accessions by profile similarity

TERMS
  treatment        the cobalt dose, in mg kg-1
  genotype         the accession label
  Fv/Fm_Lss        photosystem-II efficiency, from the fc1 modality
  area_mm2         leaf area
  n_plants         distinct plants behind a cell
  round_to_round   variance of an accession's per-round means
  within_round     variance between plants inside one imaging round

ROUND 1 - TASK (dose_response_shape)
At which cobalt dose does mean Fv/Fm_Lss peak across the panel?

RULES
1. Two rows in the store carry a similar trait name. Only the
   plant-level trait is the panel measurement; the dictionary says
   which that is.
2. A treatment cell must clear the usable-plant floor in the quality
   gate before it can be called a peak.
3. Judge the curve as a whole, not a single cell.

TOOL OUTPUTS

>>> db_lookup(table=""fc1_values"", select=[""trait"", ""mean_value""], where=""experiment_id=23"", group_by=[""trait"", ""treatment""])
    mean value by trait, one column per treatment (mg kg-1).
    trait          t0     t50    t100   t200   t500   t1000
    -------------  -----  -----  -----  -----  -----  -----
    Fv/Fm_Lss      0.472  0.546  0.503  0.523  0.486  0.457
    avg_Fv/Fm_Lss  0.596  0.402  0.449  0.388  0.425  0.434

>>> schema_lookup(trait=""Fv/Fm_Lss"")
    trait dictionary: where the trait lives and at what entity level.
    trait          modality  table       unit  entity_level
    -------------  --------  ----------  ----  ------------
    Fv/Fm_Lss      fc1       fc1_values  a.u.  plant
    avg_Fv/Fm_Lss  fc1       fc1_values  a.u.  region

>>> qc_lookup(table=""fc1_values"", select=[""treatment"", ""n_plants_usable""], where=""trait='Fv/Fm_Lss'"")
    plants surviving QC per treatment; the floor for a panel claim is 10.
    treatment  n_plants_usable
    ---------  ---------------
    0          59
    50         5
    100        52
    200        53
    500        54
    1000       50

OUTPUT FORMAT
Reply with exactly one line and nothing else:
ANSWER: <dose in mg kg-1, digits only>
","(db_lookup[359:510],schema_lookup[510:608],qc_lookup[608:696])",200,(depends on: -; the plant-level Fv/Fm_Lss row peaks at 0.523 on t200 -> 200; ablations: reading the alias row gives 0; ignoring the quality gate gives 50 on 5 plants)
exp23-chain-0022-medium,2,transition_sensitivity,"ROUND 2 - TASK (transition_sensitivity)
Starting from the cobalt dose you identified in round 1, which accession
loses the most Fv/Fm_Lss when the dose is raised to the next level of the
design series?

RULES
1. The store also holds a pilot dose that is not a level of the
   design series. The next level is the next one in the design
   table, which need not be the next column.
2. Only accessions in the core panel can be ranked; observational
   ones are carried for reference.
3. Compare each accession against itself across the two doses.

TOOL OUTPUTS

>>> design_lookup(aspect=""dose_series"")
    the design levels, in order. Doses absent here are pilot cells.
    level  treatment
    -----  ---------
    1      0
    2      50
    3      100
    4      200
    5      500
    6      1000

>>> db_lookup(table=""fc1_values"", select=[""genotype"", ""mean_value""], where=""trait='Fv/Fm_Lss'"", group_by=[""genotype"", ""treatment""])
    mean Fv/Fm_Lss by accession, one column per treatment in the store.
    genotype  t50    t200   t350   t500
    --------  -----  -----  -----  -----
    Ecm13     0.560  0.550  0.527  0.211
    ISU 129   0.536  0.505  0.475  0.265
    92        0.522  0.494  0.454  0.414
    RIL 138   0.526  0.502  0.496  0.476
    61        0.553  0.545  0.383  0.376

>>> design_lookup(aspect=""accession_panel"")
    panel membership for this experiment.
    genotype  panel_role
    --------  -------------
    Ecm13     observational
    ISU 129   core
    92        core
    RIL 138   core
    61        core

OUTPUT FORMAT
Reply with exactly one line and nothing else:
ANSWER: <accession label exactly as it appears in the table>
","(design_lookup[113:166],db_lookup[166:328],design_lookup[328:380])",ISU 129,"(depends on: round 1 answer 200; the step is t200->t500, not the adjacent column t350 which is a pilot cell; per-accession drop ISU 129:+0.240  61:+0.169  92:+0.080  RIL 138:+0.026 -> ISU 129; ablations: stepping to the next column instead of the next design level gives 61; ranking without the panel table gives Ecm13, which is observational)"
exp23-chain-0022-medium,3,cross_modality_peak,"ROUND 3 - TASK (cross_modality_peak)
For the accession identified in round 2: at which dose does its leaf area
(area_mm2) peak, and does that dose agree with where Fv/Fm_Lss peaked
in round 1?

RULES
1. A cell flagged empty_mask carries no usable area and cannot be
   the peak. low_mask_coverage is on nearly every row and is not a
   reason to discard.
2. The verdict is AGREES when the area peak falls on the dose from
   round 1, and DISAGREES otherwise. Report both parts.

TOOL OUTPUTS

>>> db_lookup(table=""features"", select=[""modality"", ""genotype"", ""mean_area_mm2""], where=""trait='area_mm2'"", group_by=[""modality"", ""genotype"", ""treatment""])
    mean area_mm2 by modality and accession, one column per treatment.
    modality  genotype  t50    t100   t200   t500
    --------  --------  -----  -----  -----  -----
    rgb2      ISU 129   9.68   24.36  19.86  10.87
    rgb2      Ecm13     8.83   18.14  8.85   7.81
    rgb2      61        20.08  10.98  8.67   7.21
    rgb2      92        6.23   7.56   9.79   18.59

>>> qc_lookup(table=""rgb2_features"", select=[""genotype"", ""treatment"", ""flag""], where=""flag='empty_mask'"")
    cells voided by empty_mask.
    genotype  treatment  flag
    --------  ---------  ----------
    ISU 129   100        empty_mask
    Ecm13     500        empty_mask

OUTPUT FORMAT
Reply with exactly one line and nothing else:
ANSWER: <dose in mg kg-1, digits only>; <AGREES or DISAGREES>
","(db_lookup[101:265],qc_lookup[265:344])",200; AGREES,(depends on: round 2 answer ISU 129 and round 1 answer 200; on the rgb2 row for ISU 129 the largest usable cell is t200 -> 200; AGREES; ablations: ignoring empty_mask gives 100; DISAGREES)
exp23-chain-0022-medium,4,modality_coverage,"ROUND 4 - TASK (modality_coverage)
For the accession identified in round 2: which modalities hold usable feature
rows for it in this experiment?

RULES
1. A modality never scheduled for this experiment does not count,
   even if rows for it exist: those were carried over.
2. List the modalities in the column order of the store table.

TOOL OUTPUTS

>>> db_lookup(table=""features"", select=[""genotype"", ""modality"", ""n_rows""], group_by=[""genotype"", ""modality""])
    feature rows per accession, one column per modality.
    genotype  fc1  rgb2  msc1  vnir  swir  s3d
    --------  ---  ----  ----  ----  ----  ---
    ISU 129   0    67    64    21    0     39
    Ecm13     0    58    55    0     20    0
    61        0    63    59    0     18    41
    92        40   60    61    0     0     41

>>> design_lookup(aspect=""imaging_rounds"")
    imaging rounds scheduled per modality for this experiment.
    modality  records                   rounds_scheduled
    --------  ------------------------  ----------------
    fc1       chlorophyll fluorescence  42
    rgb2      top-view RGB              50
    msc1      multispectral             64
    vnir      VNIR hyperspectral        0
    swir      SWIR hyperspectral        61
    s3d       3-D structural scan       40

OUTPUT FORMAT
Reply with exactly one line and nothing else:
ANSWER: <modalities, comma separated, in table column order>
","(db_lookup[69:184],design_lookup[184:283])","rgb2, msc1, s3d","(depends on: round 2 answer ISU 129; that row is non-zero for rgb2, msc1, vnir, s3d, but vnir was never scheduled -> rgb2, msc1, s3d; ablations: ignoring the schedule gives rgb2, msc1, vnir, s3d)"
exp23-chain-0022-medium,5,analogue_search,"ROUND 5 - TASK (analogue_search)
For the accession identified in round 2: which accession is its nearest
analogue by Fv/Fm_Lss dose-response profile, and does that analogue's own
peak fall on the dose you identified in round 1?

RULES
1. Take the nearest neighbour that is eligible: observational
   accessions cannot be analogues.
2. Neighbours are listed in descending similarity.
3. Report the analogue, then MATCHES if its own peak is the dose from
   round 1 and DIVERGES if it is not.

TOOL OUTPUTS

>>> design_lookup(aspect=""accession_panel"")
    panel membership for this experiment.
    genotype  panel_role
    --------  -------------
    ISU 129   core
    Ecm13     observational
    61        core
    92        core

>>> embedding_lookup(space=""dose_response_profile"", query=""panel"", k=3)
    nearest accessions by Fv/Fm_Lss profile, for every panel member.
    genotype  neighbour_1      neighbour_2      neighbour_3
    --------  ---------------  ---------------  ---------------
    ISU 129   Ecm13 (0.973)    92 (0.895)       61 (0.734)
    Ecm13     92 (0.918)       61 (0.822)       ISU 129 (0.615)
    61        ISU 129 (0.946)  Ecm13 (0.759)    92 (0.637)
    92        Ecm13 (0.887)    ISU 129 (0.754)  61 (0.645)

>>> db_lookup(table=""fc1_values"", select=[""genotype"", ""peak_treatment""], where=""trait='Fv/Fm_Lss'"", group_by=[""genotype""])
    the treatment at which each accession's own Fv/Fm_Lss is highest.
    genotype  peak_treatment
    --------  --------------
    ISU 129   500
    Ecm13     1000
    61        200
    92        50

OUTPUT FORMAT
Reply with exactly one line and nothing else:
ANSWER: <accession label>; <MATCHES or DIVERGES>
","(design_lookup[101:150],embedding_lookup[150:321],db_lookup[321:412])",92; DIVERGES,"(depends on: round 2 answer ISU 129 and round 1 answer 200; the nearest eligible analogue is 92, whose own peak is t50 -> 92; DIVERGES; ablations: taking the nearest neighbour regardless of panel role gives Ecm13; DIVERGES)"
exp146-chain-0023-low,1,dose_response_shape,"SESSION
You are analysing experiment 146 at the Weston phenotyping facility: a zinc (Zn)
dose series on 6 Camelina sativa (camelina) accessions at 0, 20, 40, 80, 160 and
320 mg kg-1, imaged over 28 days in six modalities.

This is a 3-round investigation. Each round gives you the results of the tool
calls it needs, already run; how many there are varies by round. Later rounds
build on what you established earlier and will not repeat it, so keep your own
answers.

TOOLS (results are inlined; you cannot issue new calls)
  db_lookup(table=, select=, where=, group_by=)   the measurement store
  schema_lookup(trait=)                           which modality records a trait, and in what unit
  qc_lookup(table=, select=, where=)              flags, exclusions, usable counts
  design_lookup(aspect=)                          the protocol: dose series, accession panel,
                                                  imaging rounds, replication plan
  literature_lookup(species=, property=)          published claims
  embedding_lookup(space=, query=, k=)            nearest accessions by profile similarity

TERMS
  treatment        the zinc dose, in mg kg-1
  genotype         the accession label
  Fv/Fm_Lss        photosystem-II efficiency, from the fc1 modality
  area_mm2         leaf area
  n_plants         distinct plants behind a cell
  round_to_round   variance of an accession's per-round means
  within_round     variance between plants inside one imaging round

ROUND 1 - TASK (dose_response_shape)
At which zinc dose does mean Fv/Fm_Lss peak across the panel?

RULES
1. Two rows in the store carry a similar trait name. Only the
   plant-level trait is the panel measurement; the dictionary says
   which that is.
2. Judge the curve as a whole, not a single cell.

TOOL OUTPUTS

>>> schema_lookup(trait=""Fv/Fm_Lss"")
    trait dictionary: where the trait lives and at what entity level.
    trait          modality  table       unit  entity_level
    -------------  --------  ----------  ----  ------------
    Fv/Fm_Lss      fc1       fc1_values  a.u.  plant
    avg_Fv/Fm_Lss  fc1       fc1_values  a.u.  region

>>> db_lookup(table=""fc1_values"", select=[""trait"", ""mean_value""], where=""experiment_id=146"", group_by=[""trait"", ""treatment""])
    mean value by trait, one column per treatment (mg kg-1).
    trait          t0     t20    t40    t80    t160   t320
    -------------  -----  -----  -----  -----  -----  -----
    Fv/Fm_Lss      0.482  0.485  0.513  0.526  0.492  0.455
    avg_Fv/Fm_Lss  0.428  0.417  0.570  0.404  0.454  0.429

OUTPUT FORMAT
Reply with exactly one line and nothing else:
ANSWER: <dose in mg kg-1, digits only>
","(schema_lookup[334:432],db_lookup[432:583])",80,(depends on: -; the plant-level Fv/Fm_Lss row peaks at 0.526 on t80 -> 80; ablations: reading the alias row gives 40)
exp146-chain-0023-low,2,transition_sensitivity,"ROUND 2 - TASK (transition_sensitivity)
Starting from the zinc dose you identified in round 1, which accession
loses the most Fv/Fm_Lss when the dose is raised to the next level of the
design series?

RULES
1. Compare each accession against itself across the two doses.

TOOL OUTPUTS

>>> db_lookup(table=""fc1_values"", select=[""genotype"", ""mean_value""], where=""trait='Fv/Fm_Lss'"", group_by=[""genotype"", ""treatment""])
    mean Fv/Fm_Lss by accession, one column per treatment in the store.
    genotype   t20    t80    t160   t320
    ---------  -----  -----  -----  -----
    88         0.549  0.534  0.492  0.450
    MAGIC 229  0.526  0.484  0.288  0.265
    MAGIC 133  0.555  0.531  0.520  0.512
    NIL 302    0.536  0.500  0.485  0.474

OUTPUT FORMAT
Reply with exactly one line and nothing else:
ANSWER: <accession label exactly as it appears in the table>
",(db_lookup[55:206]),MAGIC 229,(depends on: round 1 answer 80; the step is t80->t160; per-accession drop MAGIC 229:+0.196  88:+0.042  NIL 302:+0.015  MAGIC 133:+0.011 -> MAGIC 229; no complications at this tier)
exp146-chain-0023-low,3,cross_modality_peak,"ROUND 3 - TASK (cross_modality_peak)
For the accession identified in round 2: at which dose does its leaf area
(area_mm2) peak, and does that dose agree with where Fv/Fm_Lss peaked
in round 1?

RULES
1. More than one modality reports this trait. Use the one the
   dictionary marks primary; the other is a derived estimate.
2. The verdict is AGREES when the area peak falls on the dose from
   round 1, and DISAGREES otherwise. Report both parts.

TOOL OUTPUTS

>>> schema_lookup(trait=""area_mm2"")
    modalities reporting this trait.
    trait     modality  modality_role       unit  trait_role
    --------  --------  ------------------  ----  ----------
    area_mm2  rgb2      top-view RGB        mm2   primary
    area_mm2  vnir      VNIR hyperspectral  mm2   derived

>>> db_lookup(table=""features"", select=[""modality"", ""genotype"", ""mean_area_mm2""], where=""trait='area_mm2'"", group_by=[""modality"", ""genotype"", ""treatment""])
    mean area_mm2 by modality and accession, one column per treatment.
    modality  genotype   t20    t80    t160   t320
    --------  ---------  -----  -----  -----  -----
    rgb2      MAGIC 229  12.99  21.74  12.88  10.38
    rgb2      Ecl28      18.19  9.10   6.82   5.46
    rgb2      88         11.33  13.54  16.13  24.71
    rgb2      MAGIC 133  12.37  13.90  22.90  13.59
    vnir      MAGIC 229  8.06   9.12   16.32  8.56
    vnir      Ecl28      6.48   13.83  6.30   4.62
    vnir      88         10.73  18.39  11.08  9.59
    vnir      MAGIC 133  17.13  9.92   8.35   7.79

OUTPUT FORMAT
Reply with exactly one line and nothing else:
ANSWER: <dose in mg kg-1, digits only>; <AGREES or DISAGREES>
","(schema_lookup[96:179],db_lookup[179:403])",80; AGREES,(depends on: round 2 answer MAGIC 229 and round 1 answer 80; on the rgb2 row for MAGIC 229 the largest usable cell is t80 -> 80; AGREES; ablations: reading the vnir rows gives 160; DISAGREES)
exp52-chain-0024-low,1,dose_response_shape,"SESSION
You are analysing experiment 52 at the Ashfield phenotyping facility: a copper
(Cu) dose series on 6 Camelina sativa (camelina) accessions at 0, 25, 50, 100, 250
and 500 mg kg-1, imaged over 28 days in six modalities.

This is a 3-round investigation. Each round gives you the results of the tool
calls it needs, already run; how many there are varies by round. Later rounds
build on what you established earlier and will not repeat it, so keep your own
answers.

TOOLS (results are inlined; you cannot issue new calls)
  db_lookup(table=, select=, where=, group_by=)   the measurement store
  schema_lookup(trait=)                           which modality records a trait, and in what unit
  qc_lookup(table=, select=, where=)              flags, exclusions, usable counts
  design_lookup(aspect=)                          the protocol: dose series, accession panel,
                                                  imaging rounds, replication plan
  literature_lookup(species=, property=)          published claims
  embedding_lookup(space=, query=, k=)            nearest accessions by profile similarity

TERMS
  treatment        the copper dose, in mg kg-1
  genotype         the accession label
  Fv/Fm_Lss        photosystem-II efficiency, from the fc1 modality
  area_mm2         leaf area
  n_plants         distinct plants behind a cell
  round_to_round   variance of an accession's per-round means
  within_round     variance between plants inside one imaging round

ROUND 1 - TASK (dose_response_shape)
At which copper dose does mean Fv/Fm_Lss peak across the panel?

RULES
1. Two rows in the store carry a similar trait name. Only the
   plant-level trait is the panel measurement; the dictionary says
   which that is.
2. Judge the curve as a whole, not a single cell.

TOOL OUTPUTS

>>> schema_lookup(trait=""Fv/Fm_Lss"")
    trait dictionary: where the trait lives and at what entity level.
    trait          modality  table       unit  entity_level
    -------------  --------  ----------  ----  ------------
    Fv/Fm_Lss      fc1       fc1_values  a.u.  plant
    avg_Fv/Fm_Lss  fc1       fc1_values  a.u.  region

>>> db_lookup(table=""fc1_values"", select=[""trait"", ""mean_value""], where=""experiment_id=52"", group_by=[""trait"", ""treatment""])
    mean value by trait, one column per treatment (mg kg-1).
    trait          t0     t25    t50    t100   t250   t500
    -------------  -----  -----  -----  -----  -----  -----
    Fv/Fm_Lss      0.495  0.502  0.524  0.494  0.467  0.443
    avg_Fv/Fm_Lss  0.409  0.415  0.408  0.562  0.430  0.383

OUTPUT FORMAT
Reply with exactly one line and nothing else:
ANSWER: <dose in mg kg-1, digits only>
","(schema_lookup[334:432],db_lookup[432:583])",50,(depends on: -; the plant-level Fv/Fm_Lss row peaks at 0.524 on t50 -> 50; ablations: reading the alias row gives 100)
exp52-chain-0024-low,2,transition_sensitivity,"ROUND 2 - TASK (transition_sensitivity)
Starting from the copper dose you identified in round 1, which accession
loses the most Fv/Fm_Lss when the dose is raised to the next level of the
design series?

RULES
1. The store also holds a pilot dose that is not a level of the
   design series. The next level is the next one in the design
   table, which need not be the next column.
2. Compare each accession against itself across the two doses.

TOOL OUTPUTS

>>> db_lookup(table=""fc1_values"", select=[""genotype"", ""mean_value""], where=""trait='Fv/Fm_Lss'"", group_by=[""genotype"", ""treatment""])
    mean Fv/Fm_Lss by accession, one column per treatment in the store.
    genotype   t25    t50    t75    t100
    ---------  -----  -----  -----  -----
    91         0.537  0.512  0.481  0.449
    MAGIC 214  0.526  0.497  0.335  0.328
    NIL 330    0.528  0.495  0.473  0.435
    Esp47      0.549  0.534  0.491  0.288

>>> design_lookup(aspect=""dose_series"")
    the design levels, in order. Doses absent here are pilot cells.
    level  treatment
    -----  ---------
    1      0
    2      25
    3      50
    4      100
    5      250
    6      500

OUTPUT FORMAT
Reply with exactly one line and nothing else:
ANSWER: <accession label exactly as it appears in the table>
","(db_lookup[94:244],design_lookup[244:297])",Esp47,"(depends on: round 1 answer 50; the step is t50->t100, not the adjacent column t75 which is a pilot cell; per-accession drop Esp47:+0.246  MAGIC 214:+0.169  91:+0.063  NIL 330:+0.060 -> Esp47; ablations: stepping to the next column instead of the next design level gives MAGIC 214)"
exp52-chain-0024-low,3,cross_modality_peak,"ROUND 3 - TASK (cross_modality_peak)
For the accession identified in round 2: at which dose does its leaf area
(area_mm2) peak, and does that dose agree with where Fv/Fm_Lss peaked
in round 1?

RULES
1. The verdict is AGREES when the area peak falls on the dose from
   round 1, and DISAGREES otherwise. Report both parts.

TOOL OUTPUTS

>>> db_lookup(table=""features"", select=[""modality"", ""genotype"", ""mean_area_mm2""], where=""trait='area_mm2'"", group_by=[""modality"", ""genotype"", ""treatment""])
    mean area_mm2 by modality and accession, one column per treatment.
    modality  genotype   t0     t50    t100   t500
    --------  ---------  -----  -----  -----  -----
    rgb2      Esp47      7.74   9.42   18.66  9.38
    rgb2      72         10.97  20.04  11.14  9.12
    rgb2      NIL 330    21.37  12.49  9.68   9.51
    rgb2      MAGIC 214  8.66   9.40   11.84  21.06

OUTPUT FORMAT
Reply with exactly one line and nothing else:
ANSWER: <dose in mg kg-1, digits only>; <AGREES or DISAGREES>
",(db_lookup[71:237]),100; DISAGREES,(depends on: round 2 answer Esp47 and round 1 answer 50; on the rgb2 row for Esp47 the largest usable cell is t100 -> 100; DISAGREES; no complications at this tier)
exp199-chain-0025-low,1,dose_response_shape,"SESSION
You are analysing experiment 199 at the Ridgefield phenotyping facility: a cadmium
(Cd) dose series on 6 Arabidopsis thaliana (arabidopsis) accessions at 0, 25, 50,
100, 250 and 500 mg kg-1, imaged over 28 days in six modalities.

This is a 3-round investigation. Each round gives you the results of the tool
calls it needs, already run; how many there are varies by round. Later rounds
build on what you established earlier and will not repeat it, so keep your own
answers.

TOOLS (results are inlined; you cannot issue new calls)
  db_lookup(table=, select=, where=, group_by=)   the measurement store
  schema_lookup(trait=)                           which modality records a trait, and in what unit
  qc_lookup(table=, select=, where=)              flags, exclusions, usable counts
  design_lookup(aspect=)                          the protocol: dose series, accession panel,
                                                  imaging rounds, replication plan
  literature_lookup(species=, property=)          published claims
  embedding_lookup(space=, query=, k=)            nearest accessions by profile similarity

TERMS
  treatment        the cadmium dose, in mg kg-1
  genotype         the accession label
  Fv/Fm_Lss        photosystem-II efficiency, from the fc1 modality
  area_mm2         leaf area
  n_plants         distinct plants behind a cell
  round_to_round   variance of an accession's per-round means
  within_round     variance between plants inside one imaging round

ROUND 1 - TASK (dose_response_shape)
At which cadmium dose does mean Fv/Fm_Lss peak across the panel?

RULES
1. Judge the curve as a whole, not a single cell.

TOOL OUTPUTS

>>> db_lookup(table=""fc1_values"", select=[""trait"", ""mean_value""], where=""experiment_id=199"", group_by=[""trait"", ""treatment""])
    mean value by trait, one column per treatment (mg kg-1).
    trait      t0     t25    t50    t100   t250   t500
    ---------  -----  -----  -----  -----  -----  -----
    Fv/Fm_Lss  0.483  0.503  0.512  0.533  0.495  0.477

OUTPUT FORMAT
Reply with exactly one line and nothing else:
ANSWER: <dose in mg kg-1, digits only>
",(db_lookup[303:429]),100,(depends on: -; the plant-level Fv/Fm_Lss row peaks at 0.533 on t100 -> 100; no complications at this tier)
exp199-chain-0025-low,2,transition_sensitivity,"ROUND 2 - TASK (transition_sensitivity)
Starting from the cadmium dose you identified in round 1, which accession
loses the most Fv/Fm_Lss when the dose is raised to the next level of the
design series?

RULES
1. Compare each accession against itself across the two doses.

TOOL OUTPUTS

>>> db_lookup(table=""fc1_values"", select=[""genotype"", ""mean_value""], where=""trait='Fv/Fm_Lss'"", group_by=[""genotype"", ""treatment""])
    mean Fv/Fm_Lss by accession, one column per treatment in the store.
    genotype  t50    t100   t250   t500
    --------  -----  -----  -----  -----
    96        0.546  0.506  0.307  0.289
    47        0.554  0.525  0.507  0.484
    Ecm46     0.542  0.522  0.495  0.458
    NIL 431   0.544  0.504  0.490  0.461

OUTPUT FORMAT
Reply with exactly one line and nothing else:
ANSWER: <accession label exactly as it appears in the table>
",(db_lookup[55:203]),96,(depends on: round 1 answer 100; the step is t100->t250; per-accession drop 96:+0.199  Ecm46:+0.027  47:+0.018  NIL 431:+0.014 -> 96; no complications at this tier)
exp199-chain-0025-low,3,cross_modality_peak,"ROUND 3 - TASK (cross_modality_peak)
For the accession identified in round 2: at which dose does its leaf area
(area_mm2) peak, and does that dose agree with where Fv/Fm_Lss peaked
in round 1?

RULES
1. More than one modality reports this trait. Use the one the
   dictionary marks primary; the other is a derived estimate.
2. The verdict is AGREES when the area peak falls on the dose from
   round 1, and DISAGREES otherwise. Report both parts.

TOOL OUTPUTS

>>> db_lookup(table=""features"", select=[""modality"", ""genotype"", ""mean_area_mm2""], where=""trait='area_mm2'"", group_by=[""modality"", ""genotype"", ""treatment""])
    mean area_mm2 by modality and accession, one column per treatment.
    modality  genotype  t0     t25    t100   t250
    --------  --------  -----  -----  -----  -----
    rgb2      96        12.43  20.83  11.76  10.34
    rgb2      ISU 308   19.33  9.94   8.74   8.02
    rgb2      Ecm46     12.48  14.93  23.85  15.44
    rgb2      47        6.95   6.98   9.50   18.36
    swir      96        6.68   8.49   15.68  8.31
    swir      ISU 308   5.76   6.86   14.63  7.34
    swir      Ecm46     17.80  10.70  8.22   8.80
    swir      47        5.13   6.51   13.95  6.18

>>> schema_lookup(trait=""area_mm2"")
    modalities reporting this trait.
    trait     modality  modality_role       unit  trait_role
    --------  --------  ------------------  ----  ----------
    area_mm2  rgb2      top-view RGB        mm2   primary
    area_mm2  swir      SWIR hyperspectral  mm2   derived

OUTPUT FORMAT
Reply with exactly one line and nothing else:
ANSWER: <dose in mg kg-1, digits only>; <AGREES or DISAGREES>
","(db_lookup[96:317],schema_lookup[317:400])",25; DISAGREES,(depends on: round 2 answer 96 and round 1 answer 100; on the rgb2 row for 96 the largest usable cell is t25 -> 25; DISAGREES; ablations: reading the swir rows gives 100; AGREES)
exp53-chain-0026-medium,1,dose_response_shape,"SESSION
You are analysing experiment 53 at the Ashfield phenotyping facility: a copper
(Cu) dose series on 6 Arabidopsis thaliana (arabidopsis) accessions at 0, 20, 40,
80, 160 and 320 mg kg-1, imaged over 28 days in six modalities.

This is a 4-round investigation. Each round gives you the results of the tool
calls it needs, already run; how many there are varies by round. Later rounds
build on what you established earlier and will not repeat it, so keep your own
answers.

TOOLS (results are inlined; you cannot issue new calls)
  db_lookup(table=, select=, where=, group_by=)   the measurement store
  schema_lookup(trait=)                           which modality records a trait, and in what unit
  qc_lookup(table=, select=, where=)              flags, exclusions, usable counts
  design_lookup(aspect=)                          the protocol: dose series, accession panel,
                                                  imaging rounds, replication plan
  literature_lookup(species=, property=)          published claims
  embedding_lookup(space=, query=, k=)            nearest accessions by profile similarity

TERMS
  treatment        the copper dose, in mg kg-1
  genotype         the accession label
  Fv/Fm_Lss        photosystem-II efficiency, from the fc1 modality
  area_mm2         leaf area
  n_plants         distinct plants behind a cell
  round_to_round   variance of an accession's per-round means
  within_round     variance between plants inside one imaging round

ROUND 1 - TASK (dose_response_shape)
At which copper dose does mean Fv/Fm_Lss peak across the panel?

RULES
1. Two rows in the store carry a similar trait name. Only the
   plant-level trait is the panel measurement; the dictionary says
   which that is.
2. A treatment cell must clear the usable-plant floor in the quality
   gate before it can be called a peak.
3. Judge the curve as a whole, not a single cell.

TOOL OUTPUTS

>>> schema_lookup(trait=""Fv/Fm_Lss"")
    trait dictionary: where the trait lives and at what entity level.
    trait          modality  table       unit  entity_level
    -------------  --------  ----------  ----  ------------
    Fv/Fm_Lss      fc1       fc1_values  a.u.  plant
    avg_Fv/Fm_Lss  fc1       fc1_values  a.u.  region

>>> qc_lookup(table=""fc1_values"", select=[""treatment"", ""n_plants_usable""], where=""trait='Fv/Fm_Lss'"")
    plants surviving QC per treatment; the floor for a panel claim is 12.
    treatment  n_plants_usable
    ---------  ---------------
    0          58
    20         50
    40         55
    80         50
    160        52
    320        2

>>> db_lookup(table=""fc1_values"", select=[""trait"", ""mean_value""], where=""experiment_id=53"", group_by=[""trait"", ""treatment""])
    mean value by trait, one column per treatment (mg kg-1).
    trait          t0     t20    t40    t80    t160   t320
    -------------  -----  -----  -----  -----  -----  -----
    Fv/Fm_Lss      0.489  0.496  0.515  0.532  0.496  0.548
    avg_Fv/Fm_Lss  0.407  0.591  0.388  0.385  0.408  0.466

OUTPUT FORMAT
Reply with exactly one line and nothing else:
ANSWER: <dose in mg kg-1, digits only>
","(schema_lookup[358:456],qc_lookup[456:544],db_lookup[544:695])",80,(depends on: -; the plant-level Fv/Fm_Lss row peaks at 0.532 on t80 -> 80; ablations: reading the alias row gives 20; ignoring the quality gate gives 320 on 2 plants)
exp53-chain-0026-medium,2,transition_sensitivity,"ROUND 2 - TASK (transition_sensitivity)
Starting from the copper dose you identified in round 1, which accession
loses the most Fv/Fm_Lss when the dose is raised to the next level of the
design series?

RULES
1. The store also holds a pilot dose that is not a level of the
   design series. The next level is the next one in the design
   table, which need not be the next column.
2. Compare each accession against itself across the two doses.

TOOL OUTPUTS

>>> design_lookup(aspect=""dose_series"")
    the design levels, in order. Doses absent here are pilot cells.
    level  treatment
    -----  ---------
    1      0
    2      20
    3      40
    4      80
    5      160
    6      320

>>> db_lookup(table=""fc1_values"", select=[""genotype"", ""mean_value""], where=""trait='Fv/Fm_Lss'"", group_by=[""genotype"", ""treatment""])
    mean Fv/Fm_Lss by accession, one column per treatment in the store.
    genotype  t0     t80    t120   t160
    --------  -----  -----  -----  -----
    Ecm48     0.548  0.519  0.364  0.358
    62        0.535  0.508  0.500  0.489
    RIL 85    0.522  0.515  0.479  0.288
    88        0.558  0.548  0.537  0.517

OUTPUT FORMAT
Reply with exactly one line and nothing else:
ANSWER: <accession label exactly as it appears in the table>
","(design_lookup[94:147],db_lookup[147:295])",RIL 85,"(depends on: round 1 answer 80; the step is t80->t160, not the adjacent column t120 which is a pilot cell; per-accession drop RIL 85:+0.227  Ecm48:+0.161  88:+0.031  62:+0.019 -> RIL 85; ablations: stepping to the next column instead of the next design level gives Ecm48)"
exp53-chain-0026-medium,3,cross_modality_peak,"ROUND 3 - TASK (cross_modality_peak)
For the accession identified in round 2: at which dose does its leaf area
(area_mm2) peak, and does that dose agree with where Fv/Fm_Lss peaked
in round 1?

RULES
1. More than one modality reports this trait. Use the one the
   dictionary marks primary; the other is a derived estimate.
2. The verdict is AGREES when the area peak falls on the dose from
   round 1, and DISAGREES otherwise. Report both parts.

TOOL OUTPUTS

>>> schema_lookup(trait=""area_mm2"")
    modalities reporting this trait.
    trait     modality  modality_role       unit  trait_role
    --------  --------  ------------------  ----  ----------
    area_mm2  rgb2      top-view RGB        mm2   primary
    area_mm2  vnir      VNIR hyperspectral  mm2   derived

>>> db_lookup(table=""features"", select=[""modality"", ""genotype"", ""mean_area_mm2""], where=""trait='area_mm2'"", group_by=[""modality"", ""genotype"", ""treatment""])
    mean area_mm2 by modality and accession, one column per treatment.
    modality  genotype  t0     t40    t80    t320
    --------  --------  -----  -----  -----  -----
    rgb2      RIL 85    10.39  13.17  14.46  23.82
    rgb2      RIL 167   22.21  13.47  10.81  10.77
    rgb2      88        9.63   10.97  19.56  10.46
    rgb2      62        14.17  23.34  14.93  12.76
    vnir      RIL 85    10.44  17.77  10.25  9.61
    vnir      RIL 167   7.26   7.98   8.86   16.65
    vnir      88        14.79  7.48   5.70   4.35
    vnir      62        6.07   8.52   9.64   17.44

OUTPUT FORMAT
Reply with exactly one line and nothing else:
ANSWER: <dose in mg kg-1, digits only>; <AGREES or DISAGREES>
","(schema_lookup[96:179],db_lookup[179:402])",320; DISAGREES,(depends on: round 2 answer RIL 85 and round 1 answer 80; on the rgb2 row for RIL 85 the largest usable cell is t320 -> 320; DISAGREES; ablations: reading the vnir rows gives 40; DISAGREES)
exp53-chain-0026-medium,4,modality_coverage,"ROUND 4 - TASK (modality_coverage)
For the accession identified in round 2: which modalities hold usable feature
rows for it in this experiment?

RULES
1. A modality never scheduled for this experiment does not count,
   even if rows for it exist: those were carried over.
2. List the modalities in the column order of the store table.

TOOL OUTPUTS

>>> design_lookup(aspect=""imaging_rounds"")
    imaging rounds scheduled per modality for this experiment.
    modality  records                   rounds_scheduled
    --------  ------------------------  ----------------
    fc1       chlorophyll fluorescence  24
    rgb2      top-view RGB              33
    msc1      multispectral             45
    vnir      VNIR hyperspectral        0
    swir      SWIR hyperspectral        55
    s3d       3-D structural scan       58

>>> db_lookup(table=""features"", select=[""genotype"", ""modality"", ""n_rows""], group_by=[""genotype"", ""modality""])
    feature rows per accession, one column per modality.
    genotype  fc1  rgb2  msc1  vnir  swir  s3d
    --------  ---  ----  ----  ----  ----  ---
    RIL 85    0    60    58    37    0     43
    RIL 167   0    67    60    0     0     48
    88        33   59    64    0     0     47
    62        0    65    60    0     40    35

OUTPUT FORMAT
Reply with exactly one line and nothing else:
ANSWER: <modalities, comma separated, in table column order>
","(design_lookup[69:168],db_lookup[168:284])","rgb2, msc1, s3d","(depends on: round 2 answer RIL 85; that row is non-zero for rgb2, msc1, vnir, s3d, but vnir was never scheduled -> rgb2, msc1, s3d; ablations: ignoring the schedule gives rgb2, msc1, vnir, s3d)"
exp165-chain-0027-low,1,dose_response_shape,"SESSION
You are analysing experiment 165 at the Weston phenotyping facility: a zinc (Zn)
dose series on 6 Brassica napus (oilseed rape) accessions at 0, 50, 100, 200, 500
and 1000 mg kg-1, imaged over 28 days in six modalities.

This is a 3-round investigation. Each round gives you the results of the tool
calls it needs, already run; how many there are varies by round. Later rounds
build on what you established earlier and will not repeat it, so keep your own
answers.

TOOLS (results are inlined; you cannot issue new calls)
  db_lookup(table=, select=, where=, group_by=)   the measurement store
  schema_lookup(trait=)                           which modality records a trait, and in what unit
  qc_lookup(table=, select=, where=)              flags, exclusions, usable counts
  design_lookup(aspect=)                          the protocol: dose series, accession panel,
                                                  imaging rounds, replication plan
  literature_lookup(species=, property=)          published claims
  embedding_lookup(space=, query=, k=)            nearest accessions by profile similarity

TERMS
  treatment        the zinc dose, in mg kg-1
  genotype         the accession label
  Fv/Fm_Lss        photosystem-II efficiency, from the fc1 modality
  area_mm2         leaf area
  n_plants         distinct plants behind a cell
  round_to_round   variance of an accession's per-round means
  within_round     variance between plants inside one imaging round

ROUND 1 - TASK (dose_response_shape)
At which zinc dose does mean Fv/Fm_Lss peak across the panel?

RULES
1. Two rows in the store carry a similar trait name. Only the
   plant-level trait is the panel measurement; the dictionary says
   which that is.
2. Judge the curve as a whole, not a single cell.

TOOL OUTPUTS

>>> schema_lookup(trait=""Fv/Fm_Lss"")
    trait dictionary: where the trait lives and at what entity level.
    trait          modality  table       unit  entity_level
    -------------  --------  ----------  ----  ------------
    Fv/Fm_Lss      fc1       fc1_values  a.u.  plant
    avg_Fv/Fm_Lss  fc1       fc1_values  a.u.  region

>>> db_lookup(table=""fc1_values"", select=[""trait"", ""mean_value""], where=""experiment_id=165"", group_by=[""trait"", ""treatment""])
    mean value by trait, one column per treatment (mg kg-1).
    trait          t0     t50    t100   t200   t500   t1000
    -------------  -----  -----  -----  -----  -----  -----
    Fv/Fm_Lss      0.500  0.509  0.529  0.494  0.462  0.422
    avg_Fv/Fm_Lss  0.395  0.404  0.433  0.451  0.390  0.580

OUTPUT FORMAT
Reply with exactly one line and nothing else:
ANSWER: <dose in mg kg-1, digits only>
","(schema_lookup[335:433],db_lookup[433:584])",100,(depends on: -; the plant-level Fv/Fm_Lss row peaks at 0.529 on t100 -> 100; ablations: reading the alias row gives 1000)
exp165-chain-0027-low,2,transition_sensitivity,"ROUND 2 - TASK (transition_sensitivity)
Starting from the zinc dose you identified in round 1, which accession
loses the most Fv/Fm_Lss when the dose is raised to the next level of the
design series?

RULES
1. Only accessions in the core panel can be ranked; observational
   ones are carried for reference.
2. Compare each accession against itself across the two doses.

TOOL OUTPUTS

>>> design_lookup(aspect=""accession_panel"")
    panel membership for this experiment.
    genotype  panel_role
    --------  -------------
    82        observational
    ISU 142   core
    ISU 180   core
    72        core
    NIL 271   core

>>> db_lookup(table=""fc1_values"", select=[""genotype"", ""mean_value""], where=""trait='Fv/Fm_Lss'"", group_by=[""genotype"", ""treatment""])
    mean Fv/Fm_Lss by accession, one column per treatment in the store.
    genotype  t0     t100   t200   t1000
    --------  -----  -----  -----  -----
    82        0.521  0.512  0.192  0.170
    ISU 142   0.534  0.500  0.298  0.280
    ISU 180   0.535  0.511  0.473  0.458
    72        0.533  0.495  0.453  0.424
    NIL 271   0.555  0.550  0.524  0.514

OUTPUT FORMAT
Reply with exactly one line and nothing else:
ANSWER: <accession label exactly as it appears in the table>
","(design_lookup[74:127],db_lookup[127:290])",ISU 142,"(depends on: round 1 answer 100; the step is t100->t200; per-accession drop ISU 142:+0.202  72:+0.042  ISU 180:+0.038  NIL 271:+0.026 -> ISU 142; ablations: ranking without the panel table gives 82, which is observational)"
exp165-chain-0027-low,3,cross_modality_peak,"ROUND 3 - TASK (cross_modality_peak)
For the accession identified in round 2: at which dose does its leaf area
(area_mm2) peak, and does that dose agree with where Fv/Fm_Lss peaked
in round 1?

RULES
1. The verdict is AGREES when the area peak falls on the dose from
   round 1, and DISAGREES otherwise. Report both parts.

TOOL OUTPUTS

>>> db_lookup(table=""features"", select=[""modality"", ""genotype"", ""mean_area_mm2""], where=""trait='area_mm2'"", group_by=[""modality"", ""genotype"", ""treatment""])
    mean area_mm2 by modality and accession, one column per treatment.
    modality  genotype  t0     t100   t200   t1000
    --------  --------  -----  -----  -----  -----
    rgb2      ISU 142   20.58  11.57  10.03  8.91
    rgb2      82        10.96  12.59  14.24  23.45
    rgb2      72        11.64  14.17  23.02  14.62
    rgb2      NIL 271   11.54  20.20  11.50  9.32

OUTPUT FORMAT
Reply with exactly one line and nothing else:
ANSWER: <dose in mg kg-1, digits only>; <AGREES or DISAGREES>
",(db_lookup[71:236]),0; DISAGREES,(depends on: round 2 answer ISU 142 and round 1 answer 100; on the rgb2 row for ISU 142 the largest usable cell is t0 -> 0; DISAGREES; no complications at this tier)
exp135-chain-0028-low,1,dose_response_shape,"SESSION
You are analysing experiment 135 at the Ridgefield phenotyping facility: a cadmium
(Cd) dose series on 6 Camelina sativa (camelina) accessions at 0, 20, 40, 80, 160
and 320 mg kg-1, imaged over 28 days in six modalities.

This is a 3-round investigation. Each round gives you the results of the tool
calls it needs, already run; how many there are varies by round. Later rounds
build on what you established earlier and will not repeat it, so keep your own
answers.

TOOLS (results are inlined; you cannot issue new calls)
  db_lookup(table=, select=, where=, group_by=)   the measurement store
  schema_lookup(trait=)                           which modality records a trait, and in what unit
  qc_lookup(table=, select=, where=)              flags, exclusions, usable counts
  design_lookup(aspect=)                          the protocol: dose series, accession panel,
                                                  imaging rounds, replication plan
  literature_lookup(species=, property=)          published claims
  embedding_lookup(space=, query=, k=)            nearest accessions by profile similarity

TERMS
  treatment        the cadmium dose, in mg kg-1
  genotype         the accession label
  Fv/Fm_Lss        photosystem-II efficiency, from the fc1 modality
  area_mm2         leaf area
  n_plants         distinct plants behind a cell
  round_to_round   variance of an accession's per-round means
  within_round     variance between plants inside one imaging round

ROUND 1 - TASK (dose_response_shape)
At which cadmium dose does mean Fv/Fm_Lss peak across the panel?

RULES
1. A treatment cell must clear the usable-plant floor in the quality
   gate before it can be called a peak.
2. Judge the curve as a whole, not a single cell.

TOOL OUTPUTS

>>> db_lookup(table=""fc1_values"", select=[""trait"", ""mean_value""], where=""experiment_id=135"", group_by=[""trait"", ""treatment""])
    mean value by trait, one column per treatment (mg kg-1).
    trait      t0     t20    t40    t80    t160   t320
    ---------  -----  -----  -----  -----  -----  -----
    Fv/Fm_Lss  0.463  0.547  0.509  0.523  0.492  0.459

>>> qc_lookup(table=""fc1_values"", select=[""treatment"", ""n_plants_usable""], where=""trait='Fv/Fm_Lss'"")
    plants surviving QC per treatment; the floor for a panel claim is 8.
    treatment  n_plants_usable
    ---------  ---------------
    0          58
    20         3
    40         52
    80         56
    160        56
    320        54

OUTPUT FORMAT
Reply with exactly one line and nothing else:
ANSWER: <dose in mg kg-1, digits only>
","(db_lookup[327:453],qc_lookup[453:541])",80,(depends on: -; the plant-level Fv/Fm_Lss row peaks at 0.523 on t80 -> 80; ablations: ignoring the quality gate gives 20 on 3 plants)
exp135-chain-0028-low,2,transition_sensitivity,"ROUND 2 - TASK (transition_sensitivity)
Starting from the cadmium dose you identified in round 1, which accession
loses the most Fv/Fm_Lss when the dose is raised to the next level of the
design series?

RULES
1. Only accessions in the core panel can be ranked; observational
   ones are carried for reference.
2. Compare each accession against itself across the two doses.

TOOL OUTPUTS

>>> db_lookup(table=""fc1_values"", select=[""genotype"", ""mean_value""], where=""trait='Fv/Fm_Lss'"", group_by=[""genotype"", ""treatment""])
    mean Fv/Fm_Lss by accession, one column per treatment in the store.
    genotype   t20    t80    t160   t320
    ---------  -----  -----  -----  -----
    66         0.522  0.478  0.447  0.416
    MAGIC 420  0.554  0.531  0.512  0.493
    MAGIC 291  0.554  0.542  0.346  0.340
    MAGIC 338  0.557  0.539  0.215  0.207
    Esp17      0.539  0.531  0.487  0.476

>>> design_lookup(aspect=""accession_panel"")
    panel membership for this experiment.
    genotype   panel_role
    ---------  -------------
    66         core
    MAGIC 420  core
    MAGIC 291  core
    MAGIC 338  observational
    Esp17      core

OUTPUT FORMAT
Reply with exactly one line and nothing else:
ANSWER: <accession label exactly as it appears in the table>
","(db_lookup[74:238],design_lookup[238:292])",MAGIC 291,"(depends on: round 1 answer 80; the step is t80->t160; per-accession drop MAGIC 291:+0.196  Esp17:+0.044  66:+0.031  MAGIC 420:+0.019 -> MAGIC 291; ablations: ranking without the panel table gives MAGIC 338, which is observational)"
exp135-chain-0028-low,3,cross_modality_peak,"ROUND 3 - TASK (cross_modality_peak)
For the accession identified in round 2: at which dose does its leaf area
(area_mm2) peak, and does that dose agree with where Fv/Fm_Lss peaked
in round 1?

RULES
1. More than one modality reports this trait. Use the one the
   dictionary marks primary; the other is a derived estimate.
2. The verdict is AGREES when the area peak falls on the dose from
   round 1, and DISAGREES otherwise. Report both parts.

TOOL OUTPUTS

>>> schema_lookup(trait=""area_mm2"")
    modalities reporting this trait.
    trait     modality  modality_role       unit  trait_role
    --------  --------  ------------------  ----  ----------
    area_mm2  rgb2      top-view RGB        mm2   primary
    area_mm2  swir      SWIR hyperspectral  mm2   derived

>>> db_lookup(table=""features"", select=[""modality"", ""genotype"", ""mean_area_mm2""], where=""trait='area_mm2'"", group_by=[""modality"", ""genotype"", ""treatment""])
    mean area_mm2 by modality and accession, one column per treatment.
    modality  genotype   t0     t40    t80
    --------  ---------  -----  -----  -----
    rgb2      MAGIC 291  10.26  19.55  10.60
    rgb2      MAGIC 338  21.05  11.87  9.81
    rgb2      66         10.75  12.91  21.58
    rgb2      Esp17      21.08  12.11  9.44
    swir      MAGIC 291  14.79  7.73   5.49
    swir      MAGIC 338  6.93   8.73   15.84
    swir      66         16.21  8.78   7.27
    swir      Esp17      8.50   15.85  8.45

OUTPUT FORMAT
Reply with exactly one line and nothing else:
ANSWER: <dose in mg kg-1, digits only>; <AGREES or DISAGREES>
","(schema_lookup[96:179],db_lookup[179:373])",40; DISAGREES,(depends on: round 2 answer MAGIC 291 and round 1 answer 80; on the rgb2 row for MAGIC 291 the largest usable cell is t40 -> 40; DISAGREES; ablations: reading the swir rows gives 0; DISAGREES)
exp168-chain-0029-medium,1,dose_response_shape,"SESSION
You are analysing experiment 168 at the Hollandale phenotyping facility: a copper
(Cu) dose series on 6 Thlaspi arvense (pennycress) accessions at 0, 10, 50, 100,
500 and 1000 mg kg-1, imaged over 28 days in six modalities.

This is a 5-round investigation. Each round gives you the results of the tool
calls it needs, already run; how many there are varies by round. Later rounds
build on what you established earlier and will not repeat it, so keep your own
answers.

TOOLS (results are inlined; you cannot issue new calls)
  db_lookup(table=, select=, where=, group_by=)   the measurement store
  schema_lookup(trait=)                           which modality records a trait, and in what unit
  qc_lookup(table=, select=, where=)              flags, exclusions, usable counts
  design_lookup(aspect=)                          the protocol: dose series, accession panel,
                                                  imaging rounds, replication plan
  literature_lookup(species=, property=)          published claims
  embedding_lookup(space=, query=, k=)            nearest accessions by profile similarity

TERMS
  treatment        the copper dose, in mg kg-1
  genotype         the accession label
  Fv/Fm_Lss        photosystem-II efficiency, from the fc1 modality
  area_mm2         leaf area
  n_plants         distinct plants behind a cell
  round_to_round   variance of an accession's per-round means
  within_round     variance between plants inside one imaging round

ROUND 1 - TASK (dose_response_shape)
At which copper dose does mean Fv/Fm_Lss peak across the panel?

RULES
1. A treatment cell must clear the usable-plant floor in the quality
   gate before it can be called a peak.
2. Judge the curve as a whole, not a single cell.

TOOL OUTPUTS

>>> db_lookup(table=""fc1_values"", select=[""trait"", ""mean_value""], where=""experiment_id=168"", group_by=[""trait"", ""treatment""])
    mean value by trait, one column per treatment (mg kg-1).
    trait      t0     t10    t50    t100   t500   t1000
    ---------  -----  -----  -----  -----  -----  -----
    Fv/Fm_Lss  0.545  0.487  0.502  0.519  0.491  0.446

>>> qc_lookup(table=""fc1_values"", select=[""treatment"", ""n_plants_usable""], where=""trait='Fv/Fm_Lss'"")
    plants surviving QC per treatment; the floor for a panel claim is 12.
    treatment  n_plants_usable
    ---------  ---------------
    0          5
    10         58
    50         53
    100        53
    500        56
    1000       52

OUTPUT FORMAT
Reply with exactly one line and nothing else:
ANSWER: <dose in mg kg-1, digits only>
","(db_lookup[327:453],qc_lookup[453:541])",100,(depends on: -; the plant-level Fv/Fm_Lss row peaks at 0.519 on t100 -> 100; ablations: ignoring the quality gate gives 0 on 5 plants)
exp168-chain-0029-medium,2,transition_sensitivity,"ROUND 2 - TASK (transition_sensitivity)
Starting from the copper dose you identified in round 1, which accession
loses the most Fv/Fm_Lss when the dose is raised to the next level of the
design series?

RULES
1. The store also holds a pilot dose that is not a level of the
   design series. The next level is the next one in the design
   table, which need not be the next column.
2. Only accessions in the core panel can be ranked; observational
   ones are carried for reference.
3. Compare each accession against itself across the two doses.

TOOL OUTPUTS

>>> db_lookup(table=""fc1_values"", select=[""genotype"", ""mean_value""], where=""trait='Fv/Fm_Lss'"", group_by=[""genotype"", ""treatment""])
    mean Fv/Fm_Lss by accession, one column per treatment in the store.
    genotype  t50    t100   t300   t500
    --------  -----  -----  -----  -----
    91        0.538  0.524  0.496  0.175
    ISU 187   0.527  0.507  0.466  0.455
    RIL 265   0.548  0.515  0.343  0.329
    ISU 74    0.549  0.512  0.472  0.272
    47        0.528  0.493  0.473  0.452

>>> design_lookup(aspect=""accession_panel"")
    panel membership for this experiment.
    genotype  panel_role
    --------  -------------
    91        observational
    ISU 187   core
    RIL 265   core
    ISU 74    core
    47        core

>>> design_lookup(aspect=""dose_series"")
    the design levels, in order. Doses absent here are pilot cells.
    level  treatment
    -----  ---------
    1      0
    2      10
    3      50
    4      100
    5      500
    6      1000

OUTPUT FORMAT
Reply with exactly one line and nothing else:
ANSWER: <accession label exactly as it appears in the table>
","(db_lookup[113:276],design_lookup[276:329],design_lookup[329:382])",ISU 74,"(depends on: round 1 answer 100; the step is t100->t500, not the adjacent column t300 which is a pilot cell; per-accession drop ISU 74:+0.240  RIL 265:+0.186  ISU 187:+0.052  47:+0.041 -> ISU 74; ablations: stepping to the next column instead of the next design level gives RIL 265; ranking without the panel table gives 91, which is observational)"
exp168-chain-0029-medium,3,cross_modality_peak,"ROUND 3 - TASK (cross_modality_peak)
For the accession identified in round 2: at which dose does its leaf area
(area_mm2) peak, and does that dose agree with where Fv/Fm_Lss peaked
in round 1?

RULES
1. More than one modality reports this trait. Use the one the
   dictionary marks primary; the other is a derived estimate.
2. A cell flagged empty_mask carries no usable area and cannot be
   the peak. low_mask_coverage is on nearly every row and is not a
   reason to discard.
3. The verdict is AGREES when the area peak falls on the dose from
   round 1, and DISAGREES otherwise. Report both parts.

TOOL OUTPUTS

>>> schema_lookup(trait=""area_mm2"")
    modalities reporting this trait.
    trait     modality  modality_role       unit  trait_role
    --------  --------  ------------------  ----  ----------
    area_mm2  rgb2      top-view RGB        mm2   primary
    area_mm2  swir      SWIR hyperspectral  mm2   derived

>>> qc_lookup(table=""rgb2_features"", select=[""genotype"", ""treatment"", ""flag""], where=""flag='empty_mask'"")
    cells voided by empty_mask.
    genotype  treatment  flag
    --------  ---------  ----------
    ISU 74    500        empty_mask
    91        100        empty_mask

>>> db_lookup(table=""features"", select=[""modality"", ""genotype"", ""mean_area_mm2""], where=""trait='area_mm2'"", group_by=[""modality"", ""genotype"", ""treatment""])
    mean area_mm2 by modality and accession, one column per treatment.
    modality  genotype  t10    t100   t500   t1000
    --------  --------  -----  -----  -----  -----
    rgb2      ISU 74    19.68  10.81  24.18  7.48
    rgb2      91        9.26   10.44  11.98  21.06
    rgb2      RIL 265   12.53  13.49  22.35  13.77
    rgb2      47        12.38  21.01  12.56  10.94
    swir      ISU 74    7.86   14.88  7.34   5.93
    swir      91        15.84  8.67   6.41   6.25
    swir      RIL 265   16.75  9.49   8.66   7.39
    swir      47        15.81  8.28   6.92   5.29

OUTPUT FORMAT
Reply with exactly one line and nothing else:
ANSWER: <dose in mg kg-1, digits only>; <AGREES or DISAGREES>
","(schema_lookup[126:209],qc_lookup[209:288],db_lookup[288:511])",10; DISAGREES,(depends on: round 2 answer ISU 74 and round 1 answer 100; on the rgb2 row for ISU 74 the largest usable cell is t10 -> 10; DISAGREES; ablations: reading the swir rows gives 100; AGREES; ignoring empty_mask gives 500; DISAGREES)
exp168-chain-0029-medium,4,modality_coverage,"ROUND 4 - TASK (modality_coverage)
For the accession identified in round 2: which modalities hold usable feature
rows for it in this experiment?

RULES
1. A modality whose rows are all flagged holds nothing usable.
2. List the modalities in the column order of the store table.

TOOL OUTPUTS

>>> qc_lookup(table=""features"", select=[""genotype"", ""modality"", ""n_usable""], group_by=[""genotype"", ""modality""])
    rows surviving QC, one column per modality.
    genotype  fc1  rgb2  msc1  vnir  swir  s3d
    --------  ---  ----  ----  ----  ----  ---
    ISU 74    0    62    63    0     44    0
    91        0    61    63    23    39    17
    RIL 265   0    57    67    32    23    0
    47        0    58    62    39    0     37

>>> db_lookup(table=""features"", select=[""genotype"", ""modality"", ""n_rows""], group_by=[""genotype"", ""modality""])
    feature rows per accession, one column per modality.
    genotype  fc1  rgb2  msc1  vnir  swir  s3d
    --------  ---  ----  ----  ----  ----  ---
    ISU 74    0    65    65    15    46    0
    91        0    61    66    25    40    20
    RIL 265   0    58    67    35    26    0
    47        0    59    63    39    0     37

OUTPUT FORMAT
Reply with exactly one line and nothing else:
ANSWER: <modalities, comma separated, in table column order>
","(qc_lookup[57:172],db_lookup[172:288])","rgb2, msc1, swir","(depends on: round 2 answer ISU 74; that row is non-zero for rgb2, msc1, vnir, swir and vnir has nothing left after QC -> rgb2, msc1, swir; ablations: ignoring the quality gate gives rgb2, msc1, vnir, swir)"
exp168-chain-0029-medium,5,power_check,"ROUND 5 - TASK (power_check)
For the accession identified in round 2, at the dose identified in round 1: is
that cell replicated well enough to carry a genotype-level claim, and on how
many plants does that verdict rest?

RULES
1. The floor depends on the claim level and is set by this study's
   replication plan; do not assume a value.
2. Report the verdict and the count behind it.

TOOL OUTPUTS

>>> db_lookup(table=""fc1_values"", select=[""genotype"", ""n_plants""], group_by=[""genotype"", ""treatment""])
    plants recorded per accession, one column per treatment.
    genotype  t50  t100  t300  t500
    --------  ---  ----  ----  ----
    ISU 74    38   8     56    26
    91        31   19    37    27
    RIL 265   16   14    36    28
    47        32   8     34    55

>>> design_lookup(aspect=""replication_plan"")
    minimum usable plants per claim level in this study.
    claim_level     min_usable_plants
    --------------  -----------------
    genotype-level  6
    panel-level     28

OUTPUT FORMAT
Reply with exactly one line and nothing else:
ANSWER: <WELL_REPLICATED or UNDERPOWERED>; <usable plants>
","(db_lookup[87:182],design_lookup[182:244])",WELL_REPLICATED; 8,"(depends on: round 2 answer ISU 74 and round 1 answer 100; the store holds 8 plants for that cell, and the floor is 6 -> WELL_REPLICATED; 8; ablations: assuming the conventional floor of 10 gives UNDERPOWERED; 8)"
exp97-chain-0030-hard,1,dose_response_shape,"SESSION
You are analysing experiment 97 at the Norwood phenotyping facility: a nickel (Ni)
dose series on 6 Brassica napus (oilseed rape) accessions at 0, 25, 50, 100, 250
and 500 mg kg-1, imaged over 28 days in six modalities.

This is a 6-round investigation. Each round gives you the results of the tool
calls it needs, already run; how many there are varies by round. Later rounds
build on what you established earlier and will not repeat it, so keep your own
answers.

TOOLS (results are inlined; you cannot issue new calls)
  db_lookup(table=, select=, where=, group_by=)   the measurement store
  schema_lookup(trait=)                           which modality records a trait, and in what unit
  qc_lookup(table=, select=, where=)              flags, exclusions, usable counts
  design_lookup(aspect=)                          the protocol: dose series, accession panel,
                                                  imaging rounds, replication plan
  literature_lookup(species=, property=)          published claims
  embedding_lookup(space=, query=, k=)            nearest accessions by profile similarity

TERMS
  treatment        the nickel dose, in mg kg-1
  genotype         the accession label
  Fv/Fm_Lss        photosystem-II efficiency, from the fc1 modality
  area_mm2         leaf area
  n_plants         distinct plants behind a cell
  round_to_round   variance of an accession's per-round means
  within_round     variance between plants inside one imaging round

ROUND 1 - TASK (dose_response_shape)
At which nickel dose does mean Fv/Fm_Lss peak across the panel?

RULES
1. Two rows in the store carry a similar trait name. Only the
   plant-level trait is the panel measurement; the dictionary says
   which that is.
2. A treatment cell must clear the usable-plant floor in the quality
   gate before it can be called a peak.
3. Judge the curve as a whole, not a single cell.

TOOL OUTPUTS

>>> db_lookup(table=""fc1_values"", select=[""trait"", ""mean_value""], where=""experiment_id=97"", group_by=[""trait"", ""treatment""])
    mean value by trait, one column per treatment (mg kg-1).
    trait          t0     t25    t50    t100   t250   t500
    -------------  -----  -----  -----  -----  -----  -----
    Fv/Fm_Lss      0.497  0.512  0.526  0.497  0.549  0.427
    avg_Fv/Fm_Lss  0.384  0.445  0.464  0.396  0.413  0.594

>>> schema_lookup(trait=""Fv/Fm_Lss"")
    trait dictionary: where the trait lives and at what entity level.
    trait          modality  table       unit  entity_level
    -------------  --------  ----------  ----  ------------
    Fv/Fm_Lss      fc1       fc1_values  a.u.  plant
    avg_Fv/Fm_Lss  fc1       fc1_values  a.u.  region

>>> qc_lookup(table=""fc1_values"", select=[""treatment"", ""n_plants_usable""], where=""trait='Fv/Fm_Lss'"")
    plants surviving QC per treatment; the floor for a panel claim is 10.
    treatment  n_plants_usable
    ---------  ---------------
    0          57
    25         58
    50         57
    100        51
    250        6
    500        51

OUTPUT FORMAT
Reply with exactly one line and nothing else:
ANSWER: <dose in mg kg-1, digits only>
","(db_lookup[359:510],schema_lookup[510:608],qc_lookup[608:696])",50,(depends on: -; the plant-level Fv/Fm_Lss row peaks at 0.526 on t50 -> 50; ablations: reading the alias row gives 500; ignoring the quality gate gives 250 on 6 plants)
exp97-chain-0030-hard,2,transition_sensitivity,"ROUND 2 - TASK (transition_sensitivity)
Starting from the nickel dose you identified in round 1, which accession
loses the most Fv/Fm_Lss when the dose is raised to the next level of the
design series?

RULES
1. The store also holds a pilot dose that is not a level of the
   design series. The next level is the next one in the design
   table, which need not be the next column.
2. Only accessions in the core panel can be ranked; observational
   ones are carried for reference.
3. Compare each accession against itself across the two doses.

TOOL OUTPUTS

>>> design_lookup(aspect=""accession_panel"")
    panel membership for this experiment.
    genotype  panel_role
    --------  -------------
    54        core
    75        core
    ISU 310   core
    ISU 327   observational
    Ecl51     core

>>> design_lookup(aspect=""dose_series"")
    the design levels, in order. Doses absent here are pilot cells.
    level  treatment
    -----  ---------
    1      0
    2      25
    3      50
    4      100
    5      250
    6      500

>>> db_lookup(table=""fc1_values"", select=[""genotype"", ""mean_value""], where=""trait='Fv/Fm_Lss'"", group_by=[""genotype"", ""treatment""])
    mean Fv/Fm_Lss by accession, one column per treatment in the store.
    genotype  t25    t50    t75    t100
    --------  -----  -----  -----  -----
    54        0.558  0.536  0.519  0.482
    75        0.537  0.499  0.464  0.450
    ISU 310   0.558  0.525  0.494  0.285
    ISU 327   0.549  0.529  0.488  0.171
    Ecl51     0.525  0.483  0.311  0.297

OUTPUT FORMAT
Reply with exactly one line and nothing else:
ANSWER: <accession label exactly as it appears in the table>
","(design_lookup[113:165],design_lookup[165:218],db_lookup[218:380])",ISU 310,"(depends on: round 1 answer 50; the step is t50->t100, not the adjacent column t75 which is a pilot cell; per-accession drop ISU 310:+0.240  Ecl51:+0.186  54:+0.054  75:+0.049 -> ISU 310; ablations: stepping to the next column instead of the next design level gives Ecl51; ranking without the panel table gives ISU 327, which is observational)"
exp97-chain-0030-hard,3,cross_modality_peak,"ROUND 3 - TASK (cross_modality_peak)
For the accession identified in round 2: at which dose does its leaf area
(area_mm2) peak, and does that dose agree with where Fv/Fm_Lss peaked
in round 1?

RULES
1. More than one modality reports this trait. Use the one the
   dictionary marks primary; the other is a derived estimate.
2. A cell flagged empty_mask carries no usable area and cannot be
   the peak. low_mask_coverage is on nearly every row and is not a
   reason to discard.
3. The verdict is AGREES when the area peak falls on the dose from
   round 1, and DISAGREES otherwise. Report both parts.

TOOL OUTPUTS

>>> qc_lookup(table=""rgb2_features"", select=[""genotype"", ""treatment"", ""flag""], where=""flag='empty_mask'"")
    cells voided by empty_mask.
    genotype  treatment  flag
    --------  ---------  ----------
    ISU 310   100        empty_mask
    ISU 327   50         empty_mask

>>> schema_lookup(trait=""area_mm2"")
    modalities reporting this trait.
    trait     modality  modality_role       unit  trait_role
    --------  --------  ------------------  ----  ----------
    area_mm2  rgb2      top-view RGB        mm2   primary
    area_mm2  swir      SWIR hyperspectral  mm2   derived

>>> db_lookup(table=""features"", select=[""modality"", ""genotype"", ""mean_area_mm2""], where=""trait='area_mm2'"", group_by=[""modality"", ""genotype"", ""treatment""])
    mean area_mm2 by modality and accession, one column per treatment.
    modality  genotype  t25    t50    t100   t500
    --------  --------  -----  -----  -----  -----
    rgb2      ISU 310   13.21  21.95  26.45  12.14
    rgb2      ISU 327   23.37  14.00  13.42  10.08
    rgb2      Ecl51     8.60   11.08  13.83  22.38
    rgb2      75        14.24  15.28  24.12  14.94
    swir      ISU 310   16.47  8.71   8.06   5.91
    swir      ISU 327   9.41   10.25  17.46  10.10
    swir      Ecl51     8.34   9.69   16.77  9.52
    swir      75        7.82   9.59   10.58  17.98

OUTPUT FORMAT
Reply with exactly one line and nothing else:
ANSWER: <dose in mg kg-1, digits only>; <AGREES or DISAGREES>
","(qc_lookup[126:206],schema_lookup[206:289],db_lookup[289:512])",50; AGREES,(depends on: round 2 answer ISU 310 and round 1 answer 50; on the rgb2 row for ISU 310 the largest usable cell is t50 -> 50; AGREES; ablations: reading the swir rows gives 25; DISAGREES; ignoring empty_mask gives 100; DISAGREES)
exp97-chain-0030-hard,4,modality_coverage,"ROUND 4 - TASK (modality_coverage)
For the accession identified in round 2: which modalities hold usable feature
rows for it in this experiment?

RULES
1. A modality never scheduled for this experiment does not count,
   even if rows for it exist: those were carried over.
2. A modality whose rows are all flagged holds nothing usable.
3. List the modalities in the column order of the store table.

TOOL OUTPUTS

>>> qc_lookup(table=""features"", select=[""genotype"", ""modality"", ""n_usable""], group_by=[""genotype"", ""modality""])
    rows surviving QC, one column per modality.
    genotype  fc1  rgb2  msc1  vnir  swir  s3d
    --------  ---  ----  ----  ----  ----  ---
    ISU 310   35   60    53    0     0     17
    ISU 327   0    57    58    33    19    0
    Ecl51     34   56    61    12    0     0
    75        0    58    56    15    23    0

>>> db_lookup(table=""features"", select=[""genotype"", ""modality"", ""n_rows""], group_by=[""genotype"", ""modality""])
    feature rows per accession, one column per modality.
    genotype  fc1  rgb2  msc1  vnir  swir  s3d
    --------  ---  ----  ----  ----  ----  ---
    ISU 310   35   63    56    36    0     20
    ISU 327   0    60    58    36    22    0
    Ecl51     34   59    64    14    0     0
    75        0    60    57    17    23    0

>>> design_lookup(aspect=""imaging_rounds"")
    imaging rounds scheduled per modality for this experiment.
    modality  records                   rounds_scheduled
    --------  ------------------------  ----------------
    fc1       chlorophyll fluorescence  37
    rgb2      top-view RGB              31
    msc1      multispectral             39
    vnir      VNIR hyperspectral        67
    swir      SWIR hyperspectral        49
    s3d       3-D structural scan       0

OUTPUT FORMAT
Reply with exactly one line and nothing else:
ANSWER: <modalities, comma separated, in table column order>
","(qc_lookup[82:197],db_lookup[197:313],design_lookup[313:412])","fc1, rgb2, msc1","(depends on: round 2 answer ISU 310; that row is non-zero for fc1, rgb2, msc1, vnir, s3d, but s3d was never scheduled and vnir has nothing left after QC -> fc1, rgb2, msc1; ablations: ignoring the schedule gives fc1, rgb2, msc1, s3d; ignoring the quality gate gives fc1, rgb2, msc1, vnir)"
exp97-chain-0030-hard,5,power_check,"ROUND 5 - TASK (power_check)
For the accession identified in round 2, at the dose identified in round 1: is
that cell replicated well enough to carry a genotype-level claim, and on how
many plants does that verdict rest?

RULES
1. The count that matters is plants remaining after exclusions, not
   the raw count in the store.
2. The floor depends on the claim level and is set by this study's
   replication plan; do not assume a value.
3. Report the verdict and the count behind it.

TOOL OUTPUTS

>>> qc_lookup(table=""fc1_values"", select=[""genotype"", ""n_plants_excluded""], where=""flag IN ('empty_mask', 'sentinel')"")
    plants excluded per cell, one column per treatment.
    genotype  t25  t50  t75  t100
    --------  ---  ---  ---  ----
    ISU 310   0    5    0    2
    ISU 327   0    2    3    3
    Ecl51     0    1    1    2
    75        1    2    3    2

>>> design_lookup(aspect=""replication_plan"")
    minimum usable plants per claim level in this study.
    claim_level     min_usable_plants
    --------------  -----------------
    genotype-level  15
    panel-level     28

>>> db_lookup(table=""fc1_values"", select=[""genotype"", ""n_plants""], group_by=[""genotype"", ""treatment""])
    plants recorded per accession, one column per treatment.
    genotype  t25  t50  t75  t100
    --------  ---  ---  ---  ----
    ISU 310   8    16   23   50
    ISU 327   39   53   55   42
    Ecl51     18   22   59   16
    75        25   57   31   33

OUTPUT FORMAT
Reply with exactly one line and nothing else:
ANSWER: <WELL_REPLICATED or UNDERPOWERED>; <usable plants>
","(qc_lookup[107:204],design_lookup[204:266],db_lookup[266:359])",UNDERPOWERED; 11,"(depends on: round 2 answer ISU 310 and round 1 answer 50; the store holds 16 plants for that cell, qc_lookup removes 5, and the floor is 15 -> UNDERPOWERED; 11; ablations: skipping the exclusions gives WELL_REPLICATED; 16; assuming the conventional floor of 10 gives WELL_REPLICATED; 11)"
exp97-chain-0030-hard,6,variance_regime,"ROUND 6 - TASK (variance_regime)
Name the cell -- accession and dose -- at which the accession identified in
round 2 first shows round-to-round variance of Fv/Fm_Lss exceeding its
within-round variance.

RULES
1. The two variances come from separate queries; compare them cell by
   cell.
2. A cell built on fewer than 3 imaging rounds is not
   comparable and must be skipped, however its numbers look.
3. Report the first qualifying dose reading left to right, not the
   largest gap, and name the accession alongside it.

TOOL OUTPUTS

>>> db_lookup(table=""fc1_values"", select=[""genotype"", ""within_round""], where=""trait='Fv/Fm_Lss'"", group_by=[""genotype"", ""treatment""])
    within-round variance, one column per treatment.
    genotype  t0     t25    t50    t100   t250   t500
    --------  -----  -----  -----  -----  -----  -----
    ISU 310   0.030  0.008  0.025  0.028  0.034  0.050
    ISU 327   0.027  0.050  0.007  0.036  0.040  0.049
    Ecl51     0.042  0.052  0.061  0.068  0.091  0.046
    75        0.036  0.034  0.067  0.079  0.048  0.063

>>> db_lookup(table=""fc1_values"", select=[""genotype"", ""round_to_round""], where=""trait='Fv/Fm_Lss'"", group_by=[""genotype"", ""treatment""])
    round-to-round variance, one column per treatment.
    genotype  t0     t25    t50    t100   t250   t500
    --------  -----  -----  -----  -----  -----  -----
    ISU 310   0.013  0.027  0.041  0.051  0.062  0.075
    ISU 327   0.016  0.025  0.037  0.050  0.063  0.074
    Ecl51     0.015  0.027  0.039  0.050  0.062  0.074
    75        0.014  0.027  0.039  0.049  0.065  0.076

>>> qc_lookup(table=""fc1_values"", select=[""genotype"", ""n_rounds""], where=""trait='Fv/Fm_Lss'"")
    imaging rounds behind each cell, one column per treatment.
    genotype  t0  t25  t50  t100  t250  t500
    --------  --  ---  ---  ----  ----  ----
    ISU 310   7   1    7    8     6     7
    ISU 327   7   7    6    4     4     5
    Ecl51     7   8    6    6     8     7
    75        6   5    9    8     8     5

OUTPUT FORMAT
Reply with exactly one line and nothing else:
ANSWER: <accession>@<dose>
","(db_lookup[111:291],db_lookup[291:473],qc_lookup[473:584])",ISU 310@50,"(depends on: round 2 answer ISU 310; comparing the two variance tables cell by cell, ISU 310 first crosses at t25, but that cell rests on 1 imaging round, under the 3 needed, so the first comparable crossing is t50 -> ISU 310@50; ablations: taking the largest round-to-round value without the within-round table gives ISU 310@500; ignoring the round counts gives ISU 310@25)"
exp112-chain-0031-low,1,dose_response_shape,"SESSION
You are analysing experiment 112 at the Norwood phenotyping facility: a nickel
(Ni) dose series on 6 Camelina sativa (camelina) accessions at 0, 20, 40, 80, 160
and 320 mg kg-1, imaged over 28 days in six modalities.

This is a 3-round investigation. Each round gives you the results of the tool
calls it needs, already run; how many there are varies by round. Later rounds
build on what you established earlier and will not repeat it, so keep your own
answers.

TOOLS (results are inlined; you cannot issue new calls)
  db_lookup(table=, select=, where=, group_by=)   the measurement store
  schema_lookup(trait=)                           which modality records a trait, and in what unit
  qc_lookup(table=, select=, where=)              flags, exclusions, usable counts
  design_lookup(aspect=)                          the protocol: dose series, accession panel,
                                                  imaging rounds, replication plan
  literature_lookup(species=, property=)          published claims
  embedding_lookup(space=, query=, k=)            nearest accessions by profile similarity

TERMS
  treatment        the nickel dose, in mg kg-1
  genotype         the accession label
  Fv/Fm_Lss        photosystem-II efficiency, from the fc1 modality
  area_mm2         leaf area
  n_plants         distinct plants behind a cell
  round_to_round   variance of an accession's per-round means
  within_round     variance between plants inside one imaging round

ROUND 1 - TASK (dose_response_shape)
At which nickel dose does mean Fv/Fm_Lss peak across the panel?

RULES
1. Two rows in the store carry a similar trait name. Only the
   plant-level trait is the panel measurement; the dictionary says
   which that is.
2. Judge the curve as a whole, not a single cell.

TOOL OUTPUTS

>>> db_lookup(table=""fc1_values"", select=[""trait"", ""mean_value""], where=""experiment_id=112"", group_by=[""trait"", ""treatment""])
    mean value by trait, one column per treatment (mg kg-1).
    trait          t0     t20    t40    t80    t160   t320
    -------------  -----  -----  -----  -----  -----  -----
    Fv/Fm_Lss      0.473  0.507  0.517  0.488  0.465  0.431
    avg_Fv/Fm_Lss  0.399  0.453  0.412  0.597  0.430  0.460

>>> schema_lookup(trait=""Fv/Fm_Lss"")
    trait dictionary: where the trait lives and at what entity level.
    trait          modality  table       unit  entity_level
    -------------  --------  ----------  ----  ------------
    Fv/Fm_Lss      fc1       fc1_values  a.u.  plant
    avg_Fv/Fm_Lss  fc1       fc1_values  a.u.  region

OUTPUT FORMAT
Reply with exactly one line and nothing else:
ANSWER: <dose in mg kg-1, digits only>
","(db_lookup[334:485],schema_lookup[485:583])",40,(depends on: -; the plant-level Fv/Fm_Lss row peaks at 0.517 on t40 -> 40; ablations: reading the alias row gives 80)
exp112-chain-0031-low,2,transition_sensitivity,"ROUND 2 - TASK (transition_sensitivity)
Starting from the nickel dose you identified in round 1, which accession
loses the most Fv/Fm_Lss when the dose is raised to the next level of the
design series?

RULES
1. Compare each accession against itself across the two doses.

TOOL OUTPUTS

>>> db_lookup(table=""fc1_values"", select=[""genotype"", ""mean_value""], where=""trait='Fv/Fm_Lss'"", group_by=[""genotype"", ""treatment""])
    mean Fv/Fm_Lss by accession, one column per treatment in the store.
    genotype  t0     t40    t80    t320
    --------  -----  -----  -----  -----
    67        0.546  0.518  0.509  0.488
    ISU 195   0.525  0.505  0.475  0.450
    Ecm14     0.542  0.520  0.478  0.449
    53        0.535  0.512  0.312  0.276

OUTPUT FORMAT
Reply with exactly one line and nothing else:
ANSWER: <accession label exactly as it appears in the table>
",(db_lookup[55:203]),53,(depends on: round 1 answer 40; the step is t40->t80; per-accession drop 53:+0.200  Ecm14:+0.042  ISU 195:+0.030  67:+0.009 -> 53; no complications at this tier)
exp112-chain-0031-low,3,cross_modality_peak,"ROUND 3 - TASK (cross_modality_peak)
For the accession identified in round 2: at which dose does its leaf area
(area_mm2) peak, and does that dose agree with where Fv/Fm_Lss peaked
in round 1?

RULES
1. A cell flagged empty_mask carries no usable area and cannot be
   the peak. low_mask_coverage is on nearly every row and is not a
   reason to discard.
2. The verdict is AGREES when the area peak falls on the dose from
   round 1, and DISAGREES otherwise. Report both parts.

TOOL OUTPUTS

>>> db_lookup(table=""features"", select=[""modality"", ""genotype"", ""mean_area_mm2""], where=""trait='area_mm2'"", group_by=[""modality"", ""genotype"", ""treatment""])
    mean area_mm2 by modality and accession, one column per treatment.
    modality  genotype  t0     t20    t40
    --------  --------  -----  -----  -----
    rgb2      53        20.23  10.93  24.73
    rgb2      NIL 364   15.63  24.07  14.86
    rgb2      Ecm14     12.18  12.96  22.31
    rgb2      ISU 195   11.20  19.61  10.41

>>> qc_lookup(table=""rgb2_features"", select=[""genotype"", ""treatment"", ""flag""], where=""flag='empty_mask'"")
    cells voided by empty_mask.
    genotype  treatment  flag
    --------  ---------  ----------
    53        40         empty_mask
    NIL 364   0          empty_mask

OUTPUT FORMAT
Reply with exactly one line and nothing else:
ANSWER: <dose in mg kg-1, digits only>; <AGREES or DISAGREES>
","(db_lookup[101:248],qc_lookup[248:327])",0; DISAGREES,(depends on: round 2 answer 53 and round 1 answer 40; on the rgb2 row for 53 the largest usable cell is t0 -> 0; DISAGREES; ablations: ignoring empty_mask gives 40; AGREES)
exp65-chain-0032-medium,1,dose_response_shape,"SESSION
You are analysing experiment 65 at the Ashfield phenotyping facility: a cobalt
(Co) dose series on 6 Thlaspi arvense (pennycress) accessions at 0, 50, 100, 200,
500 and 1000 mg kg-1, imaged over 28 days in six modalities.

This is a 4-round investigation. Each round gives you the results of the tool
calls it needs, already run; how many there are varies by round. Later rounds
build on what you established earlier and will not repeat it, so keep your own
answers.

TOOLS (results are inlined; you cannot issue new calls)
  db_lookup(table=, select=, where=, group_by=)   the measurement store
  schema_lookup(trait=)                           which modality records a trait, and in what unit
  qc_lookup(table=, select=, where=)              flags, exclusions, usable counts
  design_lookup(aspect=)                          the protocol: dose series, accession panel,
                                                  imaging rounds, replication plan
  literature_lookup(species=, property=)          published claims
  embedding_lookup(space=, query=, k=)            nearest accessions by profile similarity

TERMS
  treatment        the cobalt dose, in mg kg-1
  genotype         the accession label
  Fv/Fm_Lss        photosystem-II efficiency, from the fc1 modality
  area_mm2         leaf area
  n_plants         distinct plants behind a cell
  round_to_round   variance of an accession's per-round means
  within_round     variance between plants inside one imaging round

ROUND 1 - TASK (dose_response_shape)
At which cobalt dose does mean Fv/Fm_Lss peak across the panel?

RULES
1. A treatment cell must clear the usable-plant floor in the quality
   gate before it can be called a peak.
2. Judge the curve as a whole, not a single cell.

TOOL OUTPUTS

>>> qc_lookup(table=""fc1_values"", select=[""treatment"", ""n_plants_usable""], where=""trait='Fv/Fm_Lss'"")
    plants surviving QC per treatment; the floor for a panel claim is 10.
    treatment  n_plants_usable
    ---------  ---------------
    0          59
    50         60
    100        53
    200        5
    500        58
    1000       49

>>> db_lookup(table=""fc1_values"", select=[""trait"", ""mean_value""], where=""experiment_id=65"", group_by=[""trait"", ""treatment""])
    mean value by trait, one column per treatment (mg kg-1).
    trait      t0     t50    t100   t200   t500   t1000
    ---------  -----  -----  -----  -----  -----  -----
    Fv/Fm_Lss  0.482  0.509  0.525  0.543  0.467  0.424

OUTPUT FORMAT
Reply with exactly one line and nothing else:
ANSWER: <dose in mg kg-1, digits only>
","(qc_lookup[327:415],db_lookup[415:541])",100,(depends on: -; the plant-level Fv/Fm_Lss row peaks at 0.525 on t100 -> 100; ablations: ignoring the quality gate gives 200 on 5 plants)
exp65-chain-0032-medium,2,transition_sensitivity,"ROUND 2 - TASK (transition_sensitivity)
Starting from the cobalt dose you identified in round 1, which accession
loses the most Fv/Fm_Lss when the dose is raised to the next level of the
design series?

RULES
1. The store also holds a pilot dose that is not a level of the
   design series. The next level is the next one in the design
   table, which need not be the next column.
2. Only accessions in the core panel can be ranked; observational
   ones are carried for reference.
3. Compare each accession against itself across the two doses.

TOOL OUTPUTS

>>> design_lookup(aspect=""accession_panel"")
    panel membership for this experiment.
    genotype  panel_role
    --------  -------------
    Ecl28     core
    ISU 118   core
    57        core
    ISU 363   core
    74        observational

>>> design_lookup(aspect=""dose_series"")
    the design levels, in order. Doses absent here are pilot cells.
    level  treatment
    -----  ---------
    1      0
    2      50
    3      100
    4      200
    5      500
    6      1000

>>> db_lookup(table=""fc1_values"", select=[""genotype"", ""mean_value""], where=""trait='Fv/Fm_Lss'"", group_by=[""genotype"", ""treatment""])
    mean Fv/Fm_Lss by accession, one column per treatment in the store.
    genotype  t50    t100   t150   t200
    --------  -----  -----  -----  -----
    Ecl28     0.535  0.512  0.504  0.479
    ISU 118   0.544  0.499  0.340  0.334
    57        0.539  0.524  0.491  0.299
    ISU 363   0.543  0.503  0.493  0.467
    74        0.536  0.519  0.500  0.203

OUTPUT FORMAT
Reply with exactly one line and nothing else:
ANSWER: <accession label exactly as it appears in the table>
","(design_lookup[113:165],design_lookup[165:218],db_lookup[218:380])",57,"(depends on: round 1 answer 100; the step is t100->t200, not the adjacent column t150 which is a pilot cell; per-accession drop 57:+0.225  ISU 118:+0.165  ISU 363:+0.036  Ecl28:+0.033 -> 57; ablations: stepping to the next column instead of the next design level gives ISU 118; ranking without the panel table gives 74, which is observational)"
exp65-chain-0032-medium,3,cross_modality_peak,"ROUND 3 - TASK (cross_modality_peak)
For the accession identified in round 2: at which dose does its leaf area
(area_mm2) peak, and does that dose agree with where Fv/Fm_Lss peaked
in round 1?

RULES
1. More than one modality reports this trait. Use the one the
   dictionary marks primary; the other is a derived estimate.
2. A cell flagged empty_mask carries no usable area and cannot be
   the peak. low_mask_coverage is on nearly every row and is not a
   reason to discard.
3. The verdict is AGREES when the area peak falls on the dose from
   round 1, and DISAGREES otherwise. Report both parts.

TOOL OUTPUTS

>>> schema_lookup(trait=""area_mm2"")
    modalities reporting this trait.
    trait     modality  modality_role       unit  trait_role
    --------  --------  ------------------  ----  ----------
    area_mm2  rgb2      top-view RGB        mm2   primary
    area_mm2  swir      SWIR hyperspectral  mm2   derived

>>> db_lookup(table=""features"", select=[""modality"", ""genotype"", ""mean_area_mm2""], where=""trait='area_mm2'"", group_by=[""modality"", ""genotype"", ""treatment""])
    mean area_mm2 by modality and accession, one column per treatment.
    modality  genotype  t0     t50    t100   t200
    --------  --------  -----  -----  -----  -----
    rgb2      57        22.07  26.57  11.91  9.03
    rgb2      74        7.66   9.23   11.99  21.03
    rgb2      ISU 363   15.15  23.91  14.84  12.62
    rgb2      Ecl28     13.09  15.08  23.58  14.29
    swir      57        7.52   9.00   16.55  8.89
    swir      74        15.82  8.09   6.78   6.25
    swir      ISU 363   8.56   10.16  17.84  10.62
    swir      Ecl28     7.35   8.42   10.11  17.61

>>> qc_lookup(table=""rgb2_features"", select=[""genotype"", ""treatment"", ""flag""], where=""flag='empty_mask'"")
    cells voided by empty_mask.
    genotype  treatment  flag
    --------  ---------  ----------
    57        50         empty_mask
    74        0          empty_mask

OUTPUT FORMAT
Reply with exactly one line and nothing else:
ANSWER: <dose in mg kg-1, digits only>; <AGREES or DISAGREES>
","(schema_lookup[126:209],db_lookup[209:430],qc_lookup[430:508])",0; DISAGREES,(depends on: round 2 answer 57 and round 1 answer 100; on the rgb2 row for 57 the largest usable cell is t0 -> 0; DISAGREES; ablations: reading the swir rows gives 100; AGREES; ignoring empty_mask gives 50; DISAGREES)
exp65-chain-0032-medium,4,modality_coverage,"ROUND 4 - TASK (modality_coverage)
For the accession identified in round 2: which modalities hold usable feature
rows for it in this experiment?

RULES
1. A modality never scheduled for this experiment does not count,
   even if rows for it exist: those were carried over.
2. List the modalities in the column order of the store table.

TOOL OUTPUTS

>>> design_lookup(aspect=""imaging_rounds"")
    imaging rounds scheduled per modality for this experiment.
    modality  records                   rounds_scheduled
    --------  ------------------------  ----------------
    fc1       chlorophyll fluorescence  41
    rgb2      top-view RGB              28
    msc1      multispectral             38
    vnir      VNIR hyperspectral        37
    swir      SWIR hyperspectral        0
    s3d       3-D structural scan       65

>>> db_lookup(table=""features"", select=[""genotype"", ""modality"", ""n_rows""], group_by=[""genotype"", ""modality""])
    feature rows per accession, one column per modality.
    genotype  fc1  rgb2  msc1  vnir  swir  s3d
    --------  ---  ----  ----  ----  ----  ---
    57        15   60    67    44    28    0
    74        37   66    65    0     0     0
    ISU 363   0    63    56    0     0     45
    Ecl28     37   67    58    46    0     0

OUTPUT FORMAT
Reply with exactly one line and nothing else:
ANSWER: <modalities, comma separated, in table column order>
","(design_lookup[69:168],db_lookup[168:283])","fc1, rgb2, msc1, vnir","(depends on: round 2 answer 57; that row is non-zero for fc1, rgb2, msc1, vnir, swir, but swir was never scheduled -> fc1, rgb2, msc1, vnir; ablations: ignoring the schedule gives fc1, rgb2, msc1, vnir, swir)"
exp157-chain-0033-low,1,dose_response_shape,"SESSION
You are analysing experiment 157 at the Ridgefield phenotyping facility: a cobalt
(Co) dose series on 6 Brassica napus (oilseed rape) accessions at 0, 50, 100, 200,
500 and 1000 mg kg-1, imaged over 28 days in six modalities.

This is a 3-round investigation. Each round gives you the results of the tool
calls it needs, already run; how many there are varies by round. Later rounds
build on what you established earlier and will not repeat it, so keep your own
answers.

TOOLS (results are inlined; you cannot issue new calls)
  db_lookup(table=, select=, where=, group_by=)   the measurement store
  schema_lookup(trait=)                           which modality records a trait, and in what unit
  qc_lookup(table=, select=, where=)              flags, exclusions, usable counts
  design_lookup(aspect=)                          the protocol: dose series, accession panel,
                                                  imaging rounds, replication plan
  literature_lookup(species=, property=)          published claims
  embedding_lookup(space=, query=, k=)            nearest accessions by profile similarity

TERMS
  treatment        the cobalt dose, in mg kg-1
  genotype         the accession label
  Fv/Fm_Lss        photosystem-II efficiency, from the fc1 modality
  area_mm2         leaf area
  n_plants         distinct plants behind a cell
  round_to_round   variance of an accession's per-round means
  within_round     variance between plants inside one imaging round

ROUND 1 - TASK (dose_response_shape)
At which cobalt dose does mean Fv/Fm_Lss peak across the panel?

RULES
1. A treatment cell must clear the usable-plant floor in the quality
   gate before it can be called a peak.
2. Judge the curve as a whole, not a single cell.

TOOL OUTPUTS

>>> qc_lookup(table=""fc1_values"", select=[""treatment"", ""n_plants_usable""], where=""trait='Fv/Fm_Lss'"")
    plants surviving QC per treatment; the floor for a panel claim is 8.
    treatment  n_plants_usable
    ---------  ---------------
    0          48
    50         55
    100        54
    200        3
    500        55
    1000       53

>>> db_lookup(table=""fc1_values"", select=[""trait"", ""mean_value""], where=""experiment_id=157"", group_by=[""trait"", ""treatment""])
    mean value by trait, one column per treatment (mg kg-1).
    trait      t0     t50    t100   t200   t500   t1000
    ---------  -----  -----  -----  -----  -----  -----
    Fv/Fm_Lss  0.505  0.520  0.533  0.561  0.481  0.430

OUTPUT FORMAT
Reply with exactly one line and nothing else:
ANSWER: <dose in mg kg-1, digits only>
","(qc_lookup[328:416],db_lookup[416:542])",100,(depends on: -; the plant-level Fv/Fm_Lss row peaks at 0.533 on t100 -> 100; ablations: ignoring the quality gate gives 200 on 3 plants)
exp157-chain-0033-low,2,transition_sensitivity,"ROUND 2 - TASK (transition_sensitivity)
Starting from the cobalt dose you identified in round 1, which accession
loses the most Fv/Fm_Lss when the dose is raised to the next level of the
design series?

RULES
1. The store also holds a pilot dose that is not a level of the
   design series. The next level is the next one in the design
   table, which need not be the next column.
2. Compare each accession against itself across the two doses.

TOOL OUTPUTS

>>> db_lookup(table=""fc1_values"", select=[""genotype"", ""mean_value""], where=""trait='Fv/Fm_Lss'"", group_by=[""genotype"", ""treatment""])
    mean Fv/Fm_Lss by accession, one column per treatment in the store.
    genotype  t50    t100   t150   t200
    --------  -----  -----  -----  -----
    Ecl28     0.538  0.519  0.351  0.343
    94        0.547  0.539  0.508  0.471
    NIL 361   0.543  0.514  0.474  0.432
    MAGIC 64  0.552  0.541  0.503  0.318

>>> design_lookup(aspect=""dose_series"")
    the design levels, in order. Doses absent here are pilot cells.
    level  treatment
    -----  ---------
    1      0
    2      50
    3      100
    4      200
    5      500
    6      1000

OUTPUT FORMAT
Reply with exactly one line and nothing else:
ANSWER: <accession label exactly as it appears in the table>
","(db_lookup[94:243],design_lookup[243:296])",MAGIC 64,"(depends on: round 1 answer 100; the step is t100->t200, not the adjacent column t150 which is a pilot cell; per-accession drop MAGIC 64:+0.223  Ecl28:+0.176  NIL 361:+0.082  94:+0.068 -> MAGIC 64; ablations: stepping to the next column instead of the next design level gives Ecl28)"
exp157-chain-0033-low,3,cross_modality_peak,"ROUND 3 - TASK (cross_modality_peak)
For the accession identified in round 2: at which dose does its leaf area
(area_mm2) peak, and does that dose agree with where Fv/Fm_Lss peaked
in round 1?

RULES
1. More than one modality reports this trait. Use the one the
   dictionary marks primary; the other is a derived estimate.
2. The verdict is AGREES when the area peak falls on the dose from
   round 1, and DISAGREES otherwise. Report both parts.

TOOL OUTPUTS

>>> db_lookup(table=""features"", select=[""modality"", ""genotype"", ""mean_area_mm2""], where=""trait='area_mm2'"", group_by=[""modality"", ""genotype"", ""treatment""])
    mean area_mm2 by modality and accession, one column per treatment.
    modality  genotype  t0     t50    t100   t1000
    --------  --------  -----  -----  -----  -----
    rgb2      MAGIC 64  9.09   11.96  13.61  22.73
    rgb2      ISU 421   22.46  13.25  10.82  10.47
    rgb2      Ecl28     10.89  19.75  11.23  8.57
    rgb2      94        9.50   11.09  20.01  11.60
    swir      MAGIC 64  7.49   9.31   17.01  9.71
    swir      ISU 421   7.45   9.27   16.82  9.33
    swir      Ecl28     14.92  7.81   5.61   3.68
    swir      94        5.73   5.60   7.37   15.10

>>> schema_lookup(trait=""area_mm2"")
    modalities reporting this trait.
    trait     modality  modality_role       unit  trait_role
    --------  --------  ------------------  ----  ----------
    area_mm2  rgb2      top-view RGB        mm2   primary
    area_mm2  swir      SWIR hyperspectral  mm2   derived

OUTPUT FORMAT
Reply with exactly one line and nothing else:
ANSWER: <dose in mg kg-1, digits only>; <AGREES or DISAGREES>
","(db_lookup[96:319],schema_lookup[319:402])",1000; DISAGREES,(depends on: round 2 answer MAGIC 64 and round 1 answer 100; on the rgb2 row for MAGIC 64 the largest usable cell is t1000 -> 1000; DISAGREES; ablations: reading the swir rows gives 100; AGREES)
exp42-chain-0034-medium,1,dose_response_shape,"SESSION
You are analysing experiment 42 at the Ridgefield phenotyping facility: a zinc
(Zn) dose series on 6 Thlaspi arvense (pennycress) accessions at 0, 25, 50, 100,
250 and 500 mg kg-1, imaged over 28 days in six modalities.

This is a 5-round investigation. Each round gives you the results of the tool
calls it needs, already run; how many there are varies by round. Later rounds
build on what you established earlier and will not repeat it, so keep your own
answers.

TOOLS (results are inlined; you cannot issue new calls)
  db_lookup(table=, select=, where=, group_by=)   the measurement store
  schema_lookup(trait=)                           which modality records a trait, and in what unit
  qc_lookup(table=, select=, where=)              flags, exclusions, usable counts
  design_lookup(aspect=)                          the protocol: dose series, accession panel,
                                                  imaging rounds, replication plan
  literature_lookup(species=, property=)          published claims
  embedding_lookup(space=, query=, k=)            nearest accessions by profile similarity

TERMS
  treatment        the zinc dose, in mg kg-1
  genotype         the accession label
  Fv/Fm_Lss        photosystem-II efficiency, from the fc1 modality
  area_mm2         leaf area
  n_plants         distinct plants behind a cell
  round_to_round   variance of an accession's per-round means
  within_round     variance between plants inside one imaging round

ROUND 1 - TASK (dose_response_shape)
At which zinc dose does mean Fv/Fm_Lss peak across the panel?

RULES
1. Two rows in the store carry a similar trait name. Only the
   plant-level trait is the panel measurement; the dictionary says
   which that is.
2. Judge the curve as a whole, not a single cell.

TOOL OUTPUTS

>>> db_lookup(table=""fc1_values"", select=[""trait"", ""mean_value""], where=""experiment_id=42"", group_by=[""trait"", ""treatment""])
    mean value by trait, one column per treatment (mg kg-1).
    trait          t0     t25    t50    t100   t250   t500
    -------------  -----  -----  -----  -----  -----  -----
    Fv/Fm_Lss      0.506  0.513  0.528  0.493  0.470  0.420
    avg_Fv/Fm_Lss  0.454  0.440  0.441  0.383  0.558  0.383

>>> schema_lookup(trait=""Fv/Fm_Lss"")
    trait dictionary: where the trait lives and at what entity level.
    trait          modality  table       unit  entity_level
    -------------  --------  ----------  ----  ------------
    Fv/Fm_Lss      fc1       fc1_values  a.u.  plant
    avg_Fv/Fm_Lss  fc1       fc1_values  a.u.  region

OUTPUT FORMAT
Reply with exactly one line and nothing else:
ANSWER: <dose in mg kg-1, digits only>
","(db_lookup[334:485],schema_lookup[485:583])",50,(depends on: -; the plant-level Fv/Fm_Lss row peaks at 0.528 on t50 -> 50; ablations: reading the alias row gives 250)
exp42-chain-0034-medium,2,transition_sensitivity,"ROUND 2 - TASK (transition_sensitivity)
Starting from the zinc dose you identified in round 1, which accession
loses the most Fv/Fm_Lss when the dose is raised to the next level of the
design series?

RULES
1. The store also holds a pilot dose that is not a level of the
   design series. The next level is the next one in the design
   table, which need not be the next column.
2. Compare each accession against itself across the two doses.

TOOL OUTPUTS

>>> db_lookup(table=""fc1_values"", select=[""genotype"", ""mean_value""], where=""trait='Fv/Fm_Lss'"", group_by=[""genotype"", ""treatment""])
    mean Fv/Fm_Lss by accession, one column per treatment in the store.
    genotype  t25    t50    t75    t100
    --------  -----  -----  -----  -----
    ISU 404   0.530  0.487  0.463  0.440
    ISU 398   0.522  0.484  0.452  0.243
    94        0.560  0.536  0.368  0.357
    RIL 451   0.540  0.497  0.474  0.435

>>> design_lookup(aspect=""dose_series"")
    the design levels, in order. Doses absent here are pilot cells.
    level  treatment
    -----  ---------
    1      0
    2      25
    3      50
    4      100
    5      250
    6      500

OUTPUT FORMAT
Reply with exactly one line and nothing else:
ANSWER: <accession label exactly as it appears in the table>
","(db_lookup[94:244],design_lookup[244:297])",ISU 398,"(depends on: round 1 answer 50; the step is t50->t100, not the adjacent column t75 which is a pilot cell; per-accession drop ISU 398:+0.241  94:+0.179  RIL 451:+0.062  ISU 404:+0.047 -> ISU 398; ablations: stepping to the next column instead of the next design level gives 94)"
exp42-chain-0034-medium,3,cross_modality_peak,"ROUND 3 - TASK (cross_modality_peak)
For the accession identified in round 2: at which dose does its leaf area
(area_mm2) peak, and does that dose agree with where Fv/Fm_Lss peaked
in round 1?

RULES
1. A cell flagged empty_mask carries no usable area and cannot be
   the peak. low_mask_coverage is on nearly every row and is not a
   reason to discard.
2. The verdict is AGREES when the area peak falls on the dose from
   round 1, and DISAGREES otherwise. Report both parts.

TOOL OUTPUTS

>>> db_lookup(table=""features"", select=[""modality"", ""genotype"", ""mean_area_mm2""], where=""trait='area_mm2'"", group_by=[""modality"", ""genotype"", ""treatment""])
    mean area_mm2 by modality and accession, one column per treatment.
    modality  genotype  t0     t50    t100
    --------  --------  -----  -----  -----
    rgb2      ISU 398   26.78  22.28  13.53
    rgb2      45        22.96  13.63  12.02
    rgb2      RIL 451   8.11   9.42   18.54
    rgb2      ISU 404   18.05  8.87   8.00

>>> qc_lookup(table=""rgb2_features"", select=[""genotype"", ""treatment"", ""flag""], where=""flag='empty_mask'"")
    cells voided by empty_mask.
    genotype  treatment  flag
    --------  ---------  ----------
    ISU 398   0          empty_mask
    45        0          empty_mask

OUTPUT FORMAT
Reply with exactly one line and nothing else:
ANSWER: <dose in mg kg-1, digits only>; <AGREES or DISAGREES>
","(db_lookup[101:249],qc_lookup[249:328])",50; AGREES,(depends on: round 2 answer ISU 398 and round 1 answer 50; on the rgb2 row for ISU 398 the largest usable cell is t50 -> 50; AGREES; ablations: ignoring empty_mask gives 0; DISAGREES)
exp42-chain-0034-medium,4,modality_coverage,"ROUND 4 - TASK (modality_coverage)
For the accession identified in round 2: which modalities hold usable feature
rows for it in this experiment?

RULES
1. A modality never scheduled for this experiment does not count,
   even if rows for it exist: those were carried over.
2. List the modalities in the column order of the store table.

TOOL OUTPUTS

>>> db_lookup(table=""features"", select=[""genotype"", ""modality"", ""n_rows""], group_by=[""genotype"", ""modality""])
    feature rows per accession, one column per modality.
    genotype  fc1  rgb2  msc1  vnir  swir  s3d
    --------  ---  ----  ----  ----  ----  ---
    ISU 398   0    66    61    45    38    36
    45        23   64    66    40    0     0
    RIL 451   0    66    60    34    0     0
    ISU 404   39   60    63    0     0     0

>>> design_lookup(aspect=""imaging_rounds"")
    imaging rounds scheduled per modality for this experiment.
    modality  records                   rounds_scheduled
    --------  ------------------------  ----------------
    fc1       chlorophyll fluorescence  61
    rgb2      top-view RGB              60
    msc1      multispectral             52
    vnir      VNIR hyperspectral        44
    swir      SWIR hyperspectral        0
    s3d       3-D structural scan       49

OUTPUT FORMAT
Reply with exactly one line and nothing else:
ANSWER: <modalities, comma separated, in table column order>
","(db_lookup[69:186],design_lookup[186:285])","rgb2, msc1, vnir, s3d","(depends on: round 2 answer ISU 398; that row is non-zero for rgb2, msc1, vnir, swir, s3d, but swir was never scheduled -> rgb2, msc1, vnir, s3d; ablations: ignoring the schedule gives rgb2, msc1, vnir, swir, s3d)"
exp42-chain-0034-medium,5,analogue_search,"ROUND 5 - TASK (analogue_search)
For the accession identified in round 2: which accession is its nearest
analogue by Fv/Fm_Lss dose-response profile, and does that analogue's own
peak fall on the dose you identified in round 1?

RULES
1. Neighbours are listed in descending similarity.
2. Report the analogue, then MATCHES if its own peak is the dose from
   round 1 and DIVERGES if it is not.

TOOL OUTPUTS

>>> db_lookup(table=""fc1_values"", select=[""genotype"", ""peak_treatment""], where=""trait='Fv/Fm_Lss'"", group_by=[""genotype""])
    the treatment at which each accession's own Fv/Fm_Lss is highest.
    genotype  peak_treatment
    --------  --------------
    ISU 398   500
    45        500
    RIL 451   100
    ISU 404   50

>>> embedding_lookup(space=""dose_response_profile"", query=""panel"", k=3)
    nearest accessions by Fv/Fm_Lss profile, for every panel member.
    genotype  neighbour_1      neighbour_2      neighbour_3
    --------  ---------------  ---------------  ---------------
    ISU 398   ISU 404 (0.952)  RIL 451 (0.787)  ISU 404 (0.655)
    45        ISU 404 (0.908)  RIL 451 (0.793)  ISU 398 (0.606)
    RIL 451   ISU 398 (0.912)  ISU 404 (0.814)  45 (0.626)
    ISU 404   45 (0.945)       ISU 398 (0.832)  RIL 451 (0.612)

OUTPUT FORMAT
Reply with exactly one line and nothing else:
ANSWER: <accession label>; <MATCHES or DIVERGES>
","(db_lookup[85:178],embedding_lookup[178:358])",ISU 404; MATCHES,"(depends on: round 2 answer ISU 398 and round 1 answer 50; the nearest eligible analogue is ISU 404, whose own peak is t50 -> ISU 404; MATCHES)"
exp164-chain-0035-medium,1,dose_response_shape,"SESSION
You are analysing experiment 164 at the Ridgefield phenotyping facility: a copper
(Cu) dose series on 6 Thlaspi arvense (pennycress) accessions at 0, 10, 50, 100,
500 and 1000 mg kg-1, imaged over 28 days in six modalities.

This is a 4-round investigation. Each round gives you the results of the tool
calls it needs, already run; how many there are varies by round. Later rounds
build on what you established earlier and will not repeat it, so keep your own
answers.

TOOLS (results are inlined; you cannot issue new calls)
  db_lookup(table=, select=, where=, group_by=)   the measurement store
  schema_lookup(trait=)                           which modality records a trait, and in what unit
  qc_lookup(table=, select=, where=)              flags, exclusions, usable counts
  design_lookup(aspect=)                          the protocol: dose series, accession panel,
                                                  imaging rounds, replication plan
  literature_lookup(species=, property=)          published claims
  embedding_lookup(space=, query=, k=)            nearest accessions by profile similarity

TERMS
  treatment        the copper dose, in mg kg-1
  genotype         the accession label
  Fv/Fm_Lss        photosystem-II efficiency, from the fc1 modality
  area_mm2         leaf area
  n_plants         distinct plants behind a cell
  round_to_round   variance of an accession's per-round means
  within_round     variance between plants inside one imaging round

ROUND 1 - TASK (dose_response_shape)
At which copper dose does mean Fv/Fm_Lss peak across the panel?

RULES
1. A treatment cell must clear the usable-plant floor in the quality
   gate before it can be called a peak.
2. Judge the curve as a whole, not a single cell.

TOOL OUTPUTS

>>> db_lookup(table=""fc1_values"", select=[""trait"", ""mean_value""], where=""experiment_id=164"", group_by=[""trait"", ""treatment""])
    mean value by trait, one column per treatment (mg kg-1).
    trait      t0     t10    t50    t100   t500   t1000
    ---------  -----  -----  -----  -----  -----  -----
    Fv/Fm_Lss  0.494  0.504  0.516  0.487  0.538  0.428

>>> qc_lookup(table=""fc1_values"", select=[""treatment"", ""n_plants_usable""], where=""trait='Fv/Fm_Lss'"")
    plants surviving QC per treatment; the floor for a panel claim is 12.
    treatment  n_plants_usable
    ---------  ---------------
    0          48
    10         48
    50         58
    100        51
    500        4
    1000       53

OUTPUT FORMAT
Reply with exactly one line and nothing else:
ANSWER: <dose in mg kg-1, digits only>
","(db_lookup[327:453],qc_lookup[453:541])",50,(depends on: -; the plant-level Fv/Fm_Lss row peaks at 0.516 on t50 -> 50; ablations: ignoring the quality gate gives 500 on 4 plants)
exp164-chain-0035-medium,2,transition_sensitivity,"ROUND 2 - TASK (transition_sensitivity)
Starting from the copper dose you identified in round 1, which accession
loses the most Fv/Fm_Lss when the dose is raised to the next level of the
design series?

RULES
1. The store also holds a pilot dose that is not a level of the
   design series. The next level is the next one in the design
   table, which need not be the next column.
2. Only accessions in the core panel can be ranked; observational
   ones are carried for reference.
3. Compare each accession against itself across the two doses.

TOOL OUTPUTS

>>> design_lookup(aspect=""dose_series"")
    the design levels, in order. Doses absent here are pilot cells.
    level  treatment
    -----  ---------
    1      0
    2      10
    3      50
    4      100
    5      500
    6      1000

>>> db_lookup(table=""fc1_values"", select=[""genotype"", ""mean_value""], where=""trait='Fv/Fm_Lss'"", group_by=[""genotype"", ""treatment""])
    mean Fv/Fm_Lss by accession, one column per treatment in the store.
    genotype   t0     t50    t75    t100
    ---------  -----  -----  -----  -----
    MAGIC 412  0.550  0.526  0.370  0.365
    58         0.536  0.512  0.490  0.187
    87         0.526  0.510  0.468  0.261
    ISU 211    0.532  0.503  0.489  0.470
    Ecm19      0.549  0.507  0.493  0.483

>>> design_lookup(aspect=""accession_panel"")
    panel membership for this experiment.
    genotype   panel_role
    ---------  -------------
    MAGIC 412  core
    58         observational
    87         core
    ISU 211    core
    Ecm19      core

OUTPUT FORMAT
Reply with exactly one line and nothing else:
ANSWER: <accession label exactly as it appears in the table>
","(design_lookup[113:166],db_lookup[166:329],design_lookup[329:382])",87,"(depends on: round 1 answer 50; the step is t50->t100, not the adjacent column t75 which is a pilot cell; per-accession drop 87:+0.249  MAGIC 412:+0.161  ISU 211:+0.033  Ecm19:+0.024 -> 87; ablations: stepping to the next column instead of the next design level gives MAGIC 412; ranking without the panel table gives 58, which is observational)"
exp164-chain-0035-medium,3,cross_modality_peak,"ROUND 3 - TASK (cross_modality_peak)
For the accession identified in round 2: at which dose does its leaf area
(area_mm2) peak, and does that dose agree with where Fv/Fm_Lss peaked
in round 1?

RULES
1. More than one modality reports this trait. Use the one the
   dictionary marks primary; the other is a derived estimate.
2. A cell flagged empty_mask carries no usable area and cannot be
   the peak. low_mask_coverage is on nearly every row and is not a
   reason to discard.
3. The verdict is AGREES when the area peak falls on the dose from
   round 1, and DISAGREES otherwise. Report both parts.

TOOL OUTPUTS

>>> db_lookup(table=""features"", select=[""modality"", ""genotype"", ""mean_area_mm2""], where=""trait='area_mm2'"", group_by=[""modality"", ""genotype"", ""treatment""])
    mean area_mm2 by modality and accession, one column per treatment.
    modality  genotype  t0     t10    t50    t1000
    --------  --------  -----  -----  -----  -----
    rgb2      87        23.73  10.63  19.23  9.85
    rgb2      58        15.81  24.76  16.11  14.53
    rgb2      Ecm19     7.52   8.47   10.15  19.33
    rgb2      ISU 211   24.63  16.21  14.51  13.29
    vnir      87        5.29   5.98   7.19   14.56
    vnir      58        18.43  11.00  10.16  9.39
    vnir      Ecm19     6.14   6.91   14.63  6.96
    vnir      ISU 211   11.15  18.34  11.29  9.61

>>> schema_lookup(trait=""area_mm2"")
    modalities reporting this trait.
    trait     modality  modality_role       unit  trait_role
    --------  --------  ------------------  ----  ----------
    area_mm2  rgb2      top-view RGB        mm2   primary
    area_mm2  vnir      VNIR hyperspectral  mm2   derived

>>> qc_lookup(table=""rgb2_features"", select=[""genotype"", ""treatment"", ""flag""], where=""flag='empty_mask'"")
    cells voided by empty_mask.
    genotype  treatment  flag
    --------  ---------  ----------
    87        0          empty_mask
    58        10         empty_mask

OUTPUT FORMAT
Reply with exactly one line and nothing else:
ANSWER: <dose in mg kg-1, digits only>; <AGREES or DISAGREES>
","(db_lookup[126:347],schema_lookup[347:430],qc_lookup[430:508])",50; AGREES,(depends on: round 2 answer 87 and round 1 answer 50; on the rgb2 row for 87 the largest usable cell is t50 -> 50; AGREES; ablations: reading the vnir rows gives 1000; DISAGREES; ignoring empty_mask gives 0; DISAGREES)
exp164-chain-0035-medium,4,modality_coverage,"ROUND 4 - TASK (modality_coverage)
For the accession identified in round 2: which modalities hold usable feature
rows for it in this experiment?

RULES
1. A modality never scheduled for this experiment does not count,
   even if rows for it exist: those were carried over.
2. List the modalities in the column order of the store table.

TOOL OUTPUTS

>>> design_lookup(aspect=""imaging_rounds"")
    imaging rounds scheduled per modality for this experiment.
    modality  records                   rounds_scheduled
    --------  ------------------------  ----------------
    fc1       chlorophyll fluorescence  65
    rgb2      top-view RGB              36
    msc1      multispectral             48
    vnir      VNIR hyperspectral        55
    swir      SWIR hyperspectral        40
    s3d       3-D structural scan       0

>>> db_lookup(table=""features"", select=[""genotype"", ""modality"", ""n_rows""], group_by=[""genotype"", ""modality""])
    feature rows per accession, one column per modality.
    genotype  fc1  rgb2  msc1  vnir  swir  s3d
    --------  ---  ----  ----  ----  ----  ---
    87        29   57    62    47    0     39
    58        0    56    66    0     28    0
    Ecm19     0    65    67    14    29    0
    ISU 211   0    57    56    18    47    0

OUTPUT FORMAT
Reply with exactly one line and nothing else:
ANSWER: <modalities, comma separated, in table column order>
","(design_lookup[69:168],db_lookup[168:283])","fc1, rgb2, msc1, vnir","(depends on: round 2 answer 87; that row is non-zero for fc1, rgb2, msc1, vnir, s3d, but s3d was never scheduled -> fc1, rgb2, msc1, vnir; ablations: ignoring the schedule gives fc1, rgb2, msc1, vnir, s3d)"
exp175-chain-0036-medium,1,dose_response_shape,"SESSION
You are analysing experiment 175 at the Weston phenotyping facility: a zinc (Zn)
dose series on 6 Camelina sativa (camelina) accessions at 0, 25, 50, 100, 250 and
500 mg kg-1, imaged over 28 days in six modalities.

This is a 4-round investigation. Each round gives you the results of the tool
calls it needs, already run; how many there are varies by round. Later rounds
build on what you established earlier and will not repeat it, so keep your own
answers.

TOOLS (results are inlined; you cannot issue new calls)
  db_lookup(table=, select=, where=, group_by=)   the measurement store
  schema_lookup(trait=)                           which modality records a trait, and in what unit
  qc_lookup(table=, select=, where=)              flags, exclusions, usable counts
  design_lookup(aspect=)                          the protocol: dose series, accession panel,
                                                  imaging rounds, replication plan
  literature_lookup(species=, property=)          published claims
  embedding_lookup(space=, query=, k=)            nearest accessions by profile similarity

TERMS
  treatment        the zinc dose, in mg kg-1
  genotype         the accession label
  Fv/Fm_Lss        photosystem-II efficiency, from the fc1 modality
  area_mm2         leaf area
  n_plants         distinct plants behind a cell
  round_to_round   variance of an accession's per-round means
  within_round     variance between plants inside one imaging round

ROUND 1 - TASK (dose_response_shape)
At which zinc dose does mean Fv/Fm_Lss peak across the panel?

RULES
1. Two rows in the store carry a similar trait name. Only the
   plant-level trait is the panel measurement; the dictionary says
   which that is.
2. A treatment cell must clear the usable-plant floor in the quality
   gate before it can be called a peak.
3. Judge the curve as a whole, not a single cell.

TOOL OUTPUTS

>>> schema_lookup(trait=""Fv/Fm_Lss"")
    trait dictionary: where the trait lives and at what entity level.
    trait          modality  table       unit  entity_level
    -------------  --------  ----------  ----  ------------
    Fv/Fm_Lss      fc1       fc1_values  a.u.  plant
    avg_Fv/Fm_Lss  fc1       fc1_values  a.u.  region

>>> qc_lookup(table=""fc1_values"", select=[""treatment"", ""n_plants_usable""], where=""trait='Fv/Fm_Lss'"")
    plants surviving QC per treatment; the floor for a panel claim is 12.
    treatment  n_plants_usable
    ---------  ---------------
    0          8
    25         57
    50         58
    100        60
    250        51
    500        48

>>> db_lookup(table=""fc1_values"", select=[""trait"", ""mean_value""], where=""experiment_id=175"", group_by=[""trait"", ""treatment""])
    mean value by trait, one column per treatment (mg kg-1).
    trait          t0     t25    t50    t100   t250   t500
    -------------  -----  -----  -----  -----  -----  -----
    Fv/Fm_Lss      0.555  0.506  0.525  0.490  0.448  0.438
    avg_Fv/Fm_Lss  0.435  0.396  0.403  0.580  0.397  0.454

OUTPUT FORMAT
Reply with exactly one line and nothing else:
ANSWER: <dose in mg kg-1, digits only>
","(schema_lookup[358:456],qc_lookup[456:544],db_lookup[544:695])",50,(depends on: -; the plant-level Fv/Fm_Lss row peaks at 0.525 on t50 -> 50; ablations: reading the alias row gives 100; ignoring the quality gate gives 0 on 8 plants)
exp175-chain-0036-medium,2,transition_sensitivity,"ROUND 2 - TASK (transition_sensitivity)
Starting from the zinc dose you identified in round 1, which accession
loses the most Fv/Fm_Lss when the dose is raised to the next level of the
design series?

RULES
1. The store also holds a pilot dose that is not a level of the
   design series. The next level is the next one in the design
   table, which need not be the next column.
2. Only accessions in the core panel can be ranked; observational
   ones are carried for reference.
3. Compare each accession against itself across the two doses.

TOOL OUTPUTS

>>> design_lookup(aspect=""dose_series"")
    the design levels, in order. Doses absent here are pilot cells.
    level  treatment
    -----  ---------
    1      0
    2      25
    3      50
    4      100
    5      250
    6      500

>>> db_lookup(table=""fc1_values"", select=[""genotype"", ""mean_value""], where=""trait='Fv/Fm_Lss'"", group_by=[""genotype"", ""treatment""])
    mean Fv/Fm_Lss by accession, one column per treatment in the store.
    genotype  t0     t50    t75    t100
    --------  -----  -----  -----  -----
    86        0.537  0.496  0.452  0.408
    MAGIC 93  0.550  0.505  0.472  0.166
    ISU 200   0.557  0.521  0.371  0.356
    71        0.542  0.517  0.497  0.459
    RIL 160   0.531  0.526  0.492  0.294

>>> design_lookup(aspect=""accession_panel"")
    panel membership for this experiment.
    genotype  panel_role
    --------  -------------
    86        core
    MAGIC 93  observational
    ISU 200   core
    71        core
    RIL 160   core

OUTPUT FORMAT
Reply with exactly one line and nothing else:
ANSWER: <accession label exactly as it appears in the table>
","(design_lookup[113:166],db_lookup[166:329],design_lookup[329:382])",RIL 160,"(depends on: round 1 answer 50; the step is t50->t100, not the adjacent column t75 which is a pilot cell; per-accession drop RIL 160:+0.232  ISU 200:+0.165  86:+0.088  71:+0.058 -> RIL 160; ablations: stepping to the next column instead of the next design level gives ISU 200; ranking without the panel table gives MAGIC 93, which is observational)"
exp175-chain-0036-medium,3,cross_modality_peak,"ROUND 3 - TASK (cross_modality_peak)
For the accession identified in round 2: at which dose does its leaf area
(area_mm2) peak, and does that dose agree with where Fv/Fm_Lss peaked
in round 1?

RULES
1. More than one modality reports this trait. Use the one the
   dictionary marks primary; the other is a derived estimate.
2. A cell flagged empty_mask carries no usable area and cannot be
   the peak. low_mask_coverage is on nearly every row and is not a
   reason to discard.
3. The verdict is AGREES when the area peak falls on the dose from
   round 1, and DISAGREES otherwise. Report both parts.

TOOL OUTPUTS

>>> qc_lookup(table=""rgb2_features"", select=[""genotype"", ""treatment"", ""flag""], where=""flag='empty_mask'"")
    cells voided by empty_mask.
    genotype  treatment  flag
    --------  ---------  ----------
    RIL 160   50         empty_mask
    MAGIC 93  500        empty_mask

>>> schema_lookup(trait=""area_mm2"")
    modalities reporting this trait.
    trait     modality  modality_role       unit  trait_role
    --------  --------  ------------------  ----  ----------
    area_mm2  rgb2      top-view RGB        mm2   primary
    area_mm2  vnir      VNIR hyperspectral  mm2   derived

>>> db_lookup(table=""features"", select=[""modality"", ""genotype"", ""mean_area_mm2""], where=""trait='area_mm2'"", group_by=[""modality"", ""genotype"", ""treatment""])
    mean area_mm2 by modality and accession, one column per treatment.
    modality  genotype  t0     t50    t100   t500
    --------  --------  -----  -----  -----  -----
    rgb2      RIL 160   11.65  28.07  14.68  23.57
    rgb2      MAGIC 93  9.69   12.00  20.49  12.05
    rgb2      71        11.34  19.94  10.73  8.55
    rgb2      86        22.53  13.40  12.65  10.99
    vnir      RIL 160   10.18  17.60  10.12  9.52
    vnir      MAGIC 93  8.07   15.44  8.31   6.14
    vnir      71        6.92   8.00   15.06  7.45
    vnir      86        6.25   8.48   9.62   16.87

OUTPUT FORMAT
Reply with exactly one line and nothing else:
ANSWER: <dose in mg kg-1, digits only>; <AGREES or DISAGREES>
","(qc_lookup[126:206],schema_lookup[206:289],db_lookup[289:512])",500; DISAGREES,(depends on: round 2 answer RIL 160 and round 1 answer 50; on the rgb2 row for RIL 160 the largest usable cell is t500 -> 500; DISAGREES; ablations: reading the vnir rows gives 50; AGREES; ignoring empty_mask gives 50; AGREES)
exp175-chain-0036-medium,4,modality_coverage,"ROUND 4 - TASK (modality_coverage)
For the accession identified in round 2: which modalities hold usable feature
rows for it in this experiment?

RULES
1. A modality whose rows are all flagged holds nothing usable.
2. List the modalities in the column order of the store table.

TOOL OUTPUTS

>>> db_lookup(table=""features"", select=[""genotype"", ""modality"", ""n_rows""], group_by=[""genotype"", ""modality""])
    feature rows per accession, one column per modality.
    genotype  fc1  rgb2  msc1  vnir  swir  s3d
    --------  ---  ----  ----  ----  ----  ---
    RIL 160   0    65    65    34    0     15
    MAGIC 93  33   56    59    0     0     0
    71        28   55    63    0     37    0
    86        45   60    57    20    0     25

>>> qc_lookup(table=""features"", select=[""genotype"", ""modality"", ""n_usable""], group_by=[""genotype"", ""modality""])
    rows surviving QC, one column per modality.
    genotype  fc1  rgb2  msc1  vnir  swir  s3d
    --------  ---  ----  ----  ----  ----  ---
    RIL 160   0    63    62    32    0     0
    MAGIC 93  33   56    59    0     0     0
    71        26   53    62    0     34    0
    86        44   57    54    19    0     23

OUTPUT FORMAT
Reply with exactly one line and nothing else:
ANSWER: <modalities, comma separated, in table column order>
","(db_lookup[57:173],qc_lookup[173:288])","rgb2, msc1, vnir","(depends on: round 2 answer RIL 160; that row is non-zero for rgb2, msc1, vnir, s3d and s3d has nothing left after QC -> rgb2, msc1, vnir; ablations: ignoring the quality gate gives rgb2, msc1, vnir, s3d)"
exp198-chain-0037-low,1,dose_response_shape,"SESSION
You are analysing experiment 198 at the Ashfield phenotyping facility: a cadmium
(Cd) dose series on 6 Camelina sativa (camelina) accessions at 0, 25, 50, 100, 250
and 500 mg kg-1, imaged over 28 days in six modalities.

This is a 2-round investigation. Each round gives you the results of the tool
calls it needs, already run; how many there are varies by round. Later rounds
build on what you established earlier and will not repeat it, so keep your own
answers.

TOOLS (results are inlined; you cannot issue new calls)
  db_lookup(table=, select=, where=, group_by=)   the measurement store
  schema_lookup(trait=)                           which modality records a trait, and in what unit
  qc_lookup(table=, select=, where=)              flags, exclusions, usable counts
  design_lookup(aspect=)                          the protocol: dose series, accession panel,
                                                  imaging rounds, replication plan
  literature_lookup(species=, property=)          published claims
  embedding_lookup(space=, query=, k=)            nearest accessions by profile similarity

TERMS
  treatment        the cadmium dose, in mg kg-1
  genotype         the accession label
  Fv/Fm_Lss        photosystem-II efficiency, from the fc1 modality
  area_mm2         leaf area
  n_plants         distinct plants behind a cell
  round_to_round   variance of an accession's per-round means
  within_round     variance between plants inside one imaging round

ROUND 1 - TASK (dose_response_shape)
At which cadmium dose does mean Fv/Fm_Lss peak across the panel?

RULES
1. Two rows in the store carry a similar trait name. Only the
   plant-level trait is the panel measurement; the dictionary says
   which that is.
2. Judge the curve as a whole, not a single cell.

TOOL OUTPUTS

>>> db_lookup(table=""fc1_values"", select=[""trait"", ""mean_value""], where=""experiment_id=198"", group_by=[""trait"", ""treatment""])
    mean value by trait, one column per treatment (mg kg-1).
    trait          t0     t25    t50    t100   t250   t500
    -------------  -----  -----  -----  -----  -----  -----
    Fv/Fm_Lss      0.471  0.495  0.519  0.531  0.500  0.464
    avg_Fv/Fm_Lss  0.387  0.453  0.399  0.442  0.567  0.382

>>> schema_lookup(trait=""Fv/Fm_Lss"")
    trait dictionary: where the trait lives and at what entity level.
    trait          modality  table       unit  entity_level
    -------------  --------  ----------  ----  ------------
    Fv/Fm_Lss      fc1       fc1_values  a.u.  plant
    avg_Fv/Fm_Lss  fc1       fc1_values  a.u.  region

OUTPUT FORMAT
Reply with exactly one line and nothing else:
ANSWER: <dose in mg kg-1, digits only>
","(db_lookup[334:485],schema_lookup[485:583])",100,(depends on: -; the plant-level Fv/Fm_Lss row peaks at 0.531 on t100 -> 100; ablations: reading the alias row gives 250)
exp198-chain-0037-low,2,transition_sensitivity,"ROUND 2 - TASK (transition_sensitivity)
Starting from the cadmium dose you identified in round 1, which accession
loses the most Fv/Fm_Lss when the dose is raised to the next level of the
design series?

RULES
1. Compare each accession against itself across the two doses.

TOOL OUTPUTS

>>> db_lookup(table=""fc1_values"", select=[""genotype"", ""mean_value""], where=""trait='Fv/Fm_Lss'"", group_by=[""genotype"", ""treatment""])
    mean Fv/Fm_Lss by accession, one column per treatment in the store.
    genotype   t50    t100   t250   t500
    ---------  -----  -----  -----  -----
    RIL 442    0.534  0.528  0.487  0.468
    MAGIC 110  0.537  0.531  0.340  0.325
    RIL 80     0.525  0.513  0.472  0.446
    Ecl15      0.531  0.499  0.457  0.424

OUTPUT FORMAT
Reply with exactly one line and nothing else:
ANSWER: <accession label exactly as it appears in the table>
",(db_lookup[55:206]),MAGIC 110,(depends on: round 1 answer 100; the step is t100->t250; per-accession drop MAGIC 110:+0.191  Ecl15:+0.042  RIL 442:+0.041  RIL 80:+0.041 -> MAGIC 110; no complications at this tier)
exp161-chain-0038-low,1,dose_response_shape,"SESSION
You are analysing experiment 161 at the Ridgefield phenotyping facility: a copper
(Cu) dose series on 6 Brassica napus (oilseed rape) accessions at 0, 50, 100, 200,
500 and 1000 mg kg-1, imaged over 28 days in six modalities.

This is a 2-round investigation. Each round gives you the results of the tool
calls it needs, already run; how many there are varies by round. Later rounds
build on what you established earlier and will not repeat it, so keep your own
answers.

TOOLS (results are inlined; you cannot issue new calls)
  db_lookup(table=, select=, where=, group_by=)   the measurement store
  schema_lookup(trait=)                           which modality records a trait, and in what unit
  qc_lookup(table=, select=, where=)              flags, exclusions, usable counts
  design_lookup(aspect=)                          the protocol: dose series, accession panel,
                                                  imaging rounds, replication plan
  literature_lookup(species=, property=)          published claims
  embedding_lookup(space=, query=, k=)            nearest accessions by profile similarity

TERMS
  treatment        the copper dose, in mg kg-1
  genotype         the accession label
  Fv/Fm_Lss        photosystem-II efficiency, from the fc1 modality
  area_mm2         leaf area
  n_plants         distinct plants behind a cell
  round_to_round   variance of an accession's per-round means
  within_round     variance between plants inside one imaging round

ROUND 1 - TASK (dose_response_shape)
At which copper dose does mean Fv/Fm_Lss peak across the panel?

RULES
1. A treatment cell must clear the usable-plant floor in the quality
   gate before it can be called a peak.
2. Judge the curve as a whole, not a single cell.

TOOL OUTPUTS

>>> qc_lookup(table=""fc1_values"", select=[""treatment"", ""n_plants_usable""], where=""trait='Fv/Fm_Lss'"")
    plants surviving QC per treatment; the floor for a panel claim is 15.
    treatment  n_plants_usable
    ---------  ---------------
    0          55
    50         7
    100        58
    200        56
    500        59
    1000       58

>>> db_lookup(table=""fc1_values"", select=[""trait"", ""mean_value""], where=""experiment_id=161"", group_by=[""trait"", ""treatment""])
    mean value by trait, one column per treatment (mg kg-1).
    trait      t0     t50    t100   t200   t500   t1000
    ---------  -----  -----  -----  -----  -----  -----
    Fv/Fm_Lss  0.468  0.544  0.509  0.527  0.490  0.462

OUTPUT FORMAT
Reply with exactly one line and nothing else:
ANSWER: <dose in mg kg-1, digits only>
","(qc_lookup[328:416],db_lookup[416:542])",200,(depends on: -; the plant-level Fv/Fm_Lss row peaks at 0.527 on t200 -> 200; ablations: ignoring the quality gate gives 50 on 7 plants)
exp161-chain-0038-low,2,transition_sensitivity,"ROUND 2 - TASK (transition_sensitivity)
Starting from the copper dose you identified in round 1, which accession
loses the most Fv/Fm_Lss when the dose is raised to the next level of the
design series?

RULES
1. The store also holds a pilot dose that is not a level of the
   design series. The next level is the next one in the design
   table, which need not be the next column.
2. Compare each accession against itself across the two doses.

TOOL OUTPUTS

>>> db_lookup(table=""fc1_values"", select=[""genotype"", ""mean_value""], where=""trait='Fv/Fm_Lss'"", group_by=[""genotype"", ""treatment""])
    mean Fv/Fm_Lss by accession, one column per treatment in the store.
    genotype  t50    t200   t350   t500
    --------  -----  -----  -----  -----
    RIL 96    0.537  0.502  0.488  0.476
    Ecl23     0.534  0.508  0.358  0.339
    ISU 277   0.529  0.505  0.463  0.422
    96        0.531  0.513  0.471  0.266

>>> design_lookup(aspect=""dose_series"")
    the design levels, in order. Doses absent here are pilot cells.
    level  treatment
    -----  ---------
    1      0
    2      50
    3      100
    4      200
    5      500
    6      1000

OUTPUT FORMAT
Reply with exactly one line and nothing else:
ANSWER: <accession label exactly as it appears in the table>
","(db_lookup[94:243],design_lookup[243:296])",96,"(depends on: round 1 answer 200; the step is t200->t500, not the adjacent column t350 which is a pilot cell; per-accession drop 96:+0.247  Ecl23:+0.169  ISU 277:+0.083  RIL 96:+0.026 -> 96; ablations: stepping to the next column instead of the next design level gives Ecl23)"
exp196-chain-0039-hard,1,dose_response_shape,"SESSION
You are analysing experiment 196 at the Hollandale phenotyping facility: a cobalt
(Co) dose series on 6 Camelina sativa (camelina) accessions at 0, 25, 50, 100, 250
and 500 mg kg-1, imaged over 28 days in six modalities.

This is a 7-round investigation. Each round gives you the results of the tool
calls it needs, already run; how many there are varies by round. Later rounds
build on what you established earlier and will not repeat it, so keep your own
answers.

TOOLS (results are inlined; you cannot issue new calls)
  db_lookup(table=, select=, where=, group_by=)   the measurement store
  schema_lookup(trait=)                           which modality records a trait, and in what unit
  qc_lookup(table=, select=, where=)              flags, exclusions, usable counts
  design_lookup(aspect=)                          the protocol: dose series, accession panel,
                                                  imaging rounds, replication plan
  literature_lookup(species=, property=)          published claims
  embedding_lookup(space=, query=, k=)            nearest accessions by profile similarity

TERMS
  treatment        the cobalt dose, in mg kg-1
  genotype         the accession label
  Fv/Fm_Lss        photosystem-II efficiency, from the fc1 modality
  area_mm2         leaf area
  n_plants         distinct plants behind a cell
  round_to_round   variance of an accession's per-round means
  within_round     variance between plants inside one imaging round

ROUND 1 - TASK (dose_response_shape)
At which cobalt dose does mean Fv/Fm_Lss peak across the panel?

RULES
1. Two rows in the store carry a similar trait name. Only the
   plant-level trait is the panel measurement; the dictionary says
   which that is.
2. A treatment cell must clear the usable-plant floor in the quality
   gate before it can be called a peak.
3. Judge the curve as a whole, not a single cell.

TOOL OUTPUTS

>>> db_lookup(table=""fc1_values"", select=[""trait"", ""mean_value""], where=""experiment_id=196"", group_by=[""trait"", ""treatment""])
    mean value by trait, one column per treatment (mg kg-1).
    trait          t0     t25    t50    t100   t250   t500
    -------------  -----  -----  -----  -----  -----  -----
    Fv/Fm_Lss      0.494  0.522  0.532  0.559  0.471  0.439
    avg_Fv/Fm_Lss  0.381  0.577  0.425  0.459  0.426  0.394

>>> schema_lookup(trait=""Fv/Fm_Lss"")
    trait dictionary: where the trait lives and at what entity level.
    trait          modality  table       unit  entity_level
    -------------  --------  ----------  ----  ------------
    Fv/Fm_Lss      fc1       fc1_values  a.u.  plant
    avg_Fv/Fm_Lss  fc1       fc1_values  a.u.  region

>>> qc_lookup(table=""fc1_values"", select=[""treatment"", ""n_plants_usable""], where=""trait='Fv/Fm_Lss'"")
    plants surviving QC per treatment; the floor for a panel claim is 8.
    treatment  n_plants_usable
    ---------  ---------------
    0          48
    25         49
    50         58
    100        5
    250        54
    500        55

OUTPUT FORMAT
Reply with exactly one line and nothing else:
ANSWER: <dose in mg kg-1, digits only>
","(db_lookup[358:509],schema_lookup[509:607],qc_lookup[607:695])",50,(depends on: -; the plant-level Fv/Fm_Lss row peaks at 0.532 on t50 -> 50; ablations: reading the alias row gives 25; ignoring the quality gate gives 100 on 5 plants)
exp196-chain-0039-hard,2,transition_sensitivity,"ROUND 2 - TASK (transition_sensitivity)
Starting from the cobalt dose you identified in round 1, which accession
loses the most Fv/Fm_Lss when the dose is raised to the next level of the
design series?

RULES
1. The store also holds a pilot dose that is not a level of the
   design series. The next level is the next one in the design
   table, which need not be the next column.
2. Only accessions in the core panel can be ranked; observational
   ones are carried for reference.
3. Compare each accession against itself across the two doses.

TOOL OUTPUTS

>>> design_lookup(aspect=""dose_series"")
    the design levels, in order. Doses absent here are pilot cells.
    level  treatment
    -----  ---------
    1      0
    2      25
    3      50
    4      100
    5      250
    6      500

>>> db_lookup(table=""fc1_values"", select=[""genotype"", ""mean_value""], where=""trait='Fv/Fm_Lss'"", group_by=[""genotype"", ""treatment""])
    mean Fv/Fm_Lss by accession, one column per treatment in the store.
    genotype  t25    t50    t75    t100
    --------  -----  -----  -----  -----
    62        0.529  0.506  0.495  0.198
    86        0.548  0.533  0.491  0.476
    Esp21     0.535  0.494  0.449  0.246
    NIL 290   0.521  0.501  0.480  0.435
    RIL 368   0.528  0.498  0.343  0.328

>>> design_lookup(aspect=""accession_panel"")
    panel membership for this experiment.
    genotype  panel_role
    --------  -------------
    62        observational
    86        core
    Esp21     core
    NIL 290   core
    RIL 368   core

OUTPUT FORMAT
Reply with exactly one line and nothing else:
ANSWER: <accession label exactly as it appears in the table>
","(design_lookup[113:166],db_lookup[166:328],design_lookup[328:380])",Esp21,"(depends on: round 1 answer 50; the step is t50->t100, not the adjacent column t75 which is a pilot cell; per-accession drop Esp21:+0.248  RIL 368:+0.170  NIL 290:+0.066  86:+0.057 -> Esp21; ablations: stepping to the next column instead of the next design level gives RIL 368; ranking without the panel table gives 62, which is observational)"
exp196-chain-0039-hard,3,cross_modality_peak,"ROUND 3 - TASK (cross_modality_peak)
For the accession identified in round 2: at which dose does its leaf area
(area_mm2) peak, and does that dose agree with where Fv/Fm_Lss peaked
in round 1?

RULES
1. More than one modality reports this trait. Use the one the
   dictionary marks primary; the other is a derived estimate.
2. A cell flagged empty_mask carries no usable area and cannot be
   the peak. low_mask_coverage is on nearly every row and is not a
   reason to discard.
3. The verdict is AGREES when the area peak falls on the dose from
   round 1, and DISAGREES otherwise. Report both parts.

TOOL OUTPUTS

>>> qc_lookup(table=""rgb2_features"", select=[""genotype"", ""treatment"", ""flag""], where=""flag='empty_mask'"")
    cells voided by empty_mask.
    genotype  treatment  flag
    --------  ---------  ----------
    Esp21     50         empty_mask
    62        0          empty_mask

>>> db_lookup(table=""features"", select=[""modality"", ""genotype"", ""mean_area_mm2""], where=""trait='area_mm2'"", group_by=[""modality"", ""genotype"", ""treatment""])
    mean area_mm2 by modality and accession, one column per treatment.
    modality  genotype  t0     t25    t50    t100
    --------  --------  -----  -----  -----  -----
    rgb2      Esp21     11.56  20.86  25.36  10.77
    rgb2      62        12.68  14.79  15.93  24.59
    rgb2      86        18.25  9.13   7.74   4.63
    rgb2      NIL 290   7.63   9.83   18.47  9.37
    swir      Esp21     4.98   7.12   8.11   15.70
    swir      62        9.05   11.14  18.31  10.82
    swir      86        6.74   13.88  6.74   5.44
    swir      NIL 290   7.01   14.03  6.29   5.74

>>> schema_lookup(trait=""area_mm2"")
    modalities reporting this trait.
    trait     modality  modality_role       unit  trait_role
    --------  --------  ------------------  ----  ----------
    area_mm2  rgb2      top-view RGB        mm2   primary
    area_mm2  swir      SWIR hyperspectral  mm2   derived

OUTPUT FORMAT
Reply with exactly one line and nothing else:
ANSWER: <dose in mg kg-1, digits only>; <AGREES or DISAGREES>
","(qc_lookup[126:204],db_lookup[204:425],schema_lookup[425:508])",25; DISAGREES,(depends on: round 2 answer Esp21 and round 1 answer 50; on the rgb2 row for Esp21 the largest usable cell is t25 -> 25; DISAGREES; ablations: reading the swir rows gives 100; DISAGREES; ignoring empty_mask gives 50; AGREES)
exp196-chain-0039-hard,4,modality_coverage,"ROUND 4 - TASK (modality_coverage)
For the accession identified in round 2: which modalities hold usable feature
rows for it in this experiment?

RULES
1. A modality never scheduled for this experiment does not count,
   even if rows for it exist: those were carried over.
2. A modality whose rows are all flagged holds nothing usable.
3. List the modalities in the column order of the store table.

TOOL OUTPUTS

>>> design_lookup(aspect=""imaging_rounds"")
    imaging rounds scheduled per modality for this experiment.
    modality  records                   rounds_scheduled
    --------  ------------------------  ----------------
    fc1       chlorophyll fluorescence  23
    rgb2      top-view RGB              35
    msc1      multispectral             57
    vnir      VNIR hyperspectral        50
    swir      SWIR hyperspectral        0
    s3d       3-D structural scan       42

>>> db_lookup(table=""features"", select=[""genotype"", ""modality"", ""n_rows""], group_by=[""genotype"", ""modality""])
    feature rows per accession, one column per modality.
    genotype  fc1  rgb2  msc1  vnir  swir  s3d
    --------  ---  ----  ----  ----  ----  ---
    Esp21     25   63    60    48    24    0
    62        28   60    61    19    0     0
    86        0    62    55    41    0     0
    NIL 290   0    58    66    24    0     41

>>> qc_lookup(table=""features"", select=[""genotype"", ""modality"", ""n_usable""], group_by=[""genotype"", ""modality""])
    rows surviving QC, one column per modality.
    genotype  fc1  rgb2  msc1  vnir  swir  s3d
    --------  ---  ----  ----  ----  ----  ---
    Esp21     23   62    58    0     24    0
    62        27   60    61    19    0     0
    86        0    60    55    41    0     0
    NIL 290   0    58    64    21    0     38

OUTPUT FORMAT
Reply with exactly one line and nothing else:
ANSWER: <modalities, comma separated, in table column order>
","(design_lookup[82:181],db_lookup[181:296],qc_lookup[296:410])","fc1, rgb2, msc1","(depends on: round 2 answer Esp21; that row is non-zero for fc1, rgb2, msc1, vnir, swir, but swir was never scheduled and vnir has nothing left after QC -> fc1, rgb2, msc1; ablations: ignoring the schedule gives fc1, rgb2, msc1, swir; ignoring the quality gate gives fc1, rgb2, msc1, vnir)"
exp196-chain-0039-hard,5,analogue_search,"ROUND 5 - TASK (analogue_search)
For the accession identified in round 2: which accession is its nearest
analogue by Fv/Fm_Lss dose-response profile, and does that analogue's own
peak fall on the dose you identified in round 1?

RULES
1. Take the nearest neighbour that is eligible: observational
   accessions cannot be analogues.
2. Neighbours are listed in descending similarity.
3. Report the analogue, then MATCHES if its own peak is the dose from
   round 1 and DIVERGES if it is not.

TOOL OUTPUTS

>>> db_lookup(table=""fc1_values"", select=[""genotype"", ""peak_treatment""], where=""trait='Fv/Fm_Lss'"", group_by=[""genotype""])
    the treatment at which each accession's own Fv/Fm_Lss is highest.
    genotype  peak_treatment
    --------  --------------
    Esp21     50
    62        50
    86        500
    NIL 290   50

>>> design_lookup(aspect=""accession_panel"")
    panel membership for this experiment.
    genotype  panel_role
    --------  -------------
    Esp21     core
    62        observational
    86        core
    NIL 290   core

>>> embedding_lookup(space=""dose_response_profile"", query=""panel"", k=3)
    nearest accessions by Fv/Fm_Lss profile, for every panel member.
    genotype  neighbour_1    neighbour_2      neighbour_3
    --------  -------------  ---------------  ---------------
    Esp21     62 (0.969)     86 (0.894)       NIL 290 (0.733)
    62        Esp21 (0.949)  NIL 290 (0.766)  86 (0.686)
    86        62 (0.958)     NIL 290 (0.747)  Esp21 (0.666)
    NIL 290   62 (0.875)     Esp21 (0.721)    86 (0.676)

>>> design_lookup(aspect=""imaging_rounds"")
    imaging rounds scheduled per modality.
    modality  records                   rounds_scheduled
    --------  ------------------------  ----------------
    fc1       chlorophyll fluorescence  26
    rgb2      top-view RGB              62
    msc1      multispectral             55
    vnir      VNIR hyperspectral        39

OUTPUT FORMAT
Reply with exactly one line and nothing else:
ANSWER: <accession label>; <MATCHES or DIVERGES>
","(db_lookup[101:192],design_lookup[192:241],embedding_lookup[241:410],design_lookup[410:495])",86; DIVERGES,"(depends on: round 2 answer Esp21 and round 1 answer 50; the nearest eligible analogue is 86, whose own peak is t500 -> 86; DIVERGES; ablations: taking the nearest neighbour regardless of panel role gives 62; MATCHES)"
exp196-chain-0039-hard,6,variance_regime,"ROUND 6 - TASK (variance_regime)
Name the cell -- accession and dose -- at which the accession identified in
round 2 first shows round-to-round variance of Fv/Fm_Lss exceeding its
within-round variance.

RULES
1. The two variances come from separate queries; compare them cell by
   cell.
2. A cell built on fewer than 3 imaging rounds is not
   comparable and must be skipped, however its numbers look.
3. Report the first qualifying dose reading left to right, not the
   largest gap, and name the accession alongside it.

TOOL OUTPUTS

>>> db_lookup(table=""fc1_values"", select=[""genotype"", ""within_round""], where=""trait='Fv/Fm_Lss'"", group_by=[""genotype"", ""treatment""])
    within-round variance, one column per treatment.
    genotype  t0     t25    t50    t100   t250   t500
    --------  -----  -----  -----  -----  -----  -----
    Esp21     0.036  0.054  0.028  0.029  0.034  0.061
    62        0.025  0.016  0.021  0.045  0.052  0.060
    86        0.037  0.037  0.065  0.027  0.046  0.056
    NIL 290   0.047  0.049  0.055  0.072  0.092  0.056

>>> db_lookup(table=""fc1_values"", select=[""genotype"", ""round_to_round""], where=""trait='Fv/Fm_Lss'"", group_by=[""genotype"", ""treatment""])
    round-to-round variance, one column per treatment.
    genotype  t0     t25    t50    t100   t250   t500
    --------  -----  -----  -----  -----  -----  -----
    Esp21     0.014  0.027  0.039  0.051  0.063  0.075
    62        0.017  0.028  0.040  0.052  0.061  0.076
    86        0.015  0.027  0.040  0.053  0.062  0.075
    NIL 290   0.017  0.028  0.040  0.052  0.062  0.073

>>> qc_lookup(table=""fc1_values"", select=[""genotype"", ""n_rounds""], where=""trait='Fv/Fm_Lss'"")
    imaging rounds behind each cell, one column per treatment.
    genotype  t0  t25  t50  t100  t250  t500
    --------  --  ---  ---  ----  ----  ----
    Esp21     9   5    1    7     9     9
    62        6   5    7    5     6     8
    86        5   8    6    9     4     9
    NIL 290   7   8    9    7     8     6

OUTPUT FORMAT
Reply with exactly one line and nothing else:
ANSWER: <accession>@<dose>
","(db_lookup[111:290],db_lookup[290:471],qc_lookup[471:581])",Esp21@100,"(depends on: round 2 answer Esp21; comparing the two variance tables cell by cell, Esp21 first crosses at t50, but that cell rests on 1 imaging round, under the 3 needed, so the first comparable crossing is t100 -> Esp21@100; ablations: taking the largest round-to-round value without the within-round table gives Esp21@500; ignoring the round counts gives Esp21@50)"
exp196-chain-0039-hard,7,literature_audit,"ROUND 7 - TASK (literature_audit)
Three published claims are on file. Judge the one that concerns this
experiment's species against the accession identified in round 2, and say
which source you judged.

RULES
1. Exactly one source concerns the species under study here; the others
   are about different species and are not yours to judge.
2. OUT_OF_SCOPE if the source's studied dose range does not overlap
   this experiment's series: the claim cannot be tested here.
3. Otherwise SUPPORTED if the claimed peak matches that accession's own
   measured peak, CONTRADICTED if it does not.
4. Report the verdict and the source.

TOOL OUTPUTS

>>> literature_lookup(species=""Camelina sativa"", property=""hormesis"")
    published peak-dose claims, with the dose range each study covered (mg kg-1).
    source           species               property  claimed_peak  range_studied
    ---------------  --------------------  --------  ------------  -------------
    lit:Kramer2020   Arabidopsis thaliana  hormesis  500           0-500
    lit:Baumann2015  Thlaspi arvense       hormesis  25            0-500
    lit:Kramer2023   Camelina sativa       hormesis  250           0-500

>>> design_lookup(aspect=""dose_series"")
    the design levels of this experiment, in order.
    level  treatment
    -----  ---------
    1      0
    2      25
    3      50
    4      100
    5      250
    6      500

>>> db_lookup(table=""fc1_values"", select=[""genotype"", ""peak_treatment""], where=""trait='Fv/Fm_Lss'"", group_by=[""genotype""])
    the treatment at which each accession's own Fv/Fm_Lss is highest.
    genotype  peak_treatment
    --------  --------------
    Esp21     100
    62        250
    86        25
    NIL 290   250

OUTPUT FORMAT
Reply with exactly one line and nothing else:
ANSWER: <SUPPORTED, CONTRADICTED or OUT_OF_SCOPE>; <source id>
","(literature_lookup[126:267],design_lookup[267:316],db_lookup[316:407])",CONTRADICTED; lit:Kramer2023,"(depends on: round 2 answer Esp21; only lit:Kramer2023 concerns Camelina sativa; it claims a peak at 250 mg kg-1 over 0-500, against a series topping out at 500 and a measured peak of 100 for that accession -> CONTRADICTED; lit:Kramer2023; ablations: judging a source about another species gives CONTRADICTED; lit:Kramer2020; skipping the scope check gives CONTRADICTED; lit:Kramer2023)"
exp168-chain-0040-medium,1,dose_response_shape,"SESSION
You are analysing experiment 168 at the Ridgefield phenotyping facility: a copper
(Cu) dose series on 6 Thlaspi arvense (pennycress) accessions at 0, 50, 100, 200,
500 and 1000 mg kg-1, imaged over 28 days in six modalities.

This is a 5-round investigation. Each round gives you the results of the tool
calls it needs, already run; how many there are varies by round. Later rounds
build on what you established earlier and will not repeat it, so keep your own
answers.

TOOLS (results are inlined; you cannot issue new calls)
  db_lookup(table=, select=, where=, group_by=)   the measurement store
  schema_lookup(trait=)                           which modality records a trait, and in what unit
  qc_lookup(table=, select=, where=)              flags, exclusions, usable counts
  design_lookup(aspect=)                          the protocol: dose series, accession panel,
                                                  imaging rounds, replication plan
  literature_lookup(species=, property=)          published claims
  embedding_lookup(space=, query=, k=)            nearest accessions by profile similarity

TERMS
  treatment        the copper dose, in mg kg-1
  genotype         the accession label
  Fv/Fm_Lss        photosystem-II efficiency, from the fc1 modality
  area_mm2         leaf area
  n_plants         distinct plants behind a cell
  round_to_round   variance of an accession's per-round means
  within_round     variance between plants inside one imaging round

ROUND 1 - TASK (dose_response_shape)
At which copper dose does mean Fv/Fm_Lss peak across the panel?

RULES
1. A treatment cell must clear the usable-plant floor in the quality
   gate before it can be called a peak.
2. Judge the curve as a whole, not a single cell.

TOOL OUTPUTS

>>> db_lookup(table=""fc1_values"", select=[""trait"", ""mean_value""], where=""experiment_id=168"", group_by=[""trait"", ""treatment""])
    mean value by trait, one column per treatment (mg kg-1).
    trait      t0     t50    t100   t200   t500   t1000
    ---------  -----  -----  -----  -----  -----  -----
    Fv/Fm_Lss  0.473  0.493  0.538  0.518  0.485  0.464

>>> qc_lookup(table=""fc1_values"", select=[""treatment"", ""n_plants_usable""], where=""trait='Fv/Fm_Lss'"")
    plants surviving QC per treatment; the floor for a panel claim is 15.
    treatment  n_plants_usable
    ---------  ---------------
    0          49
    50         53
    100        12
    200        57
    500        50
    1000       49

OUTPUT FORMAT
Reply with exactly one line and nothing else:
ANSWER: <dose in mg kg-1, digits only>
","(db_lookup[327:453],qc_lookup[453:541])",200,(depends on: -; the plant-level Fv/Fm_Lss row peaks at 0.518 on t200 -> 200; ablations: ignoring the quality gate gives 100 on 12 plants)
exp168-chain-0040-medium,2,transition_sensitivity,"ROUND 2 - TASK (transition_sensitivity)
Starting from the copper dose you identified in round 1, which accession
loses the most Fv/Fm_Lss when the dose is raised to the next level of the
design series?

RULES
1. The store also holds a pilot dose that is not a level of the
   design series. The next level is the next one in the design
   table, which need not be the next column.
2. Only accessions in the core panel can be ranked; observational
   ones are carried for reference.
3. Compare each accession against itself across the two doses.

TOOL OUTPUTS

>>> design_lookup(aspect=""accession_panel"")
    panel membership for this experiment.
    genotype   panel_role
    ---------  -------------
    83         core
    MAGIC 358  core
    NIL 204    core
    Ecm47      core
    74         observational

>>> db_lookup(table=""fc1_values"", select=[""genotype"", ""mean_value""], where=""trait='Fv/Fm_Lss'"", group_by=[""genotype"", ""treatment""])
    mean Fv/Fm_Lss by accession, one column per treatment in the store.
    genotype   t50    t200   t350   t500
    ---------  -----  -----  -----  -----
    83         0.522  0.505  0.354  0.340
    MAGIC 358  0.522  0.478  0.444  0.418
    NIL 204    0.553  0.519  0.487  0.454
    Ecm47      0.540  0.499  0.459  0.257
    74         0.536  0.527  0.507  0.181

>>> design_lookup(aspect=""dose_series"")
    the design levels, in order. Doses absent here are pilot cells.
    level  treatment
    -----  ---------
    1      0
    2      50
    3      100
    4      200
    5      500
    6      1000

OUTPUT FORMAT
Reply with exactly one line and nothing else:
ANSWER: <accession label exactly as it appears in the table>
","(design_lookup[113:166],db_lookup[166:329],design_lookup[329:382])",Ecm47,"(depends on: round 1 answer 200; the step is t200->t500, not the adjacent column t350 which is a pilot cell; per-accession drop Ecm47:+0.242  83:+0.165  NIL 204:+0.065  MAGIC 358:+0.060 -> Ecm47; ablations: stepping to the next column instead of the next design level gives 83; ranking without the panel table gives 74, which is observational)"
exp168-chain-0040-medium,3,cross_modality_peak,"ROUND 3 - TASK (cross_modality_peak)
For the accession identified in round 2: at which dose does its leaf area
(area_mm2) peak, and does that dose agree with where Fv/Fm_Lss peaked
in round 1?

RULES
1. More than one modality reports this trait. Use the one the
   dictionary marks primary; the other is a derived estimate.
2. A cell flagged empty_mask carries no usable area and cannot be
   the peak. low_mask_coverage is on nearly every row and is not a
   reason to discard.
3. The verdict is AGREES when the area peak falls on the dose from
   round 1, and DISAGREES otherwise. Report both parts.

TOOL OUTPUTS

>>> qc_lookup(table=""rgb2_features"", select=[""genotype"", ""treatment"", ""flag""], where=""flag='empty_mask'"")
    cells voided by empty_mask.
    genotype  treatment  flag
    --------  ---------  ----------
    Ecm47     1000       empty_mask
    74        50         empty_mask

>>> schema_lookup(trait=""area_mm2"")
    modalities reporting this trait.
    trait     modality  modality_role       unit  trait_role
    --------  --------  ------------------  ----  ----------
    area_mm2  rgb2      top-view RGB        mm2   primary
    area_mm2  vnir      VNIR hyperspectral  mm2   derived

>>> db_lookup(table=""features"", select=[""modality"", ""genotype"", ""mean_area_mm2""], where=""trait='area_mm2'"", group_by=[""modality"", ""genotype"", ""treatment""])
    mean area_mm2 by modality and accession, one column per treatment.
    modality  genotype   t50    t200   t500   t1000
    --------  ---------  -----  -----  -----  -----
    rgb2      Ecm47      22.18  13.71  11.14  26.68
    rgb2      74         10.58  12.86  14.17  22.98
    rgb2      83         9.25   18.24  9.60   7.14
    rgb2      MAGIC 358  8.81   11.11  19.66  10.75
    vnir      Ecm47      9.12   16.63  9.04   8.37
    vnir      74         8.55   9.87   17.19  9.67
    vnir      83         5.50   6.07   13.87  6.09
    vnir      MAGIC 358  14.86  7.62   6.03   4.09

OUTPUT FORMAT
Reply with exactly one line and nothing else:
ANSWER: <dose in mg kg-1, digits only>; <AGREES or DISAGREES>
","(qc_lookup[126:204],schema_lookup[204:287],db_lookup[287:509])",50; DISAGREES,(depends on: round 2 answer Ecm47 and round 1 answer 200; on the rgb2 row for Ecm47 the largest usable cell is t50 -> 50; DISAGREES; ablations: reading the vnir rows gives 200; AGREES; ignoring empty_mask gives 1000; DISAGREES)
exp168-chain-0040-medium,4,modality_coverage,"ROUND 4 - TASK (modality_coverage)
For the accession identified in round 2: which modalities hold usable feature
rows for it in this experiment?

RULES
1. A modality whose rows are all flagged holds nothing usable.
2. List the modalities in the column order of the store table.

TOOL OUTPUTS

>>> qc_lookup(table=""features"", select=[""genotype"", ""modality"", ""n_usable""], group_by=[""genotype"", ""modality""])
    rows surviving QC, one column per modality.
    genotype   fc1  rgb2  msc1  vnir  swir  s3d
    ---------  ---  ----  ----  ----  ----  ---
    Ecm47      0    61    64    0     0     18
    74         0    56    64    21    19    0
    83         0    66    58    43    0     25
    MAGIC 358  0    54    55    0     32    0

>>> db_lookup(table=""features"", select=[""genotype"", ""modality"", ""n_rows""], group_by=[""genotype"", ""modality""])
    feature rows per accession, one column per modality.
    genotype   fc1  rgb2  msc1  vnir  swir  s3d
    ---------  ---  ----  ----  ----  ----  ---
    Ecm47      0    64    65    15    0     21
    74         0    56    67    21    22    0
    83         0    67    60    43    0     26
    MAGIC 358  0    56    56    0     33    0

OUTPUT FORMAT
Reply with exactly one line and nothing else:
ANSWER: <modalities, comma separated, in table column order>
","(qc_lookup[57:172],db_lookup[172:288])","rgb2, msc1, s3d","(depends on: round 2 answer Ecm47; that row is non-zero for rgb2, msc1, vnir, s3d and vnir has nothing left after QC -> rgb2, msc1, s3d; ablations: ignoring the quality gate gives rgb2, msc1, vnir, s3d)"
exp168-chain-0040-medium,5,power_check,"ROUND 5 - TASK (power_check)
For the accession identified in round 2, at the dose identified in round 1: is
that cell replicated well enough to carry a genotype-level claim, and on how
many plants does that verdict rest?

RULES
1. The count that matters is plants remaining after exclusions, not
   the raw count in the store.
2. The floor depends on the claim level and is set by this study's
   replication plan; do not assume a value.
3. Report the verdict and the count behind it.

TOOL OUTPUTS

>>> design_lookup(aspect=""replication_plan"")
    minimum usable plants per claim level in this study.
    claim_level     min_usable_plants
    --------------  -----------------
    genotype-level  8
    panel-level     23

>>> db_lookup(table=""fc1_values"", select=[""genotype"", ""n_plants""], group_by=[""genotype"", ""treatment""])
    plants recorded per accession, one column per treatment.
    genotype   t50  t200  t350  t500
    ---------  ---  ----  ----  ----
    Ecm47      37   11    45    23
    74         13   14    11    51
    83         30   10    36    52
    MAGIC 358  27   46    35    8

>>> qc_lookup(table=""fc1_values"", select=[""genotype"", ""n_plants_excluded""], where=""flag IN ('empty_mask', 'sentinel')"")
    plants excluded per cell, one column per treatment.
    genotype   t50  t200  t350  t500
    ---------  ---  ----  ----  ----
    Ecm47      3    3     0     0
    74         1    2     3     2
    83         3    1     4     3
    MAGIC 358  4    0     3     3

OUTPUT FORMAT
Reply with exactly one line and nothing else:
ANSWER: <WELL_REPLICATED or UNDERPOWERED>; <usable plants>
","(design_lookup[107:169],db_lookup[169:264],qc_lookup[264:363])",WELL_REPLICATED; 8,"(depends on: round 2 answer Ecm47 and round 1 answer 200; the store holds 11 plants for that cell, qc_lookup removes 3, and the floor is 8 -> WELL_REPLICATED; 8; ablations: skipping the exclusions gives WELL_REPLICATED; 11; assuming the conventional floor of 10 gives UNDERPOWERED; 8)"
exp46-chain-0041-hard,1,dose_response_shape,"SESSION
You are analysing experiment 46 at the Norwood phenotyping facility: a nickel (Ni)
dose series on 6 Brassica napus (oilseed rape) accessions at 0, 20, 40, 80, 160
and 320 mg kg-1, imaged over 28 days in six modalities.

This is a 6-round investigation. Each round gives you the results of the tool
calls it needs, already run; how many there are varies by round. Later rounds
build on what you established earlier and will not repeat it, so keep your own
answers.

TOOLS (results are inlined; you cannot issue new calls)
  db_lookup(table=, select=, where=, group_by=)   the measurement store
  schema_lookup(trait=)                           which modality records a trait, and in what unit
  qc_lookup(table=, select=, where=)              flags, exclusions, usable counts
  design_lookup(aspect=)                          the protocol: dose series, accession panel,
                                                  imaging rounds, replication plan
  literature_lookup(species=, property=)          published claims
  embedding_lookup(space=, query=, k=)            nearest accessions by profile similarity

TERMS
  treatment        the nickel dose, in mg kg-1
  genotype         the accession label
  Fv/Fm_Lss        photosystem-II efficiency, from the fc1 modality
  area_mm2         leaf area
  n_plants         distinct plants behind a cell
  round_to_round   variance of an accession's per-round means
  within_round     variance between plants inside one imaging round

ROUND 1 - TASK (dose_response_shape)
At which nickel dose does mean Fv/Fm_Lss peak across the panel?

RULES
1. Two rows in the store carry a similar trait name. Only the
   plant-level trait is the panel measurement; the dictionary says
   which that is.
2. A treatment cell must clear the usable-plant floor in the quality
   gate before it can be called a peak.
3. Judge the curve as a whole, not a single cell.

TOOL OUTPUTS

>>> qc_lookup(table=""fc1_values"", select=[""treatment"", ""n_plants_usable""], where=""trait='Fv/Fm_Lss'"")
    plants surviving QC per treatment; the floor for a panel claim is 15.
    treatment  n_plants_usable
    ---------  ---------------
    0          49
    20         6
    40         60
    80         49
    160        56
    320        48

>>> schema_lookup(trait=""Fv/Fm_Lss"")
    trait dictionary: where the trait lives and at what entity level.
    trait          modality  table       unit  entity_level
    -------------  --------  ----------  ----  ------------
    Fv/Fm_Lss      fc1       fc1_values  a.u.  plant
    avg_Fv/Fm_Lss  fc1       fc1_values  a.u.  region

>>> db_lookup(table=""fc1_values"", select=[""trait"", ""mean_value""], where=""experiment_id=46"", group_by=[""trait"", ""treatment""])
    mean value by trait, one column per treatment (mg kg-1).
    trait          t0     t20    t40    t80    t160   t320
    -------------  -----  -----  -----  -----  -----  -----
    Fv/Fm_Lss      0.464  0.536  0.504  0.516  0.483  0.444
    avg_Fv/Fm_Lss  0.414  0.431  0.560  0.394  0.437  0.417

OUTPUT FORMAT
Reply with exactly one line and nothing else:
ANSWER: <dose in mg kg-1, digits only>
","(qc_lookup[359:447],schema_lookup[447:545],db_lookup[545:696])",80,(depends on: -; the plant-level Fv/Fm_Lss row peaks at 0.516 on t80 -> 80; ablations: reading the alias row gives 40; ignoring the quality gate gives 20 on 6 plants)
exp46-chain-0041-hard,2,transition_sensitivity,"ROUND 2 - TASK (transition_sensitivity)
Starting from the nickel dose you identified in round 1, which accession
loses the most Fv/Fm_Lss when the dose is raised to the next level of the
design series?

RULES
1. The store also holds a pilot dose that is not a level of the
   design series. The next level is the next one in the design
   table, which need not be the next column.
2. Only accessions in the core panel can be ranked; observational
   ones are carried for reference.
3. Compare each accession against itself across the two doses.

TOOL OUTPUTS

>>> design_lookup(aspect=""accession_panel"")
    panel membership for this experiment.
    genotype  panel_role
    --------  -------------
    NIL 285   core
    Ecm23     core
    NIL 235   core
    97        observational
    ISU 293   core

>>> design_lookup(aspect=""dose_series"")
    the design levels, in order. Doses absent here are pilot cells.
    level  treatment
    -----  ---------
    1      0
    2      20
    3      40
    4      80
    5      160
    6      320

>>> db_lookup(table=""fc1_values"", select=[""genotype"", ""mean_value""], where=""trait='Fv/Fm_Lss'"", group_by=[""genotype"", ""treatment""])
    mean Fv/Fm_Lss by accession, one column per treatment in the store.
    genotype  t0     t80    t120   t160
    --------  -----  -----  -----  -----
    NIL 285   0.529  0.495  0.331  0.325
    Ecm23     0.554  0.512  0.493  0.466
    NIL 235   0.547  0.520  0.474  0.289
    97        0.535  0.514  0.479  0.174
    ISU 293   0.536  0.522  0.506  0.478

OUTPUT FORMAT
Reply with exactly one line and nothing else:
ANSWER: <accession label exactly as it appears in the table>
","(design_lookup[113:166],design_lookup[166:219],db_lookup[219:382])",NIL 235,"(depends on: round 1 answer 80; the step is t80->t160, not the adjacent column t120 which is a pilot cell; per-accession drop NIL 235:+0.231  NIL 285:+0.170  Ecm23:+0.046  ISU 293:+0.044 -> NIL 235; ablations: stepping to the next column instead of the next design level gives NIL 285; ranking without the panel table gives 97, which is observational)"
exp46-chain-0041-hard,3,cross_modality_peak,"ROUND 3 - TASK (cross_modality_peak)
For the accession identified in round 2: at which dose does its leaf area
(area_mm2) peak, and does that dose agree with where Fv/Fm_Lss peaked
in round 1?

RULES
1. More than one modality reports this trait. Use the one the
   dictionary marks primary; the other is a derived estimate.
2. A cell flagged empty_mask carries no usable area and cannot be
   the peak. low_mask_coverage is on nearly every row and is not a
   reason to discard.
3. The verdict is AGREES when the area peak falls on the dose from
   round 1, and DISAGREES otherwise. Report both parts.

TOOL OUTPUTS

>>> schema_lookup(trait=""area_mm2"")
    modalities reporting this trait.
    trait     modality  modality_role       unit  trait_role
    --------  --------  ------------------  ----  ----------
    area_mm2  rgb2      top-view RGB        mm2   primary
    area_mm2  vnir      VNIR hyperspectral  mm2   derived

>>> db_lookup(table=""features"", select=[""modality"", ""genotype"", ""mean_area_mm2""], where=""trait='area_mm2'"", group_by=[""modality"", ""genotype"", ""treatment""])
    mean area_mm2 by modality and accession, one column per treatment.
    modality  genotype  t20    t40    t80    t160
    --------  --------  -----  -----  -----  -----
    rgb2      NIL 235   4.64   23.17  9.77   18.67
    rgb2      97        12.20  14.09  23.18  14.66
    rgb2      ISU 293   20.56  11.56  9.83   7.25
    rgb2      Ecm23     10.12  18.71  9.34   7.87
    vnir      NIL 235   5.47   6.39   14.17  7.04
    vnir      97        10.29  17.33  10.03  9.18
    vnir      ISU 293   8.02   15.50  8.28   6.06
    vnir      Ecm23     5.67   6.49   14.20  6.99

>>> qc_lookup(table=""rgb2_features"", select=[""genotype"", ""treatment"", ""flag""], where=""flag='empty_mask'"")
    cells voided by empty_mask.
    genotype  treatment  flag
    --------  ---------  ----------
    NIL 235   40         empty_mask
    97        20         empty_mask

OUTPUT FORMAT
Reply with exactly one line and nothing else:
ANSWER: <dose in mg kg-1, digits only>; <AGREES or DISAGREES>
","(schema_lookup[126:209],db_lookup[209:432],qc_lookup[432:511])",160; DISAGREES,(depends on: round 2 answer NIL 235 and round 1 answer 80; on the rgb2 row for NIL 235 the largest usable cell is t160 -> 160; DISAGREES; ablations: reading the vnir rows gives 80; AGREES; ignoring empty_mask gives 40; DISAGREES)
exp46-chain-0041-hard,4,modality_coverage,"ROUND 4 - TASK (modality_coverage)
For the accession identified in round 2: which modalities hold usable feature
rows for it in this experiment?

RULES
1. A modality never scheduled for this experiment does not count,
   even if rows for it exist: those were carried over.
2. A modality whose rows are all flagged holds nothing usable.
3. List the modalities in the column order of the store table.

TOOL OUTPUTS

>>> qc_lookup(table=""features"", select=[""genotype"", ""modality"", ""n_usable""], group_by=[""genotype"", ""modality""])
    rows surviving QC, one column per modality.
    genotype  fc1  rgb2  msc1  vnir  swir  s3d
    --------  ---  ----  ----  ----  ----  ---
    NIL 235   0    55    64    27    46    0
    97        40   63    60    0     0     34
    ISU 293   28   55    57    0     0     32
    Ecm23     17   61    56    0     0     31

>>> design_lookup(aspect=""imaging_rounds"")
    imaging rounds scheduled per modality for this experiment.
    modality  records                   rounds_scheduled
    --------  ------------------------  ----------------
    fc1       chlorophyll fluorescence  37
    rgb2      top-view RGB              38
    msc1      multispectral             22
    vnir      VNIR hyperspectral        0
    swir      SWIR hyperspectral        34
    s3d       3-D structural scan       59

>>> db_lookup(table=""features"", select=[""genotype"", ""modality"", ""n_rows""], group_by=[""genotype"", ""modality""])
    feature rows per accession, one column per modality.
    genotype  fc1  rgb2  msc1  vnir  swir  s3d
    --------  ---  ----  ----  ----  ----  ---
    NIL 235   39   58    66    27    47    0
    97        42   66    61    0     0     37
    ISU 293   28   58    57    0     0     32
    Ecm23     17   61    58    0     0     34

OUTPUT FORMAT
Reply with exactly one line and nothing else:
ANSWER: <modalities, comma separated, in table column order>
","(qc_lookup[82:197],design_lookup[197:296],db_lookup[296:412])","rgb2, msc1, swir","(depends on: round 2 answer NIL 235; that row is non-zero for fc1, rgb2, msc1, vnir, swir, but vnir was never scheduled and fc1 has nothing left after QC -> rgb2, msc1, swir; ablations: ignoring the schedule gives rgb2, msc1, vnir, swir; ignoring the quality gate gives fc1, rgb2, msc1, swir)"
exp46-chain-0041-hard,5,analogue_search,"ROUND 5 - TASK (analogue_search)
For the accession identified in round 2: which accession is its nearest
analogue by Fv/Fm_Lss dose-response profile, and does that analogue's own
peak fall on the dose you identified in round 1?

RULES
1. Take the nearest neighbour that is eligible: observational
   accessions cannot be analogues.
2. Neighbours are listed in descending similarity.
3. Report the analogue, then MATCHES if its own peak is the dose from
   round 1 and DIVERGES if it is not.

TOOL OUTPUTS

>>> design_lookup(aspect=""accession_panel"")
    panel membership for this experiment.
    genotype  panel_role
    --------  -------------
    NIL 235   core
    97        observational
    ISU 293   core
    Ecm23     core

>>> embedding_lookup(space=""dose_response_profile"", query=""panel"", k=3)
    nearest accessions by Fv/Fm_Lss profile, for every panel member.
    genotype  neighbour_1      neighbour_2      neighbour_3
    --------  ---------------  ---------------  ---------------
    NIL 235   97 (0.958)       Ecm23 (0.891)    ISU 293 (0.783)
    97        Ecm23 (0.926)    ISU 293 (0.830)  NIL 235 (0.660)
    ISU 293   NIL 235 (0.879)  Ecm23 (0.806)    97 (0.697)
    Ecm23     ISU 293 (0.893)  97 (0.722)       NIL 235 (0.639)

>>> db_lookup(table=""fc1_values"", select=[""genotype"", ""peak_treatment""], where=""trait='Fv/Fm_Lss'"", group_by=[""genotype""])
    the treatment at which each accession's own Fv/Fm_Lss is highest.
    genotype  peak_treatment
    --------  --------------
    NIL 235   20
    97        320
    ISU 293   160
    Ecm23     160

OUTPUT FORMAT
Reply with exactly one line and nothing else:
ANSWER: <accession label>; <MATCHES or DIVERGES>
","(design_lookup[101:151],embedding_lookup[151:326],db_lookup[326:418])",Ecm23; DIVERGES,"(depends on: round 2 answer NIL 235 and round 1 answer 80; the nearest eligible analogue is Ecm23, whose own peak is t160 -> Ecm23; DIVERGES; ablations: taking the nearest neighbour regardless of panel role gives 97; DIVERGES)"
exp46-chain-0041-hard,6,variance_regime,"ROUND 6 - TASK (variance_regime)
Name the cell -- accession and dose -- at which the accession identified in
round 2 first shows round-to-round variance of Fv/Fm_Lss exceeding its
within-round variance.

RULES
1. The two variances come from separate queries; compare them cell by
   cell.
2. A cell built on fewer than 3 imaging rounds is not
   comparable and must be skipped, however its numbers look.
3. Report the first qualifying dose reading left to right, not the
   largest gap, and name the accession alongside it.

TOOL OUTPUTS

>>> db_lookup(table=""fc1_values"", select=[""genotype"", ""round_to_round""], where=""trait='Fv/Fm_Lss'"", group_by=[""genotype"", ""treatment""])
    round-to-round variance, one column per treatment.
    genotype  t0     t20    t40    t80    t160   t320
    --------  -----  -----  -----  -----  -----  -----
    NIL 235   0.015  0.027  0.040  0.049  0.064  0.075
    97        0.015  0.028  0.040  0.051  0.064  0.073
    ISU 293   0.015  0.025  0.038  0.051  0.062  0.073
    Ecm23     0.013  0.029  0.037  0.050  0.062  0.073

>>> db_lookup(table=""fc1_values"", select=[""genotype"", ""within_round""], where=""trait='Fv/Fm_Lss'"", group_by=[""genotype"", ""treatment""])
    within-round variance, one column per treatment.
    genotype  t0     t20    t40    t80    t160   t320
    --------  -----  -----  -----  -----  -----  -----
    NIL 235   0.042  0.039  0.017  0.038  0.038  0.050
    97        0.034  0.004  0.020  0.025  0.053  0.054
    ISU 293   0.030  0.034  0.052  0.038  0.038  0.063
    Ecm23     0.026  0.040  0.056  0.076  0.068  0.055

>>> qc_lookup(table=""features"", select=[""flag"", ""n_rows""], group_by=[""flag""])
    flag totals over the whole experiment.
    flag               n_rows
    -----------------  ------
    low_mask_coverage  4180
    empty_mask         46
    sentinel           19

>>> qc_lookup(table=""fc1_values"", select=[""genotype"", ""n_rounds""], where=""trait='Fv/Fm_Lss'"")
    imaging rounds behind each cell, one column per treatment.
    genotype  t0  t20  t40  t80  t160  t320
    --------  --  ---  ---  ---  ----  ----
    NIL 235   4   6    1    6    6     5
    97        6   8    4    9    9     4
    ISU 293   6   4    4    8    4     9
    Ecm23     6   9    5    7    5     8

OUTPUT FORMAT
Reply with exactly one line and nothing else:
ANSWER: <accession>@<dose>
","(db_lookup[111:293],db_lookup[293:473],qc_lookup[473:542],qc_lookup[542:652])",NIL 235@80,"(depends on: round 2 answer NIL 235; comparing the two variance tables cell by cell, NIL 235 first crosses at t40, but that cell rests on 1 imaging round, under the 3 needed, so the first comparable crossing is t80 -> NIL 235@80; ablations: taking the largest round-to-round value without the within-round table gives NIL 235@320; ignoring the round counts gives NIL 235@40)"
exp153-chain-0042-hard,1,dose_response_shape,"SESSION
You are analysing experiment 153 at the Ridgefield phenotyping facility: a cobalt
(Co) dose series on 6 Arabidopsis thaliana (arabidopsis) accessions at 0, 20, 40,
80, 160 and 320 mg kg-1, imaged over 28 days in six modalities.

This is a 7-round investigation. Each round gives you the results of the tool
calls it needs, already run; how many there are varies by round. Later rounds
build on what you established earlier and will not repeat it, so keep your own
answers.

TOOLS (results are inlined; you cannot issue new calls)
  db_lookup(table=, select=, where=, group_by=)   the measurement store
  schema_lookup(trait=)                           which modality records a trait, and in what unit
  qc_lookup(table=, select=, where=)              flags, exclusions, usable counts
  design_lookup(aspect=)                          the protocol: dose series, accession panel,
                                                  imaging rounds, replication plan
  literature_lookup(species=, property=)          published claims
  embedding_lookup(space=, query=, k=)            nearest accessions by profile similarity

TERMS
  treatment        the cobalt dose, in mg kg-1
  genotype         the accession label
  Fv/Fm_Lss        photosystem-II efficiency, from the fc1 modality
  area_mm2         leaf area
  n_plants         distinct plants behind a cell
  round_to_round   variance of an accession's per-round means
  within_round     variance between plants inside one imaging round

ROUND 1 - TASK (dose_response_shape)
At which cobalt dose does mean Fv/Fm_Lss peak across the panel?

RULES
1. Two rows in the store carry a similar trait name. Only the
   plant-level trait is the panel measurement; the dictionary says
   which that is.
2. A treatment cell must clear the usable-plant floor in the quality
   gate before it can be called a peak.
3. Judge the curve as a whole, not a single cell.

TOOL OUTPUTS

>>> qc_lookup(table=""fc1_values"", select=[""treatment"", ""n_plants_usable""], where=""trait='Fv/Fm_Lss'"")
    plants surviving QC per treatment; the floor for a panel claim is 10.
    treatment  n_plants_usable
    ---------  ---------------
    0          48
    20         54
    40         53
    80         53
    160        56
    320        5

>>> db_lookup(table=""fc1_values"", select=[""trait"", ""mean_value""], where=""experiment_id=153"", group_by=[""trait"", ""treatment""])
    mean value by trait, one column per treatment (mg kg-1).
    trait          t0     t20    t40    t80    t160   t320
    -------------  -----  -----  -----  -----  -----  -----
    Fv/Fm_Lss      0.461  0.487  0.502  0.516  0.489  0.536
    avg_Fv/Fm_Lss  0.450  0.450  0.579  0.456  0.434  0.465

>>> schema_lookup(trait=""Fv/Fm_Lss"")
    trait dictionary: where the trait lives and at what entity level.
    trait          modality  table       unit  entity_level
    -------------  --------  ----------  ----  ------------
    Fv/Fm_Lss      fc1       fc1_values  a.u.  plant
    avg_Fv/Fm_Lss  fc1       fc1_values  a.u.  region

OUTPUT FORMAT
Reply with exactly one line and nothing else:
ANSWER: <dose in mg kg-1, digits only>
","(qc_lookup[358:446],db_lookup[446:597],schema_lookup[597:695])",80,(depends on: -; the plant-level Fv/Fm_Lss row peaks at 0.516 on t80 -> 80; ablations: reading the alias row gives 40; ignoring the quality gate gives 320 on 5 plants)
exp153-chain-0042-hard,2,transition_sensitivity,"ROUND 2 - TASK (transition_sensitivity)
Starting from the cobalt dose you identified in round 1, which accession
loses the most Fv/Fm_Lss when the dose is raised to the next level of the
design series?

RULES
1. The store also holds a pilot dose that is not a level of the
   design series. The next level is the next one in the design
   table, which need not be the next column.
2. Only accessions in the core panel can be ranked; observational
   ones are carried for reference.
3. Compare each accession against itself across the two doses.

TOOL OUTPUTS

>>> db_lookup(table=""fc1_values"", select=[""genotype"", ""mean_value""], where=""trait='Fv/Fm_Lss'"", group_by=[""genotype"", ""treatment""])
    mean Fv/Fm_Lss by accession, one column per treatment in the store.
    genotype   t40    t80    t120   t160
    ---------  -----  -----  -----  -----
    MAGIC 145  0.534  0.513  0.480  0.267
    NIL 118    0.535  0.493  0.333  0.327
    RIL 323    0.539  0.505  0.474  0.460
    75         0.547  0.517  0.486  0.454
    88         0.537  0.492  0.486  0.158

>>> design_lookup(aspect=""accession_panel"")
    panel membership for this experiment.
    genotype   panel_role
    ---------  -------------
    MAGIC 145  core
    NIL 118    core
    RIL 323    core
    75         core
    88         observational

>>> design_lookup(aspect=""dose_series"")
    the design levels, in order. Doses absent here are pilot cells.
    level  treatment
    -----  ---------
    1      0
    2      20
    3      40
    4      80
    5      160
    6      320

OUTPUT FORMAT
Reply with exactly one line and nothing else:
ANSWER: <accession label exactly as it appears in the table>
","(db_lookup[113:277],design_lookup[277:331],design_lookup[331:384])",MAGIC 145,"(depends on: round 1 answer 80; the step is t80->t160, not the adjacent column t120 which is a pilot cell; per-accession drop MAGIC 145:+0.246  NIL 118:+0.166  75:+0.063  RIL 323:+0.045 -> MAGIC 145; ablations: stepping to the next column instead of the next design level gives NIL 118; ranking without the panel table gives 88, which is observational)"
exp153-chain-0042-hard,3,cross_modality_peak,"ROUND 3 - TASK (cross_modality_peak)
For the accession identified in round 2: at which dose does its leaf area
(area_mm2) peak, and does that dose agree with where Fv/Fm_Lss peaked
in round 1?

RULES
1. More than one modality reports this trait. Use the one the
   dictionary marks primary; the other is a derived estimate.
2. A cell flagged empty_mask carries no usable area and cannot be
   the peak. low_mask_coverage is on nearly every row and is not a
   reason to discard.
3. The verdict is AGREES when the area peak falls on the dose from
   round 1, and DISAGREES otherwise. Report both parts.

TOOL OUTPUTS

>>> qc_lookup(table=""rgb2_features"", select=[""genotype"", ""treatment"", ""flag""], where=""flag='empty_mask'"")
    cells voided by empty_mask.
    genotype   treatment  flag
    ---------  ---------  ----------
    MAGIC 145  0          empty_mask
    88         0          empty_mask

>>> schema_lookup(trait=""area_mm2"")
    modalities reporting this trait.
    trait     modality  modality_role       unit  trait_role
    --------  --------  ------------------  ----  ----------
    area_mm2  rgb2      top-view RGB        mm2   primary
    area_mm2  vnir      VNIR hyperspectral  mm2   derived

>>> db_lookup(table=""features"", select=[""modality"", ""genotype"", ""mean_area_mm2""], where=""trait='area_mm2'"", group_by=[""modality"", ""genotype"", ""treatment""])
    mean area_mm2 by modality and accession, one column per treatment.
    modality  genotype   t0     t20    t80    t160
    --------  ---------  -----  -----  -----  -----
    rgb2      MAGIC 145  26.46  21.96  12.77  11.29
    rgb2      88         5.34   8.37   10.11  18.85
    rgb2      NIL 118    12.72  14.22  22.82  14.37
    rgb2      RIL 323    18.92  10.07  7.34   6.35
    vnir      MAGIC 145  6.97   9.09   16.47  9.17
    vnir      88         5.74   6.89   14.30  7.06
    vnir      NIL 118    9.94   17.08  9.83   8.81
    vnir      RIL 323    3.90   5.18   6.67   14.35

OUTPUT FORMAT
Reply with exactly one line and nothing else:
ANSWER: <dose in mg kg-1, digits only>; <AGREES or DISAGREES>
","(qc_lookup[126:206],schema_lookup[206:289],db_lookup[289:515])",20; DISAGREES,(depends on: round 2 answer MAGIC 145 and round 1 answer 80; on the rgb2 row for MAGIC 145 the largest usable cell is t20 -> 20; DISAGREES; ablations: reading the vnir rows gives 80; AGREES; ignoring empty_mask gives 0; DISAGREES)
exp153-chain-0042-hard,4,modality_coverage,"ROUND 4 - TASK (modality_coverage)
For the accession identified in round 2: which modalities hold usable feature
rows for it in this experiment?

RULES
1. A modality never scheduled for this experiment does not count,
   even if rows for it exist: those were carried over.
2. A modality whose rows are all flagged holds nothing usable.
3. List the modalities in the column order of the store table.

TOOL OUTPUTS

>>> qc_lookup(table=""features"", select=[""genotype"", ""modality"", ""n_usable""], group_by=[""genotype"", ""modality""])
    rows surviving QC, one column per modality.
    genotype   fc1  rgb2  msc1  vnir  swir  s3d
    ---------  ---  ----  ----  ----  ----  ---
    MAGIC 145  0    55    57    0     37    0
    88         19   52    60    0     0     0
    NIL 118    0    56    56    18    0     40
    RIL 323    0    59    63    0     0     38

>>> design_lookup(aspect=""imaging_rounds"")
    imaging rounds scheduled per modality for this experiment.
    modality  records                   rounds_scheduled
    --------  ------------------------  ----------------
    fc1       chlorophyll fluorescence  52
    rgb2      top-view RGB              64
    msc1      multispectral             43
    vnir      VNIR hyperspectral        49
    swir      SWIR hyperspectral        0
    s3d       3-D structural scan       66

>>> db_lookup(table=""features"", select=[""genotype"", ""modality"", ""n_rows""], group_by=[""genotype"", ""modality""])
    feature rows per accession, one column per modality.
    genotype   fc1  rgb2  msc1  vnir  swir  s3d
    ---------  ---  ----  ----  ----  ----  ---
    MAGIC 145  0    57    58    0     38    32
    88         19   55    62    0     0     0
    NIL 118    0    58    58    19    0     41
    RIL 323    0    62    63    0     0     38

OUTPUT FORMAT
Reply with exactly one line and nothing else:
ANSWER: <modalities, comma separated, in table column order>
","(qc_lookup[82:199],design_lookup[199:298],db_lookup[298:416])","rgb2, msc1","(depends on: round 2 answer MAGIC 145; that row is non-zero for rgb2, msc1, swir, s3d, but swir was never scheduled and s3d has nothing left after QC -> rgb2, msc1; ablations: ignoring the schedule gives rgb2, msc1, swir; ignoring the quality gate gives rgb2, msc1, s3d)"
exp153-chain-0042-hard,5,analogue_search,"ROUND 5 - TASK (analogue_search)
For the accession identified in round 2: which accession is its nearest
analogue by Fv/Fm_Lss dose-response profile, and does that analogue's own
peak fall on the dose you identified in round 1?

RULES
1. Take the nearest neighbour that is eligible: observational
   accessions cannot be analogues.
2. Neighbours are listed in descending similarity.
3. Report the analogue, then MATCHES if its own peak is the dose from
   round 1 and DIVERGES if it is not.

TOOL OUTPUTS

>>> design_lookup(aspect=""accession_panel"")
    panel membership for this experiment.
    genotype   panel_role
    ---------  -------------
    MAGIC 145  core
    88         observational
    NIL 118    core
    RIL 323    core

>>> db_lookup(table=""fc1_values"", select=[""genotype"", ""peak_treatment""], where=""trait='Fv/Fm_Lss'"", group_by=[""genotype""])
    the treatment at which each accession's own Fv/Fm_Lss is highest.
    genotype   peak_treatment
    ---------  --------------
    MAGIC 145  320
    88         0
    NIL 118    40
    RIL 323    80

>>> embedding_lookup(space=""dose_response_profile"", query=""panel"", k=3)
    nearest accessions by Fv/Fm_Lss profile, for every panel member.
    genotype   neighbour_1        neighbour_2        neighbour_3
    ---------  -----------------  -----------------  ---------------
    MAGIC 145  88 (0.967)         RIL 323 (0.885)    NIL 118 (0.830)
    88         NIL 118 (0.933)    MAGIC 145 (0.835)  RIL 323 (0.625)
    NIL 118    MAGIC 145 (0.905)  RIL 323 (0.730)    88 (0.614)
    RIL 323    MAGIC 145 (0.873)  88 (0.728)         NIL 118 (0.692)

OUTPUT FORMAT
Reply with exactly one line and nothing else:
ANSWER: <accession label>; <MATCHES or DIVERGES>
","(design_lookup[101:153],db_lookup[153:247],embedding_lookup[247:431])",RIL 323; MATCHES,"(depends on: round 2 answer MAGIC 145 and round 1 answer 80; the nearest eligible analogue is RIL 323, whose own peak is t80 -> RIL 323; MATCHES; ablations: taking the nearest neighbour regardless of panel role gives 88; DIVERGES)"
exp153-chain-0042-hard,6,variance_regime,"ROUND 6 - TASK (variance_regime)
Name the cell -- accession and dose -- at which the accession identified in
round 2 first shows round-to-round variance of Fv/Fm_Lss exceeding its
within-round variance.

RULES
1. The two variances come from separate queries; compare them cell by
   cell.
2. A cell built on fewer than 3 imaging rounds is not
   comparable and must be skipped, however its numbers look.
3. Report the first qualifying dose reading left to right, not the
   largest gap, and name the accession alongside it.

TOOL OUTPUTS

>>> qc_lookup(table=""fc1_values"", select=[""genotype"", ""n_rounds""], where=""trait='Fv/Fm_Lss'"")
    imaging rounds behind each cell, one column per treatment.
    genotype   t0  t20  t40  t80  t160  t320
    ---------  --  ---  ---  ---  ----  ----
    MAGIC 145  9   9    8    1    9     7
    88         6   6    5    6    6     4
    NIL 118    8   4    4    5    6     9
    RIL 323    8   5    4    9    6     5

>>> db_lookup(table=""fc1_values"", select=[""genotype"", ""round_to_round""], where=""trait='Fv/Fm_Lss'"", group_by=[""genotype"", ""treatment""])
    round-to-round variance, one column per treatment.
    genotype   t0     t20    t40    t80    t160   t320
    ---------  -----  -----  -----  -----  -----  -----
    MAGIC 145  0.014  0.028  0.039  0.049  0.065  0.077
    88         0.015  0.027  0.038  0.049  0.065  0.075
    NIL 118    0.014  0.025  0.039  0.049  0.064  0.075
    RIL 323    0.013  0.025  0.037  0.051  0.065  0.077

>>> db_lookup(table=""fc1_values"", select=[""genotype"", ""within_round""], where=""trait='Fv/Fm_Lss'"", group_by=[""genotype"", ""treatment""])
    within-round variance, one column per treatment.
    genotype   t0     t20    t40    t80    t160   t320
    ---------  -----  -----  -----  -----  -----  -----
    MAGIC 145  0.035  0.042  0.058  0.041  0.035  0.060
    88         0.027  0.047  0.052  0.069  0.044  0.046
    NIL 118    0.028  0.038  0.050  0.077  0.082  0.058
    RIL 323    0.020  0.004  0.023  0.044  0.046  0.051

OUTPUT FORMAT
Reply with exactly one line and nothing else:
ANSWER: <accession>@<dose>
","(qc_lookup[111:223],db_lookup[223:407],db_lookup[407:589])",MAGIC 145@160,"(depends on: round 2 answer MAGIC 145; comparing the two variance tables cell by cell, MAGIC 145 first crosses at t80, but that cell rests on 1 imaging round, under the 3 needed, so the first comparable crossing is t160 -> MAGIC 145@160; ablations: taking the largest round-to-round value without the within-round table gives MAGIC 145@320; ignoring the round counts gives MAGIC 145@80)"
exp153-chain-0042-hard,7,literature_audit,"ROUND 7 - TASK (literature_audit)
Three published claims are on file. Judge the one that concerns this
experiment's species against the accession identified in round 2, and say
which source you judged.

RULES
1. Exactly one source concerns the species under study here; the others
   are about different species and are not yours to judge.
2. OUT_OF_SCOPE if the source's studied dose range does not overlap
   this experiment's series: the claim cannot be tested here.
3. Otherwise SUPPORTED if the claimed peak matches that accession's own
   measured peak, CONTRADICTED if it does not.
4. Report the verdict and the source.

TOOL OUTPUTS

>>> db_lookup(table=""fc1_values"", select=[""genotype"", ""peak_treatment""], where=""trait='Fv/Fm_Lss'"", group_by=[""genotype""])
    the treatment at which each accession's own Fv/Fm_Lss is highest.
    genotype   peak_treatment
    ---------  --------------
    MAGIC 145  0
    88         320
    NIL 118    20
    RIL 323    320

>>> literature_lookup(species=""Arabidopsis thaliana"", property=""hormesis"")
    published peak-dose claims, with the dose range each study covered (mg kg-1).
    source            species               property  claimed_peak  range_studied
    ----------------  --------------------  --------  ------------  -------------
    lit:Baumann2016   Thlaspi arvense       hormesis  20            0-320
    lit:Nakagawa2024  Arabidopsis thaliana  hormesis  20            0-320
    lit:Osorio2021    Camelina sativa       hormesis  40            0-320

>>> design_lookup(aspect=""dose_series"")
    the design levels of this experiment, in order.
    level  treatment
    -----  ---------
    1      0
    2      20
    3      40
    4      80
    5      160
    6      320

OUTPUT FORMAT
Reply with exactly one line and nothing else:
ANSWER: <SUPPORTED, CONTRADICTED or OUT_OF_SCOPE>; <source id>
","(db_lookup[126:220],literature_lookup[220:362],design_lookup[362:411])",CONTRADICTED; lit:Nakagawa2024,"(depends on: round 2 answer MAGIC 145; only lit:Nakagawa2024 concerns Arabidopsis thaliana; it claims a peak at 20 mg kg-1 over 0-320, against a series topping out at 320 and a measured peak of 0 for that accession -> CONTRADICTED; lit:Nakagawa2024; ablations: judging a source about another species gives CONTRADICTED; lit:Baumann2016; skipping the scope check gives CONTRADICTED; lit:Nakagawa2024)"
exp68-chain-0043-medium,1,dose_response_shape,"SESSION
You are analysing experiment 68 at the Hollandale phenotyping facility: a zinc
(Zn) dose series on 6 Brassica napus (oilseed rape) accessions at 0, 50, 100, 200,
500 and 1000 mg kg-1, imaged over 28 days in six modalities.

This is a 4-round investigation. Each round gives you the results of the tool
calls it needs, already run; how many there are varies by round. Later rounds
build on what you established earlier and will not repeat it, so keep your own
answers.

TOOLS (results are inlined; you cannot issue new calls)
  db_lookup(table=, select=, where=, group_by=)   the measurement store
  schema_lookup(trait=)                           which modality records a trait, and in what unit
  qc_lookup(table=, select=, where=)              flags, exclusions, usable counts
  design_lookup(aspect=)                          the protocol: dose series, accession panel,
                                                  imaging rounds, replication plan
  literature_lookup(species=, property=)          published claims
  embedding_lookup(space=, query=, k=)            nearest accessions by profile similarity

TERMS
  treatment        the zinc dose, in mg kg-1
  genotype         the accession label
  Fv/Fm_Lss        photosystem-II efficiency, from the fc1 modality
  area_mm2         leaf area
  n_plants         distinct plants behind a cell
  round_to_round   variance of an accession's per-round means
  within_round     variance between plants inside one imaging round

ROUND 1 - TASK (dose_response_shape)
At which zinc dose does mean Fv/Fm_Lss peak across the panel?

RULES
1. Two rows in the store carry a similar trait name. Only the
   plant-level trait is the panel measurement; the dictionary says
   which that is.
2. Judge the curve as a whole, not a single cell.

TOOL OUTPUTS

>>> schema_lookup(trait=""Fv/Fm_Lss"")
    trait dictionary: where the trait lives and at what entity level.
    trait          modality  table       unit  entity_level
    -------------  --------  ----------  ----  ------------
    Fv/Fm_Lss      fc1       fc1_values  a.u.  plant
    avg_Fv/Fm_Lss  fc1       fc1_values  a.u.  region

>>> db_lookup(table=""fc1_values"", select=[""trait"", ""mean_value""], where=""experiment_id=68"", group_by=[""trait"", ""treatment""])
    mean value by trait, one column per treatment (mg kg-1).
    trait          t0     t50    t100   t200   t500   t1000
    -------------  -----  -----  -----  -----  -----  -----
    Fv/Fm_Lss      0.491  0.494  0.510  0.527  0.501  0.456
    avg_Fv/Fm_Lss  0.390  0.456  0.442  0.445  0.386  0.565

OUTPUT FORMAT
Reply with exactly one line and nothing else:
ANSWER: <dose in mg kg-1, digits only>
","(schema_lookup[335:433],db_lookup[433:584])",200,(depends on: -; the plant-level Fv/Fm_Lss row peaks at 0.527 on t200 -> 200; ablations: reading the alias row gives 1000)
exp68-chain-0043-medium,2,transition_sensitivity,"ROUND 2 - TASK (transition_sensitivity)
Starting from the zinc dose you identified in round 1, which accession
loses the most Fv/Fm_Lss when the dose is raised to the next level of the
design series?

RULES
1. Only accessions in the core panel can be ranked; observational
   ones are carried for reference.
2. Compare each accession against itself across the two doses.

TOOL OUTPUTS

>>> db_lookup(table=""fc1_values"", select=[""genotype"", ""mean_value""], where=""trait='Fv/Fm_Lss'"", group_by=[""genotype"", ""treatment""])
    mean Fv/Fm_Lss by accession, one column per treatment in the store.
    genotype  t0     t200   t500   t1000
    --------  -----  -----  -----  -----
    86        0.553  0.530  0.490  0.456
    NIL 203   0.531  0.516  0.329  0.324
    RIL 118   0.525  0.491  0.468  0.452
    RIL 187   0.532  0.506  0.463  0.427
    Esp43     0.557  0.550  0.243  0.235

>>> design_lookup(aspect=""accession_panel"")
    panel membership for this experiment.
    genotype  panel_role
    --------  -------------
    86        core
    NIL 203   core
    RIL 118   core
    RIL 187   core
    Esp43     observational

OUTPUT FORMAT
Reply with exactly one line and nothing else:
ANSWER: <accession label exactly as it appears in the table>
","(db_lookup[74:237],design_lookup[237:290])",NIL 203,"(depends on: round 1 answer 200; the step is t200->t500; per-accession drop NIL 203:+0.187  RIL 187:+0.043  86:+0.040  RIL 118:+0.023 -> NIL 203; ablations: ranking without the panel table gives Esp43, which is observational)"
exp68-chain-0043-medium,3,cross_modality_peak,"ROUND 3 - TASK (cross_modality_peak)
For the accession identified in round 2: at which dose does its leaf area
(area_mm2) peak, and does that dose agree with where Fv/Fm_Lss peaked
in round 1?

RULES
1. More than one modality reports this trait. Use the one the
   dictionary marks primary; the other is a derived estimate.
2. A cell flagged empty_mask carries no usable area and cannot be
   the peak. low_mask_coverage is on nearly every row and is not a
   reason to discard.
3. The verdict is AGREES when the area peak falls on the dose from
   round 1, and DISAGREES otherwise. Report both parts.

TOOL OUTPUTS

>>> schema_lookup(trait=""area_mm2"")
    modalities reporting this trait.
    trait     modality  modality_role       unit  trait_role
    --------  --------  ------------------  ----  ----------
    area_mm2  rgb2      top-view RGB        mm2   primary
    area_mm2  vnir      VNIR hyperspectral  mm2   derived

>>> qc_lookup(table=""rgb2_features"", select=[""genotype"", ""treatment"", ""flag""], where=""flag='empty_mask'"")
    cells voided by empty_mask.
    genotype  treatment  flag
    --------  ---------  ----------
    NIL 203   50         empty_mask
    Esp43     200        empty_mask

>>> db_lookup(table=""features"", select=[""modality"", ""genotype"", ""mean_area_mm2""], where=""trait='area_mm2'"", group_by=[""modality"", ""genotype"", ""treatment""])
    mean area_mm2 by modality and accession, one column per treatment.
    modality  genotype  t50    t100   t200   t500
    --------  --------  -----  -----  -----  -----
    rgb2      NIL 203   24.68  10.82  20.18  11.48
    rgb2      Esp43     12.47  13.05  15.60  24.48
    rgb2      RIL 187   15.63  24.34  14.99  13.03
    rgb2      RIL 118   20.36  11.84  8.57   6.61
    vnir      NIL 203   15.22  7.96   6.10   5.67
    vnir      Esp43     10.51  18.23  11.01  9.59
    vnir      RIL 187   10.11  10.88  18.14  10.43
    vnir      RIL 118   8.28   15.35  7.79   6.65

OUTPUT FORMAT
Reply with exactly one line and nothing else:
ANSWER: <dose in mg kg-1, digits only>; <AGREES or DISAGREES>
","(schema_lookup[126:209],qc_lookup[209:288],db_lookup[288:513])",200; AGREES,(depends on: round 2 answer NIL 203 and round 1 answer 200; on the rgb2 row for NIL 203 the largest usable cell is t200 -> 200; AGREES; ablations: reading the vnir rows gives 50; DISAGREES; ignoring empty_mask gives 50; DISAGREES)
exp68-chain-0043-medium,4,modality_coverage,"ROUND 4 - TASK (modality_coverage)
For the accession identified in round 2: which modalities hold usable feature
rows for it in this experiment?

RULES
1. A modality never scheduled for this experiment does not count,
   even if rows for it exist: those were carried over.
2. List the modalities in the column order of the store table.

TOOL OUTPUTS

>>> design_lookup(aspect=""imaging_rounds"")
    imaging rounds scheduled per modality for this experiment.
    modality  records                   rounds_scheduled
    --------  ------------------------  ----------------
    fc1       chlorophyll fluorescence  48
    rgb2      top-view RGB              41
    msc1      multispectral             56
    vnir      VNIR hyperspectral        0
    swir      SWIR hyperspectral        21
    s3d       3-D structural scan       29

>>> db_lookup(table=""features"", select=[""genotype"", ""modality"", ""n_rows""], group_by=[""genotype"", ""modality""])
    feature rows per accession, one column per modality.
    genotype  fc1  rgb2  msc1  vnir  swir  s3d
    --------  ---  ----  ----  ----  ----  ---
    NIL 203   42   55    59    36    47    0
    Esp43     39   60    58    0     0     47
    RIL 187   33   66    65    0     0     0
    RIL 118   0    58    59    0     27    39

OUTPUT FORMAT
Reply with exactly one line and nothing else:
ANSWER: <modalities, comma separated, in table column order>
","(design_lookup[69:168],db_lookup[168:285])","fc1, rgb2, msc1, swir","(depends on: round 2 answer NIL 203; that row is non-zero for fc1, rgb2, msc1, vnir, swir, but vnir was never scheduled -> fc1, rgb2, msc1, swir; ablations: ignoring the schedule gives fc1, rgb2, msc1, vnir, swir)"
exp92-chain-0044-hard,1,dose_response_shape,"SESSION
You are analysing experiment 92 at the Weston phenotyping facility: a zinc (Zn)
dose series on 6 Arabidopsis thaliana (arabidopsis) accessions at 0, 10, 50, 100,
500 and 1000 mg kg-1, imaged over 28 days in six modalities.

This is a 7-round investigation. Each round gives you the results of the tool
calls it needs, already run; how many there are varies by round. Later rounds
build on what you established earlier and will not repeat it, so keep your own
answers.

TOOLS (results are inlined; you cannot issue new calls)
  db_lookup(table=, select=, where=, group_by=)   the measurement store
  schema_lookup(trait=)                           which modality records a trait, and in what unit
  qc_lookup(table=, select=, where=)              flags, exclusions, usable counts
  design_lookup(aspect=)                          the protocol: dose series, accession panel,
                                                  imaging rounds, replication plan
  literature_lookup(species=, property=)          published claims
  embedding_lookup(space=, query=, k=)            nearest accessions by profile similarity

TERMS
  treatment        the zinc dose, in mg kg-1
  genotype         the accession label
  Fv/Fm_Lss        photosystem-II efficiency, from the fc1 modality
  area_mm2         leaf area
  n_plants         distinct plants behind a cell
  round_to_round   variance of an accession's per-round means
  within_round     variance between plants inside one imaging round

ROUND 1 - TASK (dose_response_shape)
At which zinc dose does mean Fv/Fm_Lss peak across the panel?

RULES
1. Two rows in the store carry a similar trait name. Only the
   plant-level trait is the panel measurement; the dictionary says
   which that is.
2. A treatment cell must clear the usable-plant floor in the quality
   gate before it can be called a peak.
3. Judge the curve as a whole, not a single cell.

TOOL OUTPUTS

>>> schema_lookup(trait=""Fv/Fm_Lss"")
    trait dictionary: where the trait lives and at what entity level.
    trait          modality  table       unit  entity_level
    -------------  --------  ----------  ----  ------------
    Fv/Fm_Lss      fc1       fc1_values  a.u.  plant
    avg_Fv/Fm_Lss  fc1       fc1_values  a.u.  region

>>> qc_lookup(table=""fc1_values"", select=[""treatment"", ""n_plants_usable""], where=""trait='Fv/Fm_Lss'"")
    plants surviving QC per treatment; the floor for a panel claim is 15.
    treatment  n_plants_usable
    ---------  ---------------
    0          4
    10         49
    50         51
    100        54
    500        54
    1000       48

>>> db_lookup(table=""fc1_values"", select=[""trait"", ""mean_value""], where=""experiment_id=92"", group_by=[""trait"", ""treatment""])
    mean value by trait, one column per treatment (mg kg-1).
    trait          t0     t10    t50    t100   t500   t1000
    -------------  -----  -----  -----  -----  -----  -----
    Fv/Fm_Lss      0.565  0.517  0.531  0.493  0.465  0.412
    avg_Fv/Fm_Lss  0.469  0.467  0.469  0.430  0.396  0.555

OUTPUT FORMAT
Reply with exactly one line and nothing else:
ANSWER: <dose in mg kg-1, digits only>
","(schema_lookup[358:456],qc_lookup[456:544],db_lookup[544:695])",50,(depends on: -; the plant-level Fv/Fm_Lss row peaks at 0.531 on t50 -> 50; ablations: reading the alias row gives 1000; ignoring the quality gate gives 0 on 4 plants)
exp92-chain-0044-hard,2,transition_sensitivity,"ROUND 2 - TASK (transition_sensitivity)
Starting from the zinc dose you identified in round 1, which accession
loses the most Fv/Fm_Lss when the dose is raised to the next level of the
design series?

RULES
1. The store also holds a pilot dose that is not a level of the
   design series. The next level is the next one in the design
   table, which need not be the next column.
2. Only accessions in the core panel can be ranked; observational
   ones are carried for reference.
3. Compare each accession against itself across the two doses.

TOOL OUTPUTS

>>> design_lookup(aspect=""dose_series"")
    the design levels, in order. Doses absent here are pilot cells.
    level  treatment
    -----  ---------
    1      0
    2      10
    3      50
    4      100
    5      500
    6      1000

>>> db_lookup(table=""fc1_values"", select=[""genotype"", ""mean_value""], where=""trait='Fv/Fm_Lss'"", group_by=[""genotype"", ""treatment""])
    mean Fv/Fm_Lss by accession, one column per treatment in the store.
    genotype   t10    t50    t75    t100
    ---------  -----  -----  -----  -----
    Esp32      0.553  0.528  0.501  0.472
    MAGIC 232  0.552  0.531  0.358  0.342
    ISU 348    0.556  0.524  0.481  0.283
    93         0.549  0.507  0.496  0.477
    89         0.556  0.546  0.529  0.229

>>> design_lookup(aspect=""accession_panel"")
    panel membership for this experiment.
    genotype   panel_role
    ---------  -------------
    Esp32      core
    MAGIC 232  core
    ISU 348    core
    93         core
    89         observational

OUTPUT FORMAT
Reply with exactly one line and nothing else:
ANSWER: <accession label exactly as it appears in the table>
","(design_lookup[113:166],db_lookup[166:329],design_lookup[329:382])",ISU 348,"(depends on: round 1 answer 50; the step is t50->t100, not the adjacent column t75 which is a pilot cell; per-accession drop ISU 348:+0.241  MAGIC 232:+0.189  Esp32:+0.056  93:+0.030 -> ISU 348; ablations: stepping to the next column instead of the next design level gives MAGIC 232; ranking without the panel table gives 89, which is observational)"
exp92-chain-0044-hard,3,cross_modality_peak,"ROUND 3 - TASK (cross_modality_peak)
For the accession identified in round 2: at which dose does its leaf area
(area_mm2) peak, and does that dose agree with where Fv/Fm_Lss peaked
in round 1?

RULES
1. More than one modality reports this trait. Use the one the
   dictionary marks primary; the other is a derived estimate.
2. A cell flagged empty_mask carries no usable area and cannot be
   the peak. low_mask_coverage is on nearly every row and is not a
   reason to discard.
3. The verdict is AGREES when the area peak falls on the dose from
   round 1, and DISAGREES otherwise. Report both parts.

TOOL OUTPUTS

>>> qc_lookup(table=""rgb2_features"", select=[""genotype"", ""treatment"", ""flag""], where=""flag='empty_mask'"")
    cells voided by empty_mask.
    genotype  treatment  flag
    --------  ---------  ----------
    ISU 348   500        empty_mask
    89        0          empty_mask

>>> db_lookup(table=""features"", select=[""modality"", ""genotype"", ""mean_area_mm2""], where=""trait='area_mm2'"", group_by=[""modality"", ""genotype"", ""treatment""])
    mean area_mm2 by modality and accession, one column per treatment.
    modality  genotype  t0     t50    t500   t1000
    --------  --------  -----  -----  -----  -----
    rgb2      ISU 348   8.67   18.02  22.52  6.47
    rgb2      89        21.00  11.73  9.64   7.46
    rgb2      Esp32     8.71   10.60  19.96  10.97
    rgb2      93        9.42   9.71   11.87  20.80
    vnir      ISU 348   3.82   5.27   6.20   13.72
    vnir      89        6.64   8.26   15.80  8.57
    vnir      Esp32     15.07  7.71   6.86   4.49
    vnir      93        15.66  8.08   7.00   5.30

>>> schema_lookup(trait=""area_mm2"")
    modalities reporting this trait.
    trait     modality  modality_role       unit  trait_role
    --------  --------  ------------------  ----  ----------
    area_mm2  rgb2      top-view RGB        mm2   primary
    area_mm2  vnir      VNIR hyperspectral  mm2   derived

OUTPUT FORMAT
Reply with exactly one line and nothing else:
ANSWER: <dose in mg kg-1, digits only>; <AGREES or DISAGREES>
","(qc_lookup[126:205],db_lookup[205:426],schema_lookup[426:509])",50; AGREES,(depends on: round 2 answer ISU 348 and round 1 answer 50; on the rgb2 row for ISU 348 the largest usable cell is t50 -> 50; AGREES; ablations: reading the vnir rows gives 1000; DISAGREES; ignoring empty_mask gives 500; DISAGREES)
exp92-chain-0044-hard,4,modality_coverage,"ROUND 4 - TASK (modality_coverage)
For the accession identified in round 2: which modalities hold usable feature
rows for it in this experiment?

RULES
1. A modality never scheduled for this experiment does not count,
   even if rows for it exist: those were carried over.
2. A modality whose rows are all flagged holds nothing usable.
3. List the modalities in the column order of the store table.

TOOL OUTPUTS

>>> db_lookup(table=""features"", select=[""genotype"", ""modality"", ""n_rows""], group_by=[""genotype"", ""modality""])
    feature rows per accession, one column per modality.
    genotype  fc1  rgb2  msc1  vnir  swir  s3d
    --------  ---  ----  ----  ----  ----  ---
    ISU 348   29   58    64    0     15    0
    89        44   59    67    0     0     30
    Esp32     0    60    64    14    0     21
    93        27   64    63    36    0     0

>>> qc_lookup(table=""features"", select=[""genotype"", ""modality"", ""n_usable""], group_by=[""genotype"", ""modality""])
    rows surviving QC, one column per modality.
    genotype  fc1  rgb2  msc1  vnir  swir  s3d
    --------  ---  ----  ----  ----  ----  ---
    ISU 348   0    55    64    0     13    0
    89        41   58    67    0     0     29
    Esp32     0    58    62    13    0     21
    93        25   63    61    35    0     0

>>> design_lookup(aspect=""imaging_rounds"")
    imaging rounds scheduled per modality for this experiment.
    modality  records                   rounds_scheduled
    --------  ------------------------  ----------------
    fc1       chlorophyll fluorescence  39
    rgb2      top-view RGB              58
    msc1      multispectral             35
    vnir      VNIR hyperspectral        57
    swir      SWIR hyperspectral        0
    s3d       3-D structural scan       45

OUTPUT FORMAT
Reply with exactly one line and nothing else:
ANSWER: <modalities, comma separated, in table column order>
","(db_lookup[82:197],qc_lookup[197:311],design_lookup[311:410])","rgb2, msc1","(depends on: round 2 answer ISU 348; that row is non-zero for fc1, rgb2, msc1, swir, but swir was never scheduled and fc1 has nothing left after QC -> rgb2, msc1; ablations: ignoring the schedule gives rgb2, msc1, swir; ignoring the quality gate gives fc1, rgb2, msc1)"
exp92-chain-0044-hard,5,power_check,"ROUND 5 - TASK (power_check)
For the accession identified in round 2, at the dose identified in round 1: is
that cell replicated well enough to carry a genotype-level claim, and on how
many plants does that verdict rest?

RULES
1. The count that matters is plants remaining after exclusions, not
   the raw count in the store.
2. The floor depends on the claim level and is set by this study's
   replication plan; do not assume a value.
3. Report the verdict and the count behind it.

TOOL OUTPUTS

>>> qc_lookup(table=""fc1_values"", select=[""genotype"", ""n_plants_excluded""], where=""flag IN ('empty_mask', 'sentinel')"")
    plants excluded per cell, one column per treatment.
    genotype  t10  t50  t75  t100
    --------  ---  ---  ---  ----
    ISU 348   1    3    4    1
    89        2    1    2    0
    Esp32     2    3    4    1
    93        1    4    2    1

>>> db_lookup(table=""fc1_values"", select=[""genotype"", ""n_plants""], group_by=[""genotype"", ""treatment""])
    plants recorded per accession, one column per treatment.
    genotype  t10  t50  t75  t100
    --------  ---  ---  ---  ----
    ISU 348   6    17   29   50
    89        14   26   49   12
    Esp32     13   19   34   55
    93        9    54   39   20

>>> design_lookup(aspect=""replication_plan"")
    minimum usable plants per claim level in this study.
    claim_level     min_usable_plants
    --------------  -----------------
    genotype-level  15
    panel-level     29

OUTPUT FORMAT
Reply with exactly one line and nothing else:
ANSWER: <WELL_REPLICATED or UNDERPOWERED>; <usable plants>
","(qc_lookup[107:203],db_lookup[203:295],design_lookup[295:357])",UNDERPOWERED; 14,"(depends on: round 2 answer ISU 348 and round 1 answer 50; the store holds 17 plants for that cell, qc_lookup removes 3, and the floor is 15 -> UNDERPOWERED; 14; ablations: skipping the exclusions gives WELL_REPLICATED; 17; assuming the conventional floor of 10 gives WELL_REPLICATED; 14)"
exp92-chain-0044-hard,6,variance_regime,"ROUND 6 - TASK (variance_regime)
Name the cell -- accession and dose -- at which the accession identified in
round 2 first shows round-to-round variance of Fv/Fm_Lss exceeding its
within-round variance.

RULES
1. The two variances come from separate queries; compare them cell by
   cell.
2. A cell built on fewer than 3 imaging rounds is not
   comparable and must be skipped, however its numbers look.
3. Report the first qualifying dose reading left to right, not the
   largest gap, and name the accession alongside it.

TOOL OUTPUTS

>>> qc_lookup(table=""fc1_values"", select=[""genotype"", ""n_rounds""], where=""trait='Fv/Fm_Lss'"")
    imaging rounds behind each cell, one column per treatment.
    genotype  t0  t10  t50  t100  t500  t1000
    --------  --  ---  ---  ----  ----  -----
    ISU 348   5   4    2    6     9     9
    89        7   6    7    7     5     8
    Esp32     6   5    4    6     7     7
    93        5   5    8    5     7     4

>>> db_lookup(table=""fc1_values"", select=[""genotype"", ""within_round""], where=""trait='Fv/Fm_Lss'"", group_by=[""genotype"", ""treatment""])
    within-round variance, one column per treatment.
    genotype  t0     t10    t50    t100   t500   t1000
    --------  -----  -----  -----  -----  -----  -----
    ISU 348   0.033  0.036  0.022  0.042  0.052  0.052
    89        0.044  0.045  0.060  0.037  0.044  0.068
    Esp32     0.034  0.051  0.055  0.066  0.054  0.066
    93        0.043  0.051  0.065  0.068  0.086  0.050

>>> db_lookup(table=""fc1_values"", select=[""genotype"", ""round_to_round""], where=""trait='Fv/Fm_Lss'"", group_by=[""genotype"", ""treatment""])
    round-to-round variance, one column per treatment.
    genotype  t0     t10    t50    t100   t500   t1000
    --------  -----  -----  -----  -----  -----  -----
    ISU 348   0.015  0.027  0.037  0.049  0.064  0.077
    89        0.015  0.027  0.037  0.050  0.064  0.074
    Esp32     0.014  0.027  0.040  0.050  0.064  0.075
    93        0.014  0.029  0.039  0.051  0.063  0.076

OUTPUT FORMAT
Reply with exactly one line and nothing else:
ANSWER: <accession>@<dose>
","(qc_lookup[111:222],db_lookup[222:401],db_lookup[401:582])",ISU 348@100,"(depends on: round 2 answer ISU 348; comparing the two variance tables cell by cell, ISU 348 first crosses at t50, but that cell rests on 2 imaging rounds, under the 3 needed, so the first comparable crossing is t100 -> ISU 348@100; ablations: taking the largest round-to-round value without the within-round table gives ISU 348@1000; ignoring the round counts gives ISU 348@50)"
exp92-chain-0044-hard,7,literature_audit,"ROUND 7 - TASK (literature_audit)
Three published claims are on file. Judge the one that concerns this
experiment's species against the accession identified in round 2, and say
which source you judged.

RULES
1. Exactly one source concerns the species under study here; the others
   are about different species and are not yours to judge.
2. OUT_OF_SCOPE if the source's studied dose range does not overlap
   this experiment's series: the claim cannot be tested here.
3. Otherwise SUPPORTED if the claimed peak matches that accession's own
   measured peak, CONTRADICTED if it does not.
4. Report the verdict and the source.

TOOL OUTPUTS

>>> design_lookup(aspect=""dose_series"")
    the design levels of this experiment, in order.
    level  treatment
    -----  ---------
    1      0
    2      10
    3      50
    4      100
    5      500
    6      1000

>>> db_lookup(table=""fc1_values"", select=[""genotype"", ""peak_treatment""], where=""trait='Fv/Fm_Lss'"", group_by=[""genotype""])
    the treatment at which each accession's own Fv/Fm_Lss is highest.
    genotype  peak_treatment
    --------  --------------
    ISU 348   50
    89        500
    Esp32     100
    93        0

>>> literature_lookup(species=""Arabidopsis thaliana"", property=""hormesis"")
    published peak-dose claims, with the dose range each study covered (mg kg-1).
    source            species               property  claimed_peak  range_studied
    ----------------  --------------------  --------  ------------  -------------
    lit:Nakagawa2021  Brassica napus        hormesis  0             0-1000
    lit:Weber2020     Arabidopsis thaliana  hormesis  4000          2000-8000
    lit:Kramer2021    Thlaspi arvense       hormesis  10            0-1000

OUTPUT FORMAT
Reply with exactly one line and nothing else:
ANSWER: <SUPPORTED, CONTRADICTED or OUT_OF_SCOPE>; <source id>
","(design_lookup[126:175],db_lookup[175:266],literature_lookup[266:408])",OUT_OF_SCOPE; lit:Weber2020,"(depends on: round 2 answer ISU 348; only lit:Weber2020 concerns Arabidopsis thaliana; it claims a peak at 4000 mg kg-1 over 2000-8000, against a series topping out at 1000 and a measured peak of 50 for that accession -> OUT_OF_SCOPE; lit:Weber2020; ablations: judging a source about another species gives CONTRADICTED; lit:Nakagawa2021; skipping the scope check gives CONTRADICTED; lit:Weber2020)"
exp74-chain-0045-low,1,dose_response_shape,"SESSION
You are analysing experiment 74 at the Weston phenotyping facility: a cobalt (Co)
dose series on 6 Arabidopsis thaliana (arabidopsis) accessions at 0, 20, 40, 80,
160 and 320 mg kg-1, imaged over 28 days in six modalities.

This is a 2-round investigation. Each round gives you the results of the tool
calls it needs, already run; how many there are varies by round. Later rounds
build on what you established earlier and will not repeat it, so keep your own
answers.

TOOLS (results are inlined; you cannot issue new calls)
  db_lookup(table=, select=, where=, group_by=)   the measurement store
  schema_lookup(trait=)                           which modality records a trait, and in what unit
  qc_lookup(table=, select=, where=)              flags, exclusions, usable counts
  design_lookup(aspect=)                          the protocol: dose series, accession panel,
                                                  imaging rounds, replication plan
  literature_lookup(species=, property=)          published claims
  embedding_lookup(space=, query=, k=)            nearest accessions by profile similarity

TERMS
  treatment        the cobalt dose, in mg kg-1
  genotype         the accession label
  Fv/Fm_Lss        photosystem-II efficiency, from the fc1 modality
  area_mm2         leaf area
  n_plants         distinct plants behind a cell
  round_to_round   variance of an accession's per-round means
  within_round     variance between plants inside one imaging round

ROUND 1 - TASK (dose_response_shape)
At which cobalt dose does mean Fv/Fm_Lss peak across the panel?

RULES
1. Two rows in the store carry a similar trait name. Only the
   plant-level trait is the panel measurement; the dictionary says
   which that is.
2. Judge the curve as a whole, not a single cell.

TOOL OUTPUTS

>>> schema_lookup(trait=""Fv/Fm_Lss"")
    trait dictionary: where the trait lives and at what entity level.
    trait          modality  table       unit  entity_level
    -------------  --------  ----------  ----  ------------
    Fv/Fm_Lss      fc1       fc1_values  a.u.  plant
    avg_Fv/Fm_Lss  fc1       fc1_values  a.u.  region

>>> db_lookup(table=""fc1_values"", select=[""trait"", ""mean_value""], where=""experiment_id=74"", group_by=[""trait"", ""treatment""])
    mean value by trait, one column per treatment (mg kg-1).
    trait          t0     t20    t40    t80    t160   t320
    -------------  -----  -----  -----  -----  -----  -----
    Fv/Fm_Lss      0.498  0.490  0.518  0.531  0.495  0.459
    avg_Fv/Fm_Lss  0.556  0.439  0.409  0.432  0.414  0.468

OUTPUT FORMAT
Reply with exactly one line and nothing else:
ANSWER: <dose in mg kg-1, digits only>
","(schema_lookup[334:432],db_lookup[432:583])",80,(depends on: -; the plant-level Fv/Fm_Lss row peaks at 0.531 on t80 -> 80; ablations: reading the alias row gives 0)
exp74-chain-0045-low,2,transition_sensitivity,"ROUND 2 - TASK (transition_sensitivity)
Starting from the cobalt dose you identified in round 1, which accession
loses the most Fv/Fm_Lss when the dose is raised to the next level of the
design series?

RULES
1. The store also holds a pilot dose that is not a level of the
   design series. The next level is the next one in the design
   table, which need not be the next column.
2. Compare each accession against itself across the two doses.

TOOL OUTPUTS

>>> design_lookup(aspect=""dose_series"")
    the design levels, in order. Doses absent here are pilot cells.
    level  treatment
    -----  ---------
    1      0
    2      20
    3      40
    4      80
    5      160
    6      320

>>> db_lookup(table=""fc1_values"", select=[""genotype"", ""mean_value""], where=""trait='Fv/Fm_Lss'"", group_by=[""genotype"", ""treatment""])
    mean Fv/Fm_Lss by accession, one column per treatment in the store.
    genotype  t20    t80    t120   t160
    --------  -----  -----  -----  -----
    65        0.524  0.515  0.499  0.483
    RIL 66    0.544  0.507  0.500  0.459
    ISU 274   0.543  0.537  0.483  0.270
    NIL 135   0.550  0.520  0.358  0.340

OUTPUT FORMAT
Reply with exactly one line and nothing else:
ANSWER: <accession label exactly as it appears in the table>
","(design_lookup[94:147],db_lookup[147:297])",ISU 274,"(depends on: round 1 answer 80; the step is t80->t160, not the adjacent column t120 which is a pilot cell; per-accession drop ISU 274:+0.267  NIL 135:+0.180  RIL 66:+0.048  65:+0.032 -> ISU 274; ablations: stepping to the next column instead of the next design level gives NIL 135)"
exp96-chain-0046-hard,1,dose_response_shape,"SESSION
You are analysing experiment 96 at the Weston phenotyping facility: a cobalt (Co)
dose series on 6 Brassica napus (oilseed rape) accessions at 0, 20, 40, 80, 160
and 320 mg kg-1, imaged over 28 days in six modalities.

This is a 6-round investigation. Each round gives you the results of the tool
calls it needs, already run; how many there are varies by round. Later rounds
build on what you established earlier and will not repeat it, so keep your own
answers.

TOOLS (results are inlined; you cannot issue new calls)
  db_lookup(table=, select=, where=, group_by=)   the measurement store
  schema_lookup(trait=)                           which modality records a trait, and in what unit
  qc_lookup(table=, select=, where=)              flags, exclusions, usable counts
  design_lookup(aspect=)                          the protocol: dose series, accession panel,
                                                  imaging rounds, replication plan
  literature_lookup(species=, property=)          published claims
  embedding_lookup(space=, query=, k=)            nearest accessions by profile similarity

TERMS
  treatment        the cobalt dose, in mg kg-1
  genotype         the accession label
  Fv/Fm_Lss        photosystem-II efficiency, from the fc1 modality
  area_mm2         leaf area
  n_plants         distinct plants behind a cell
  round_to_round   variance of an accession's per-round means
  within_round     variance between plants inside one imaging round

ROUND 1 - TASK (dose_response_shape)
At which cobalt dose does mean Fv/Fm_Lss peak across the panel?

RULES
1. Two rows in the store carry a similar trait name. Only the
   plant-level trait is the panel measurement; the dictionary says
   which that is.
2. A treatment cell must clear the usable-plant floor in the quality
   gate before it can be called a peak.
3. Judge the curve as a whole, not a single cell.

TOOL OUTPUTS

>>> schema_lookup(trait=""Fv/Fm_Lss"")
    trait dictionary: where the trait lives and at what entity level.
    trait          modality  table       unit  entity_level
    -------------  --------  ----------  ----  ------------
    Fv/Fm_Lss      fc1       fc1_values  a.u.  plant
    avg_Fv/Fm_Lss  fc1       fc1_values  a.u.  region

>>> db_lookup(table=""fc1_values"", select=[""trait"", ""mean_value""], where=""experiment_id=96"", group_by=[""trait"", ""treatment""])
    mean value by trait, one column per treatment (mg kg-1).
    trait          t0     t20    t40    t80    t160   t320
    -------------  -----  -----  -----  -----  -----  -----
    Fv/Fm_Lss      0.553  0.519  0.533  0.495  0.468  0.454
    avg_Fv/Fm_Lss  0.461  0.433  0.461  0.391  0.428  0.582

>>> qc_lookup(table=""fc1_values"", select=[""treatment"", ""n_plants_usable""], where=""trait='Fv/Fm_Lss'"")
    plants surviving QC per treatment; the floor for a panel claim is 10.
    treatment  n_plants_usable
    ---------  ---------------
    0          4
    20         50
    40         50
    80         57
    160        51
    320        52

OUTPUT FORMAT
Reply with exactly one line and nothing else:
ANSWER: <dose in mg kg-1, digits only>
","(schema_lookup[359:457],db_lookup[457:608],qc_lookup[608:696])",40,(depends on: -; the plant-level Fv/Fm_Lss row peaks at 0.533 on t40 -> 40; ablations: reading the alias row gives 320; ignoring the quality gate gives 0 on 4 plants)
exp96-chain-0046-hard,2,transition_sensitivity,"ROUND 2 - TASK (transition_sensitivity)
Starting from the cobalt dose you identified in round 1, which accession
loses the most Fv/Fm_Lss when the dose is raised to the next level of the
design series?

RULES
1. The store also holds a pilot dose that is not a level of the
   design series. The next level is the next one in the design
   table, which need not be the next column.
2. Only accessions in the core panel can be ranked; observational
   ones are carried for reference.
3. Compare each accession against itself across the two doses.

TOOL OUTPUTS

>>> db_lookup(table=""fc1_values"", select=[""genotype"", ""mean_value""], where=""trait='Fv/Fm_Lss'"", group_by=[""genotype"", ""treatment""])
    mean Fv/Fm_Lss by accession, one column per treatment in the store.
    genotype   t20    t40    t60    t80
    ---------  -----  -----  -----  -----
    RIL 368    0.554  0.512  0.359  0.347
    54         0.521  0.515  0.492  0.449
    MAGIC 168  0.535  0.518  0.511  0.200
    Esp44      0.529  0.488  0.451  0.243
    45         0.528  0.511  0.482  0.463

>>> design_lookup(aspect=""accession_panel"")
    panel membership for this experiment.
    genotype   panel_role
    ---------  -------------
    RIL 368    core
    54         core
    MAGIC 168  observational
    Esp44      core
    45         core

>>> design_lookup(aspect=""dose_series"")
    the design levels, in order. Doses absent here are pilot cells.
    level  treatment
    -----  ---------
    1      0
    2      20
    3      40
    4      80
    5      160
    6      320

OUTPUT FORMAT
Reply with exactly one line and nothing else:
ANSWER: <accession label exactly as it appears in the table>
","(db_lookup[113:276],design_lookup[276:329],design_lookup[329:382])",Esp44,"(depends on: round 1 answer 40; the step is t40->t80, not the adjacent column t60 which is a pilot cell; per-accession drop Esp44:+0.245  RIL 368:+0.165  54:+0.066  45:+0.048 -> Esp44; ablations: stepping to the next column instead of the next design level gives RIL 368; ranking without the panel table gives MAGIC 168, which is observational)"
exp96-chain-0046-hard,3,cross_modality_peak,"ROUND 3 - TASK (cross_modality_peak)
For the accession identified in round 2: at which dose does its leaf area
(area_mm2) peak, and does that dose agree with where Fv/Fm_Lss peaked
in round 1?

RULES
1. More than one modality reports this trait. Use the one the
   dictionary marks primary; the other is a derived estimate.
2. A cell flagged empty_mask carries no usable area and cannot be
   the peak. low_mask_coverage is on nearly every row and is not a
   reason to discard.
3. The verdict is AGREES when the area peak falls on the dose from
   round 1, and DISAGREES otherwise. Report both parts.

TOOL OUTPUTS

>>> db_lookup(table=""features"", select=[""modality"", ""genotype"", ""mean_area_mm2""], where=""trait='area_mm2'"", group_by=[""modality"", ""genotype"", ""treatment""])
    mean area_mm2 by modality and accession, one column per treatment.
    modality  genotype   t0     t20    t40
    --------  ---------  -----  -----  -----
    rgb2      Esp44      21.04  12.33  25.54
    rgb2      MAGIC 168  13.66  22.87  14.20
    rgb2      45         7.82   9.88   18.49
    rgb2      54         14.87  24.24  15.60
    vnir      Esp44      8.04   15.83  8.73
    vnir      MAGIC 168  9.02   9.64   17.11
    vnir      45         6.81   14.04  6.56
    vnir      54         18.07  10.53  8.98

>>> schema_lookup(trait=""area_mm2"")
    modalities reporting this trait.
    trait     modality  modality_role       unit  trait_role
    --------  --------  ------------------  ----  ----------
    area_mm2  rgb2      top-view RGB        mm2   primary
    area_mm2  vnir      VNIR hyperspectral  mm2   derived

>>> qc_lookup(table=""rgb2_features"", select=[""genotype"", ""treatment"", ""flag""], where=""flag='empty_mask'"")
    cells voided by empty_mask.
    genotype   treatment  flag
    ---------  ---------  ----------
    Esp44      40         empty_mask
    MAGIC 168  0          empty_mask

OUTPUT FORMAT
Reply with exactly one line and nothing else:
ANSWER: <dose in mg kg-1, digits only>; <AGREES or DISAGREES>
","(db_lookup[126:318],schema_lookup[318:401],qc_lookup[401:481])",0; DISAGREES,(depends on: round 2 answer Esp44 and round 1 answer 40; on the rgb2 row for Esp44 the largest usable cell is t0 -> 0; DISAGREES; ablations: reading the vnir rows gives 20; DISAGREES; ignoring empty_mask gives 40; AGREES)
exp96-chain-0046-hard,4,modality_coverage,"ROUND 4 - TASK (modality_coverage)
For the accession identified in round 2: which modalities hold usable feature
rows for it in this experiment?

RULES
1. A modality never scheduled for this experiment does not count,
   even if rows for it exist: those were carried over.
2. A modality whose rows are all flagged holds nothing usable.
3. List the modalities in the column order of the store table.

TOOL OUTPUTS

>>> qc_lookup(table=""features"", select=[""genotype"", ""modality"", ""n_usable""], group_by=[""genotype"", ""modality""])
    rows surviving QC, one column per modality.
    genotype   fc1  rgb2  msc1  vnir  swir  s3d
    ---------  ---  ----  ----  ----  ----  ---
    Esp44      47   53    66    0     0     22
    MAGIC 168  16   57    66    0     0     0
    45         0    53    62    0     43    0
    54         32   61    61    0     0     0

>>> qc_lookup(table=""features"", select=[""flag"", ""n_rows""], group_by=[""flag""])
    flag totals over the whole experiment.
    flag               n_rows
    -----------------  ------
    low_mask_coverage  3804
    empty_mask         31
    sentinel           19

>>> db_lookup(table=""features"", select=[""genotype"", ""modality"", ""n_rows""], group_by=[""genotype"", ""modality""])
    feature rows per accession, one column per modality.
    genotype   fc1  rgb2  msc1  vnir  swir  s3d
    ---------  ---  ----  ----  ----  ----  ---
    Esp44      47   55    67    21    0     22
    MAGIC 168  17   58    66    0     0     0
    45         0    56    64    0     45    0
    54         34   63    63    0     0     0

>>> design_lookup(aspect=""imaging_rounds"")
    imaging rounds scheduled per modality for this experiment.
    modality  records                   rounds_scheduled
    --------  ------------------------  ----------------
    fc1       chlorophyll fluorescence  55
    rgb2      top-view RGB              61
    msc1      multispectral             38
    vnir      VNIR hyperspectral        57
    swir      SWIR hyperspectral        47
    s3d       3-D structural scan       0

OUTPUT FORMAT
Reply with exactly one line and nothing else:
ANSWER: <modalities, comma separated, in table column order>
","(qc_lookup[82:197],qc_lookup[197:266],db_lookup[266:382],design_lookup[382:481])","fc1, rgb2, msc1","(depends on: round 2 answer Esp44; that row is non-zero for fc1, rgb2, msc1, vnir, s3d, but s3d was never scheduled and vnir has nothing left after QC -> fc1, rgb2, msc1; ablations: ignoring the schedule gives fc1, rgb2, msc1, s3d; ignoring the quality gate gives fc1, rgb2, msc1, vnir)"
exp96-chain-0046-hard,5,analogue_search,"ROUND 5 - TASK (analogue_search)
For the accession identified in round 2: which accession is its nearest
analogue by Fv/Fm_Lss dose-response profile, and does that analogue's own
peak fall on the dose you identified in round 1?

RULES
1. Take the nearest neighbour that is eligible: observational
   accessions cannot be analogues.
2. Neighbours are listed in descending similarity.
3. Report the analogue, then MATCHES if its own peak is the dose from
   round 1 and DIVERGES if it is not.

TOOL OUTPUTS

>>> embedding_lookup(space=""dose_response_profile"", query=""panel"", k=3)
    nearest accessions by Fv/Fm_Lss profile, for every panel member.
    genotype   neighbour_1        neighbour_2    neighbour_3
    ---------  -----------------  -------------  -----------
    Esp44      MAGIC 168 (0.965)  54 (0.886)     45 (0.799)
    MAGIC 168  45 (0.874)         Esp44 (0.817)  54 (0.633)
    45         MAGIC 168 (0.949)  Esp44 (0.816)  54 (0.630)
    54         MAGIC 168 (0.948)  Esp44 (0.819)  45 (0.625)

>>> db_lookup(table=""fc1_values"", select=[""genotype"", ""peak_treatment""], where=""trait='Fv/Fm_Lss'"", group_by=[""genotype""])
    the treatment at which each accession's own Fv/Fm_Lss is highest.
    genotype   peak_treatment
    ---------  --------------
    Esp44      40
    MAGIC 168  20
    45         40
    54         40

>>> design_lookup(aspect=""accession_panel"")
    panel membership for this experiment.
    genotype   panel_role
    ---------  -------------
    Esp44      core
    MAGIC 168  observational
    45         core
    54         core

OUTPUT FORMAT
Reply with exactly one line and nothing else:
ANSWER: <accession label>; <MATCHES or DIVERGES>
","(embedding_lookup[101:269],db_lookup[269:361],design_lookup[361:411])",54; MATCHES,"(depends on: round 2 answer Esp44 and round 1 answer 40; the nearest eligible analogue is 54, whose own peak is t40 -> 54; MATCHES; ablations: taking the nearest neighbour regardless of panel role gives MAGIC 168; DIVERGES)"
exp96-chain-0046-hard,6,variance_regime,"ROUND 6 - TASK (variance_regime)
Name the cell -- accession and dose -- at which the accession identified in
round 2 first shows round-to-round variance of Fv/Fm_Lss exceeding its
within-round variance.

RULES
1. The two variances come from separate queries; compare them cell by
   cell.
2. A cell built on fewer than 3 imaging rounds is not
   comparable and must be skipped, however its numbers look.
3. Report the first qualifying dose reading left to right, not the
   largest gap, and name the accession alongside it.

TOOL OUTPUTS

>>> db_lookup(table=""fc1_values"", select=[""genotype"", ""within_round""], where=""trait='Fv/Fm_Lss'"", group_by=[""genotype"", ""treatment""])
    within-round variance, one column per treatment.
    genotype   t0     t20    t40    t80    t160   t320
    ---------  -----  -----  -----  -----  -----  -----
    Esp44      0.025  0.010  0.031  0.025  0.037  0.062
    MAGIC 168  0.024  0.054  0.012  0.047  0.041  0.052
    45         0.036  0.058  0.068  0.072  0.072  0.052
    54         0.031  0.052  0.051  0.074  0.048  0.055

>>> qc_lookup(table=""fc1_values"", select=[""genotype"", ""n_rounds""], where=""trait='Fv/Fm_Lss'"")
    imaging rounds behind each cell, one column per treatment.
    genotype   t0  t20  t40  t80  t160  t320
    ---------  --  ---  ---  ---  ----  ----
    Esp44      9   2    5    7    8     6
    MAGIC 168  5   7    5    8    5     4
    45         4   7    9    8    5     6
    54         8   6    9    9    4     5

>>> db_lookup(table=""fc1_values"", select=[""genotype"", ""round_to_round""], where=""trait='Fv/Fm_Lss'"", group_by=[""genotype"", ""treatment""])
    round-to-round variance, one column per treatment.
    genotype   t0     t20    t40    t80    t160   t320
    ---------  -----  -----  -----  -----  -----  -----
    Esp44      0.013  0.027  0.040  0.052  0.065  0.075
    MAGIC 168  0.015  0.028  0.037  0.053  0.064  0.076
    45         0.013  0.028  0.041  0.050  0.062  0.074
    54         0.016  0.027  0.037  0.053  0.063  0.076

OUTPUT FORMAT
Reply with exactly one line and nothing else:
ANSWER: <accession>@<dose>
","(db_lookup[111:291],qc_lookup[291:401],db_lookup[401:583])",Esp44@40,"(depends on: round 2 answer Esp44; comparing the two variance tables cell by cell, Esp44 first crosses at t20, but that cell rests on 2 imaging rounds, under the 3 needed, so the first comparable crossing is t40 -> Esp44@40; ablations: taking the largest round-to-round value without the within-round table gives Esp44@320; ignoring the round counts gives Esp44@20)"
exp69-chain-0047-low,1,dose_response_shape,"SESSION
You are analysing experiment 69 at the Ashfield phenotyping facility: a copper
(Cu) dose series on 6 Arabidopsis thaliana (arabidopsis) accessions at 0, 50, 100,
200, 500 and 1000 mg kg-1, imaged over 28 days in six modalities.

This is a 2-round investigation. Each round gives you the results of the tool
calls it needs, already run; how many there are varies by round. Later rounds
build on what you established earlier and will not repeat it, so keep your own
answers.

TOOLS (results are inlined; you cannot issue new calls)
  db_lookup(table=, select=, where=, group_by=)   the measurement store
  schema_lookup(trait=)                           which modality records a trait, and in what unit
  qc_lookup(table=, select=, where=)              flags, exclusions, usable counts
  design_lookup(aspect=)                          the protocol: dose series, accession panel,
                                                  imaging rounds, replication plan
  literature_lookup(species=, property=)          published claims
  embedding_lookup(space=, query=, k=)            nearest accessions by profile similarity

TERMS
  treatment        the copper dose, in mg kg-1
  genotype         the accession label
  Fv/Fm_Lss        photosystem-II efficiency, from the fc1 modality
  area_mm2         leaf area
  n_plants         distinct plants behind a cell
  round_to_round   variance of an accession's per-round means
  within_round     variance between plants inside one imaging round

ROUND 1 - TASK (dose_response_shape)
At which copper dose does mean Fv/Fm_Lss peak across the panel?

RULES
1. Judge the curve as a whole, not a single cell.

TOOL OUTPUTS

>>> db_lookup(table=""fc1_values"", select=[""trait"", ""mean_value""], where=""experiment_id=69"", group_by=[""trait"", ""treatment""])
    mean value by trait, one column per treatment (mg kg-1).
    trait      t0     t50    t100   t200   t500   t1000
    ---------  -----  -----  -----  -----  -----  -----
    Fv/Fm_Lss  0.470  0.483  0.505  0.519  0.483  0.450

OUTPUT FORMAT
Reply with exactly one line and nothing else:
ANSWER: <dose in mg kg-1, digits only>
",(db_lookup[303:429]),200,(depends on: -; the plant-level Fv/Fm_Lss row peaks at 0.519 on t200 -> 200; no complications at this tier)
exp69-chain-0047-low,2,transition_sensitivity,"ROUND 2 - TASK (transition_sensitivity)
Starting from the copper dose you identified in round 1, which accession
loses the most Fv/Fm_Lss when the dose is raised to the next level of the
design series?

RULES
1. Only accessions in the core panel can be ranked; observational
   ones are carried for reference.
2. Compare each accession against itself across the two doses.

TOOL OUTPUTS

>>> design_lookup(aspect=""accession_panel"")
    panel membership for this experiment.
    genotype   panel_role
    ---------  -------------
    MAGIC 128  core
    ISU 73     core
    53         observational
    MAGIC 78   core
    Ecm42      core

>>> db_lookup(table=""fc1_values"", select=[""genotype"", ""mean_value""], where=""trait='Fv/Fm_Lss'"", group_by=[""genotype"", ""treatment""])
    mean Fv/Fm_Lss by accession, one column per treatment in the store.
    genotype   t100   t200   t500   t1000
    ---------  -----  -----  -----  -----
    MAGIC 128  0.528  0.496  0.469  0.461
    ISU 73     0.557  0.538  0.326  0.309
    53         0.557  0.533  0.210  0.186
    MAGIC 78   0.538  0.515  0.491  0.455
    Ecm42      0.542  0.536  0.496  0.487

OUTPUT FORMAT
Reply with exactly one line and nothing else:
ANSWER: <accession label exactly as it appears in the table>
","(design_lookup[74:128],db_lookup[128:292])",ISU 73,"(depends on: round 1 answer 200; the step is t200->t500; per-accession drop ISU 73:+0.212  Ecm42:+0.040  MAGIC 128:+0.027  MAGIC 78:+0.024 -> ISU 73; ablations: ranking without the panel table gives 53, which is observational)"
exp169-chain-0048-medium,1,dose_response_shape,"SESSION
You are analysing experiment 169 at the Norwood phenotyping facility: a nickel
(Ni) dose series on 6 Camelina sativa (camelina) accessions at 0, 50, 100, 200,
500 and 1000 mg kg-1, imaged over 28 days in six modalities.

This is a 4-round investigation. Each round gives you the results of the tool
calls it needs, already run; how many there are varies by round. Later rounds
build on what you established earlier and will not repeat it, so keep your own
answers.

TOOLS (results are inlined; you cannot issue new calls)
  db_lookup(table=, select=, where=, group_by=)   the measurement store
  schema_lookup(trait=)                           which modality records a trait, and in what unit
  qc_lookup(table=, select=, where=)              flags, exclusions, usable counts
  design_lookup(aspect=)                          the protocol: dose series, accession panel,
                                                  imaging rounds, replication plan
  literature_lookup(species=, property=)          published claims
  embedding_lookup(space=, query=, k=)            nearest accessions by profile similarity

TERMS
  treatment        the nickel dose, in mg kg-1
  genotype         the accession label
  Fv/Fm_Lss        photosystem-II efficiency, from the fc1 modality
  area_mm2         leaf area
  n_plants         distinct plants behind a cell
  round_to_round   variance of an accession's per-round means
  within_round     variance between plants inside one imaging round

ROUND 1 - TASK (dose_response_shape)
At which nickel dose does mean Fv/Fm_Lss peak across the panel?

RULES
1. Two rows in the store carry a similar trait name. Only the
   plant-level trait is the panel measurement; the dictionary says
   which that is.
2. A treatment cell must clear the usable-plant floor in the quality
   gate before it can be called a peak.
3. Judge the curve as a whole, not a single cell.

TOOL OUTPUTS

>>> db_lookup(table=""fc1_values"", select=[""trait"", ""mean_value""], where=""experiment_id=169"", group_by=[""trait"", ""treatment""])
    mean value by trait, one column per treatment (mg kg-1).
    trait          t0     t50    t100   t200   t500   t1000
    -------------  -----  -----  -----  -----  -----  -----
    Fv/Fm_Lss      0.456  0.487  0.496  0.516  0.489  0.547
    avg_Fv/Fm_Lss  0.568  0.424  0.401  0.412  0.434  0.393

>>> schema_lookup(trait=""Fv/Fm_Lss"")
    trait dictionary: where the trait lives and at what entity level.
    trait          modality  table       unit  entity_level
    -------------  --------  ----------  ----  ------------
    Fv/Fm_Lss      fc1       fc1_values  a.u.  plant
    avg_Fv/Fm_Lss  fc1       fc1_values  a.u.  region

>>> qc_lookup(table=""fc1_values"", select=[""treatment"", ""n_plants_usable""], where=""trait='Fv/Fm_Lss'"")
    plants surviving QC per treatment; the floor for a panel claim is 15.
    treatment  n_plants_usable
    ---------  ---------------
    0          54
    50         51
    100        55
    200        50
    500        48
    1000       8

OUTPUT FORMAT
Reply with exactly one line and nothing else:
ANSWER: <dose in mg kg-1, digits only>
","(db_lookup[358:509],schema_lookup[509:607],qc_lookup[607:695])",200,(depends on: -; the plant-level Fv/Fm_Lss row peaks at 0.516 on t200 -> 200; ablations: reading the alias row gives 0; ignoring the quality gate gives 1000 on 8 plants)
exp169-chain-0048-medium,2,transition_sensitivity,"ROUND 2 - TASK (transition_sensitivity)
Starting from the nickel dose you identified in round 1, which accession
loses the most Fv/Fm_Lss when the dose is raised to the next level of the
design series?

RULES
1. The store also holds a pilot dose that is not a level of the
   design series. The next level is the next one in the design
   table, which need not be the next column.
2. Only accessions in the core panel can be ranked; observational
   ones are carried for reference.
3. Compare each accession against itself across the two doses.

TOOL OUTPUTS

>>> design_lookup(aspect=""dose_series"")
    the design levels, in order. Doses absent here are pilot cells.
    level  treatment
    -----  ---------
    1      0
    2      50
    3      100
    4      200
    5      500
    6      1000

>>> design_lookup(aspect=""accession_panel"")
    panel membership for this experiment.
    genotype   panel_role
    ---------  -------------
    56         core
    Ecl21      core
    87         core
    MAGIC 356  core
    ISU 245    observational

>>> db_lookup(table=""fc1_values"", select=[""genotype"", ""mean_value""], where=""trait='Fv/Fm_Lss'"", group_by=[""genotype"", ""treatment""])
    mean Fv/Fm_Lss by accession, one column per treatment in the store.
    genotype   t0     t200   t350   t500
    ---------  -----  -----  -----  -----
    56         0.528  0.515  0.463  0.269
    Ecl21      0.547  0.539  0.511  0.494
    87         0.537  0.517  0.505  0.467
    MAGIC 356  0.543  0.517  0.347  0.335
    ISU 245    0.550  0.538  0.515  0.220

OUTPUT FORMAT
Reply with exactly one line and nothing else:
ANSWER: <accession label exactly as it appears in the table>
","(design_lookup[113:166],design_lookup[166:219],db_lookup[219:382])",56,"(depends on: round 1 answer 200; the step is t200->t500, not the adjacent column t350 which is a pilot cell; per-accession drop 56:+0.246  MAGIC 356:+0.182  87:+0.050  Ecl21:+0.045 -> 56; ablations: stepping to the next column instead of the next design level gives MAGIC 356; ranking without the panel table gives ISU 245, which is observational)"
exp169-chain-0048-medium,3,cross_modality_peak,"ROUND 3 - TASK (cross_modality_peak)
For the accession identified in round 2: at which dose does its leaf area
(area_mm2) peak, and does that dose agree with where Fv/Fm_Lss peaked
in round 1?

RULES
1. A cell flagged empty_mask carries no usable area and cannot be
   the peak. low_mask_coverage is on nearly every row and is not a
   reason to discard.
2. The verdict is AGREES when the area peak falls on the dose from
   round 1, and DISAGREES otherwise. Report both parts.

TOOL OUTPUTS

>>> qc_lookup(table=""rgb2_features"", select=[""genotype"", ""treatment"", ""flag""], where=""flag='empty_mask'"")
    cells voided by empty_mask.
    genotype  treatment  flag
    --------  ---------  ----------
    56        50         empty_mask
    ISU 245   200        empty_mask

>>> db_lookup(table=""features"", select=[""modality"", ""genotype"", ""mean_area_mm2""], where=""trait='area_mm2'"", group_by=[""modality"", ""genotype"", ""treatment""])
    mean area_mm2 by modality and accession, one column per treatment.
    modality  genotype   t50    t100   t200
    --------  ---------  -----  -----  -----
    rgb2      56         28.17  14.39  23.67
    rgb2      ISU 245    10.75  20.06  11.15
    rgb2      87         21.11  11.76  10.59
    rgb2      MAGIC 356  13.68  22.42  13.66

OUTPUT FORMAT
Reply with exactly one line and nothing else:
ANSWER: <dose in mg kg-1, digits only>; <AGREES or DISAGREES>
","(qc_lookup[101:180],db_lookup[180:328])",200; AGREES,(depends on: round 2 answer 56 and round 1 answer 200; on the rgb2 row for 56 the largest usable cell is t200 -> 200; AGREES; ablations: ignoring empty_mask gives 50; DISAGREES)
exp169-chain-0048-medium,4,modality_coverage,"ROUND 4 - TASK (modality_coverage)
For the accession identified in round 2: which modalities hold usable feature
rows for it in this experiment?

RULES
1. A modality never scheduled for this experiment does not count,
   even if rows for it exist: those were carried over.
2. A modality whose rows are all flagged holds nothing usable.
3. List the modalities in the column order of the store table.

TOOL OUTPUTS

>>> db_lookup(table=""features"", select=[""genotype"", ""modality"", ""n_rows""], group_by=[""genotype"", ""modality""])
    feature rows per accession, one column per modality.
    genotype   fc1  rgb2  msc1  vnir  swir  s3d
    ---------  ---  ----  ----  ----  ----  ---
    56         31   55    67    0     45    0
    ISU 245    0    66    65    37    0     40
    87         35   63    61    0     0     33
    MAGIC 356  29   56    58    16    0     0

>>> design_lookup(aspect=""imaging_rounds"")
    imaging rounds scheduled per modality for this experiment.
    modality  records                   rounds_scheduled
    --------  ------------------------  ----------------
    fc1       chlorophyll fluorescence  35
    rgb2      top-view RGB              47
    msc1      multispectral             36
    vnir      VNIR hyperspectral        26
    swir      SWIR hyperspectral        0
    s3d       3-D structural scan       24

>>> qc_lookup(table=""features"", select=[""genotype"", ""modality"", ""n_usable""], group_by=[""genotype"", ""modality""])
    rows surviving QC, one column per modality.
    genotype   fc1  rgb2  msc1  vnir  swir  s3d
    ---------  ---  ----  ----  ----  ----  ---
    56         0    54    64    0     42    0
    ISU 245    0    66    64    35    0     37
    87         34   61    61    0     0     31
    MAGIC 356  29   54    55    13    0     0

OUTPUT FORMAT
Reply with exactly one line and nothing else:
ANSWER: <modalities, comma separated, in table column order>
","(db_lookup[82:199],design_lookup[199:298],qc_lookup[298:414])","rgb2, msc1","(depends on: round 2 answer 56; that row is non-zero for fc1, rgb2, msc1, swir, but swir was never scheduled and fc1 has nothing left after QC -> rgb2, msc1; ablations: ignoring the schedule gives rgb2, msc1, swir; ignoring the quality gate gives fc1, rgb2, msc1)"
exp24-chain-0049-medium,1,dose_response_shape,"SESSION
You are analysing experiment 24 at the Ridgefield phenotyping facility: a nickel
(Ni) dose series on 6 Thlaspi arvense (pennycress) accessions at 0, 50, 100, 200,
500 and 1000 mg kg-1, imaged over 28 days in six modalities.

This is a 5-round investigation. Each round gives you the results of the tool
calls it needs, already run; how many there are varies by round. Later rounds
build on what you established earlier and will not repeat it, so keep your own
answers.

TOOLS (results are inlined; you cannot issue new calls)
  db_lookup(table=, select=, where=, group_by=)   the measurement store
  schema_lookup(trait=)                           which modality records a trait, and in what unit
  qc_lookup(table=, select=, where=)              flags, exclusions, usable counts
  design_lookup(aspect=)                          the protocol: dose series, accession panel,
                                                  imaging rounds, replication plan
  literature_lookup(species=, property=)          published claims
  embedding_lookup(space=, query=, k=)            nearest accessions by profile similarity

TERMS
  treatment        the nickel dose, in mg kg-1
  genotype         the accession label
  Fv/Fm_Lss        photosystem-II efficiency, from the fc1 modality
  area_mm2         leaf area
  n_plants         distinct plants behind a cell
  round_to_round   variance of an accession's per-round means
  within_round     variance between plants inside one imaging round

ROUND 1 - TASK (dose_response_shape)
At which nickel dose does mean Fv/Fm_Lss peak across the panel?

RULES
1. Two rows in the store carry a similar trait name. Only the
   plant-level trait is the panel measurement; the dictionary says
   which that is.
2. A treatment cell must clear the usable-plant floor in the quality
   gate before it can be called a peak.
3. Judge the curve as a whole, not a single cell.

TOOL OUTPUTS

>>> db_lookup(table=""fc1_values"", select=[""trait"", ""mean_value""], where=""experiment_id=24"", group_by=[""trait"", ""treatment""])
    mean value by trait, one column per treatment (mg kg-1).
    trait          t0     t50    t100   t200   t500   t1000
    -------------  -----  -----  -----  -----  -----  -----
    Fv/Fm_Lss      0.473  0.497  0.505  0.520  0.548  0.442
    avg_Fv/Fm_Lss  0.385  0.450  0.586  0.389  0.441  0.416

>>> qc_lookup(table=""fc1_values"", select=[""treatment"", ""n_plants_usable""], where=""trait='Fv/Fm_Lss'"")
    plants surviving QC per treatment; the floor for a panel claim is 12.
    treatment  n_plants_usable
    ---------  ---------------
    0          49
    50         53
    100        52
    200        48
    500        2
    1000       52

>>> schema_lookup(trait=""Fv/Fm_Lss"")
    trait dictionary: where the trait lives and at what entity level.
    trait          modality  table       unit  entity_level
    -------------  --------  ----------  ----  ------------
    Fv/Fm_Lss      fc1       fc1_values  a.u.  plant
    avg_Fv/Fm_Lss  fc1       fc1_values  a.u.  region

OUTPUT FORMAT
Reply with exactly one line and nothing else:
ANSWER: <dose in mg kg-1, digits only>
","(db_lookup[358:509],qc_lookup[509:597],schema_lookup[597:695])",200,(depends on: -; the plant-level Fv/Fm_Lss row peaks at 0.520 on t200 -> 200; ablations: reading the alias row gives 100; ignoring the quality gate gives 500 on 2 plants)
exp24-chain-0049-medium,2,transition_sensitivity,"ROUND 2 - TASK (transition_sensitivity)
Starting from the nickel dose you identified in round 1, which accession
loses the most Fv/Fm_Lss when the dose is raised to the next level of the
design series?

RULES
1. Only accessions in the core panel can be ranked; observational
   ones are carried for reference.
2. Compare each accession against itself across the two doses.

TOOL OUTPUTS

>>> design_lookup(aspect=""accession_panel"")
    panel membership for this experiment.
    genotype  panel_role
    --------  -------------
    90        core
    RIL 126   observational
    NIL 337   core
    Ecl20     core
    46        core

>>> db_lookup(table=""fc1_values"", select=[""genotype"", ""mean_value""], where=""trait='Fv/Fm_Lss'"", group_by=[""genotype"", ""treatment""])
    mean Fv/Fm_Lss by accession, one column per treatment in the store.
    genotype  t100   t200   t500   t1000
    --------  -----  -----  -----  -----
    90        0.529  0.487  0.456  0.432
    RIL 126   0.533  0.508  0.214  0.178
    NIL 337   0.539  0.510  0.315  0.290
    Ecl20     0.554  0.529  0.512  0.492
    46        0.559  0.529  0.509  0.481

OUTPUT FORMAT
Reply with exactly one line and nothing else:
ANSWER: <accession label exactly as it appears in the table>
","(design_lookup[74:126],db_lookup[126:288])",NIL 337,"(depends on: round 1 answer 200; the step is t200->t500; per-accession drop NIL 337:+0.195  90:+0.031  46:+0.020  Ecl20:+0.017 -> NIL 337; ablations: ranking without the panel table gives RIL 126, which is observational)"
exp24-chain-0049-medium,3,cross_modality_peak,"ROUND 3 - TASK (cross_modality_peak)
For the accession identified in round 2: at which dose does its leaf area
(area_mm2) peak, and does that dose agree with where Fv/Fm_Lss peaked
in round 1?

RULES
1. More than one modality reports this trait. Use the one the
   dictionary marks primary; the other is a derived estimate.
2. A cell flagged empty_mask carries no usable area and cannot be
   the peak. low_mask_coverage is on nearly every row and is not a
   reason to discard.
3. The verdict is AGREES when the area peak falls on the dose from
   round 1, and DISAGREES otherwise. Report both parts.

TOOL OUTPUTS

>>> schema_lookup(trait=""area_mm2"")
    modalities reporting this trait.
    trait     modality  modality_role       unit  trait_role
    --------  --------  ------------------  ----  ----------
    area_mm2  rgb2      top-view RGB        mm2   primary
    area_mm2  vnir      VNIR hyperspectral  mm2   derived

>>> db_lookup(table=""features"", select=[""modality"", ""genotype"", ""mean_area_mm2""], where=""trait='area_mm2'"", group_by=[""modality"", ""genotype"", ""treatment""])
    mean area_mm2 by modality and accession, one column per treatment.
    modality  genotype  t0     t50    t200   t500
    --------  --------  -----  -----  -----  -----
    rgb2      NIL 337   22.53  13.58  11.15  27.03
    rgb2      RIL 126   10.84  13.56  22.36  13.65
    rgb2      Ecl20     8.58   11.46  14.01  22.66
    rgb2      46        15.66  24.42  15.61  14.17
    vnir      NIL 337   8.12   9.19   16.87  9.08
    vnir      RIL 126   16.75  9.32   8.26   6.02
    vnir      Ecl20     9.39   16.96  9.90   8.03
    vnir      46        8.27   9.84   11.04  18.19

>>> qc_lookup(table=""rgb2_features"", select=[""genotype"", ""treatment"", ""flag""], where=""flag='empty_mask'"")
    cells voided by empty_mask.
    genotype  treatment  flag
    --------  ---------  ----------
    NIL 337   500        empty_mask
    RIL 126   500        empty_mask

OUTPUT FORMAT
Reply with exactly one line and nothing else:
ANSWER: <dose in mg kg-1, digits only>; <AGREES or DISAGREES>
","(schema_lookup[126:209],db_lookup[209:432],qc_lookup[432:512])",0; DISAGREES,(depends on: round 2 answer NIL 337 and round 1 answer 200; on the rgb2 row for NIL 337 the largest usable cell is t0 -> 0; DISAGREES; ablations: reading the vnir rows gives 200; AGREES; ignoring empty_mask gives 500; DISAGREES)
exp24-chain-0049-medium,4,modality_coverage,"ROUND 4 - TASK (modality_coverage)
For the accession identified in round 2: which modalities hold usable feature
rows for it in this experiment?

RULES
1. A modality never scheduled for this experiment does not count,
   even if rows for it exist: those were carried over.
2. List the modalities in the column order of the store table.

TOOL OUTPUTS

>>> design_lookup(aspect=""imaging_rounds"")
    imaging rounds scheduled per modality for this experiment.
    modality  records                   rounds_scheduled
    --------  ------------------------  ----------------
    fc1       chlorophyll fluorescence  49
    rgb2      top-view RGB              29
    msc1      multispectral             46
    vnir      VNIR hyperspectral        55
    swir      SWIR hyperspectral        0
    s3d       3-D structural scan       64

>>> db_lookup(table=""features"", select=[""genotype"", ""modality"", ""n_rows""], group_by=[""genotype"", ""modality""])
    feature rows per accession, one column per modality.
    genotype  fc1  rgb2  msc1  vnir  swir  s3d
    --------  ---  ----  ----  ----  ----  ---
    NIL 337   0    67    59    28    34    16
    RIL 126   0    60    67    0     0     39
    Ecl20     44   66    58    38    0     0
    46        43   67    64    0     0     0

OUTPUT FORMAT
Reply with exactly one line and nothing else:
ANSWER: <modalities, comma separated, in table column order>
","(design_lookup[69:168],db_lookup[168:284])","rgb2, msc1, vnir, s3d","(depends on: round 2 answer NIL 337; that row is non-zero for rgb2, msc1, vnir, swir, s3d, but swir was never scheduled -> rgb2, msc1, vnir, s3d; ablations: ignoring the schedule gives rgb2, msc1, vnir, swir, s3d)"
exp24-chain-0049-medium,5,analogue_search,"ROUND 5 - TASK (analogue_search)
For the accession identified in round 2: which accession is its nearest
analogue by Fv/Fm_Lss dose-response profile, and does that analogue's own
peak fall on the dose you identified in round 1?

RULES
1. Neighbours are listed in descending similarity.
2. Report the analogue, then MATCHES if its own peak is the dose from
   round 1 and DIVERGES if it is not.

TOOL OUTPUTS

>>> db_lookup(table=""fc1_values"", select=[""genotype"", ""peak_treatment""], where=""trait='Fv/Fm_Lss'"", group_by=[""genotype""])
    the treatment at which each accession's own Fv/Fm_Lss is highest.
    genotype  peak_treatment
    --------  --------------
    NIL 337   100
    RIL 126   100
    Ecl20     200
    46        1000

>>> embedding_lookup(space=""dose_response_profile"", query=""panel"", k=3)
    nearest accessions by Fv/Fm_Lss profile, for every panel member.
    genotype  neighbour_1      neighbour_2      neighbour_3
    --------  ---------------  ---------------  ---------------
    NIL 337   Ecl20 (0.975)    46 (0.725)       Ecl20 (0.672)
    RIL 126   Ecl20 (0.893)    NIL 337 (0.744)  46 (0.609)
    Ecl20     46 (0.877)       NIL 337 (0.767)  RIL 126 (0.626)
    46        NIL 337 (0.885)  RIL 126 (0.811)  Ecl20 (0.613)

OUTPUT FORMAT
Reply with exactly one line and nothing else:
ANSWER: <accession label>; <MATCHES or DIVERGES>
","(db_lookup[85:177],embedding_lookup[177:351])",Ecl20; MATCHES,"(depends on: round 2 answer NIL 337 and round 1 answer 200; the nearest eligible analogue is Ecl20, whose own peak is t200 -> Ecl20; MATCHES)"
exp101-chain-0050-low,1,dose_response_shape,"SESSION
You are analysing experiment 101 at the Norwood phenotyping facility: a cobalt
(Co) dose series on 6 Thlaspi arvense (pennycress) accessions at 0, 25, 50, 100,
250 and 500 mg kg-1, imaged over 28 days in six modalities.

This is a 3-round investigation. Each round gives you the results of the tool
calls it needs, already run; how many there are varies by round. Later rounds
build on what you established earlier and will not repeat it, so keep your own
answers.

TOOLS (results are inlined; you cannot issue new calls)
  db_lookup(table=, select=, where=, group_by=)   the measurement store
  schema_lookup(trait=)                           which modality records a trait, and in what unit
  qc_lookup(table=, select=, where=)              flags, exclusions, usable counts
  design_lookup(aspect=)                          the protocol: dose series, accession panel,
                                                  imaging rounds, replication plan
  literature_lookup(species=, property=)          published claims
  embedding_lookup(space=, query=, k=)            nearest accessions by profile similarity

TERMS
  treatment        the cobalt dose, in mg kg-1
  genotype         the accession label
  Fv/Fm_Lss        photosystem-II efficiency, from the fc1 modality
  area_mm2         leaf area
  n_plants         distinct plants behind a cell
  round_to_round   variance of an accession's per-round means
  within_round     variance between plants inside one imaging round

ROUND 1 - TASK (dose_response_shape)
At which cobalt dose does mean Fv/Fm_Lss peak across the panel?

RULES
1. Judge the curve as a whole, not a single cell.

TOOL OUTPUTS

>>> db_lookup(table=""fc1_values"", select=[""trait"", ""mean_value""], where=""experiment_id=101"", group_by=[""trait"", ""treatment""])
    mean value by trait, one column per treatment (mg kg-1).
    trait      t0     t25    t50    t100   t250   t500
    ---------  -----  -----  -----  -----  -----  -----
    Fv/Fm_Lss  0.468  0.489  0.508  0.527  0.491  0.451

OUTPUT FORMAT
Reply with exactly one line and nothing else:
ANSWER: <dose in mg kg-1, digits only>
",(db_lookup[303:429]),100,(depends on: -; the plant-level Fv/Fm_Lss row peaks at 0.527 on t100 -> 100; no complications at this tier)
exp101-chain-0050-low,2,transition_sensitivity,"ROUND 2 - TASK (transition_sensitivity)
Starting from the cobalt dose you identified in round 1, which accession
loses the most Fv/Fm_Lss when the dose is raised to the next level of the
design series?

RULES
1. Compare each accession against itself across the two doses.

TOOL OUTPUTS

>>> db_lookup(table=""fc1_values"", select=[""genotype"", ""mean_value""], where=""trait='Fv/Fm_Lss'"", group_by=[""genotype"", ""treatment""])
    mean Fv/Fm_Lss by accession, one column per treatment in the store.
    genotype   t50    t100   t250   t500
    ---------  -----  -----  -----  -----
    Ecm17      0.548  0.533  0.508  0.492
    MAGIC 213  0.548  0.532  0.526  0.515
    ISU 82     0.525  0.518  0.499  0.456
    77         0.525  0.520  0.324  0.313

OUTPUT FORMAT
Reply with exactly one line and nothing else:
ANSWER: <accession label exactly as it appears in the table>
",(db_lookup[55:205]),77,(depends on: round 1 answer 100; the step is t100->t250; per-accession drop 77:+0.196  Ecm17:+0.025  ISU 82:+0.019  MAGIC 213:+0.006 -> 77; no complications at this tier)
exp101-chain-0050-low,3,cross_modality_peak,"ROUND 3 - TASK (cross_modality_peak)
For the accession identified in round 2: at which dose does its leaf area
(area_mm2) peak, and does that dose agree with where Fv/Fm_Lss peaked
in round 1?

RULES
1. The verdict is AGREES when the area peak falls on the dose from
   round 1, and DISAGREES otherwise. Report both parts.

TOOL OUTPUTS

>>> db_lookup(table=""features"", select=[""modality"", ""genotype"", ""mean_area_mm2""], where=""trait='area_mm2'"", group_by=[""modality"", ""genotype"", ""treatment""])
    mean area_mm2 by modality and accession, one column per treatment.
    modality  genotype   t0     t25    t100   t250
    --------  ---------  -----  -----  -----  -----
    rgb2      77         5.71   8.15   10.57  19.79
    rgb2      49         7.62   9.11   18.26  9.53
    rgb2      ISU 82     23.91  14.86  12.32  11.40
    rgb2      MAGIC 213  9.73   18.51  9.56   8.30

OUTPUT FORMAT
Reply with exactly one line and nothing else:
ANSWER: <dose in mg kg-1, digits only>; <AGREES or DISAGREES>
",(db_lookup[71:237]),250; DISAGREES,(depends on: round 2 answer 77 and round 1 answer 100; on the rgb2 row for 77 the largest usable cell is t250 -> 250; DISAGREES; no complications at this tier)
exp157-chain-0051-low,1,dose_response_shape,"SESSION
You are analysing experiment 157 at the Hollandale phenotyping facility: a cobalt
(Co) dose series on 6 Brassica napus (oilseed rape) accessions at 0, 25, 50, 100,
250 and 500 mg kg-1, imaged over 28 days in six modalities.

This is a 2-round investigation. Each round gives you the results of the tool
calls it needs, already run; how many there are varies by round. Later rounds
build on what you established earlier and will not repeat it, so keep your own
answers.

TOOLS (results are inlined; you cannot issue new calls)
  db_lookup(table=, select=, where=, group_by=)   the measurement store
  schema_lookup(trait=)                           which modality records a trait, and in what unit
  qc_lookup(table=, select=, where=)              flags, exclusions, usable counts
  design_lookup(aspect=)                          the protocol: dose series, accession panel,
                                                  imaging rounds, replication plan
  literature_lookup(species=, property=)          published claims
  embedding_lookup(space=, query=, k=)            nearest accessions by profile similarity

TERMS
  treatment        the cobalt dose, in mg kg-1
  genotype         the accession label
  Fv/Fm_Lss        photosystem-II efficiency, from the fc1 modality
  area_mm2         leaf area
  n_plants         distinct plants behind a cell
  round_to_round   variance of an accession's per-round means
  within_round     variance between plants inside one imaging round

ROUND 1 - TASK (dose_response_shape)
At which cobalt dose does mean Fv/Fm_Lss peak across the panel?

RULES
1. Two rows in the store carry a similar trait name. Only the
   plant-level trait is the panel measurement; the dictionary says
   which that is.
2. Judge the curve as a whole, not a single cell.

TOOL OUTPUTS

>>> schema_lookup(trait=""Fv/Fm_Lss"")
    trait dictionary: where the trait lives and at what entity level.
    trait          modality  table       unit  entity_level
    -------------  --------  ----------  ----  ------------
    Fv/Fm_Lss      fc1       fc1_values  a.u.  plant
    avg_Fv/Fm_Lss  fc1       fc1_values  a.u.  region

>>> db_lookup(table=""fc1_values"", select=[""trait"", ""mean_value""], where=""experiment_id=157"", group_by=[""trait"", ""treatment""])
    mean value by trait, one column per treatment (mg kg-1).
    trait          t0     t25    t50    t100   t250   t500
    -------------  -----  -----  -----  -----  -----  -----
    Fv/Fm_Lss      0.470  0.492  0.516  0.533  0.502  0.456
    avg_Fv/Fm_Lss  0.390  0.596  0.459  0.465  0.407  0.436

OUTPUT FORMAT
Reply with exactly one line and nothing else:
ANSWER: <dose in mg kg-1, digits only>
","(schema_lookup[335:433],db_lookup[433:584])",100,(depends on: -; the plant-level Fv/Fm_Lss row peaks at 0.533 on t100 -> 100; ablations: reading the alias row gives 25)
exp157-chain-0051-low,2,transition_sensitivity,"ROUND 2 - TASK (transition_sensitivity)
Starting from the cobalt dose you identified in round 1, which accession
loses the most Fv/Fm_Lss when the dose is raised to the next level of the
design series?

RULES
1. Compare each accession against itself across the two doses.

TOOL OUTPUTS

>>> db_lookup(table=""fc1_values"", select=[""genotype"", ""mean_value""], where=""trait='Fv/Fm_Lss'"", group_by=[""genotype"", ""treatment""])
    mean Fv/Fm_Lss by accession, one column per treatment in the store.
    genotype  t25    t100   t250   t500
    --------  -----  -----  -----  -----
    NIL 129   0.521  0.503  0.474  0.455
    65        0.536  0.517  0.508  0.470
    NIL 124   0.555  0.521  0.323  0.298
    Ecl44     0.522  0.506  0.499  0.494

OUTPUT FORMAT
Reply with exactly one line and nothing else:
ANSWER: <accession label exactly as it appears in the table>
",(db_lookup[55:204]),NIL 124,(depends on: round 1 answer 100; the step is t100->t250; per-accession drop NIL 124:+0.198  NIL 129:+0.029  65:+0.009  Ecl44:+0.007 -> NIL 124; no complications at this tier)
exp176-chain-0052-hard,1,dose_response_shape,"SESSION
You are analysing experiment 176 at the Ashfield phenotyping facility: a zinc (Zn)
dose series on 6 Arabidopsis thaliana (arabidopsis) accessions at 0, 10, 50, 100,
500 and 1000 mg kg-1, imaged over 28 days in six modalities.

This is a 6-round investigation. Each round gives you the results of the tool
calls it needs, already run; how many there are varies by round. Later rounds
build on what you established earlier and will not repeat it, so keep your own
answers.

TOOLS (results are inlined; you cannot issue new calls)
  db_lookup(table=, select=, where=, group_by=)   the measurement store
  schema_lookup(trait=)                           which modality records a trait, and in what unit
  qc_lookup(table=, select=, where=)              flags, exclusions, usable counts
  design_lookup(aspect=)                          the protocol: dose series, accession panel,
                                                  imaging rounds, replication plan
  literature_lookup(species=, property=)          published claims
  embedding_lookup(space=, query=, k=)            nearest accessions by profile similarity

TERMS
  treatment        the zinc dose, in mg kg-1
  genotype         the accession label
  Fv/Fm_Lss        photosystem-II efficiency, from the fc1 modality
  area_mm2         leaf area
  n_plants         distinct plants behind a cell
  round_to_round   variance of an accession's per-round means
  within_round     variance between plants inside one imaging round

ROUND 1 - TASK (dose_response_shape)
At which zinc dose does mean Fv/Fm_Lss peak across the panel?

RULES
1. Two rows in the store carry a similar trait name. Only the
   plant-level trait is the panel measurement; the dictionary says
   which that is.
2. A treatment cell must clear the usable-plant floor in the quality
   gate before it can be called a peak.
3. Judge the curve as a whole, not a single cell.

TOOL OUTPUTS

>>> schema_lookup(trait=""Fv/Fm_Lss"")
    trait dictionary: where the trait lives and at what entity level.
    trait          modality  table       unit  entity_level
    -------------  --------  ----------  ----  ------------
    Fv/Fm_Lss      fc1       fc1_values  a.u.  plant
    avg_Fv/Fm_Lss  fc1       fc1_values  a.u.  region

>>> db_lookup(table=""fc1_values"", select=[""trait"", ""mean_value""], where=""experiment_id=176"", group_by=[""trait"", ""treatment""])
    mean value by trait, one column per treatment (mg kg-1).
    trait          t0     t10    t50    t100   t500   t1000
    -------------  -----  -----  -----  -----  -----  -----
    Fv/Fm_Lss      0.497  0.523  0.533  0.564  0.462  0.445
    avg_Fv/Fm_Lss  0.403  0.426  0.411  0.398  0.425  0.590

>>> qc_lookup(table=""fc1_values"", select=[""treatment"", ""n_plants_usable""], where=""trait='Fv/Fm_Lss'"")
    plants surviving QC per treatment; the floor for a panel claim is 10.
    treatment  n_plants_usable
    ---------  ---------------
    0          60
    10         49
    50         55
    100        5
    500        50
    1000       59

OUTPUT FORMAT
Reply with exactly one line and nothing else:
ANSWER: <dose in mg kg-1, digits only>
","(schema_lookup[358:456],db_lookup[456:607],qc_lookup[607:695])",50,(depends on: -; the plant-level Fv/Fm_Lss row peaks at 0.533 on t50 -> 50; ablations: reading the alias row gives 1000; ignoring the quality gate gives 100 on 5 plants)
exp176-chain-0052-hard,2,transition_sensitivity,"ROUND 2 - TASK (transition_sensitivity)
Starting from the zinc dose you identified in round 1, which accession
loses the most Fv/Fm_Lss when the dose is raised to the next level of the
design series?

RULES
1. The store also holds a pilot dose that is not a level of the
   design series. The next level is the next one in the design
   table, which need not be the next column.
2. Only accessions in the core panel can be ranked; observational
   ones are carried for reference.
3. Compare each accession against itself across the two doses.

TOOL OUTPUTS

>>> design_lookup(aspect=""dose_series"")
    the design levels, in order. Doses absent here are pilot cells.
    level  treatment
    -----  ---------
    1      0
    2      10
    3      50
    4      100
    5      500
    6      1000

>>> db_lookup(table=""fc1_values"", select=[""genotype"", ""mean_value""], where=""trait='Fv/Fm_Lss'"", group_by=[""genotype"", ""treatment""])
    mean Fv/Fm_Lss by accession, one column per treatment in the store.
    genotype  t0     t50    t75    t100
    --------  -----  -----  -----  -----
    MAGIC 62  0.548  0.528  0.362  0.345
    Ecm53     0.526  0.500  0.493  0.460
    64        0.557  0.519  0.483  0.444
    44        0.535  0.507  0.470  0.277
    ISU 297   0.530  0.517  0.474  0.153

>>> design_lookup(aspect=""accession_panel"")
    panel membership for this experiment.
    genotype  panel_role
    --------  -------------
    MAGIC 62  core
    Ecm53     core
    64        core
    44        core
    ISU 297   observational

OUTPUT FORMAT
Reply with exactly one line and nothing else:
ANSWER: <accession label exactly as it appears in the table>
","(design_lookup[113:166],db_lookup[166:328],design_lookup[328:380])",44,"(depends on: round 1 answer 50; the step is t50->t100, not the adjacent column t75 which is a pilot cell; per-accession drop 44:+0.230  MAGIC 62:+0.183  64:+0.075  Ecm53:+0.040 -> 44; ablations: stepping to the next column instead of the next design level gives MAGIC 62; ranking without the panel table gives ISU 297, which is observational)"
exp176-chain-0052-hard,3,cross_modality_peak,"ROUND 3 - TASK (cross_modality_peak)
For the accession identified in round 2: at which dose does its leaf area
(area_mm2) peak, and does that dose agree with where Fv/Fm_Lss peaked
in round 1?

RULES
1. More than one modality reports this trait. Use the one the
   dictionary marks primary; the other is a derived estimate.
2. A cell flagged empty_mask carries no usable area and cannot be
   the peak. low_mask_coverage is on nearly every row and is not a
   reason to discard.
3. The verdict is AGREES when the area peak falls on the dose from
   round 1, and DISAGREES otherwise. Report both parts.

TOOL OUTPUTS

>>> db_lookup(table=""features"", select=[""modality"", ""genotype"", ""mean_area_mm2""], where=""trait='area_mm2'"", group_by=[""modality"", ""genotype"", ""treatment""])
    mean area_mm2 by modality and accession, one column per treatment.
    modality  genotype  t10    t50    t500   t1000
    --------  --------  -----  -----  -----  -----
    rgb2      44        6.42   23.11  9.87   18.61
    rgb2      ISU 297   22.94  13.68  11.96  10.24
    rgb2      MAGIC 62  11.91  13.16  21.86  13.34
    rgb2      Ecm53     10.74  19.23  10.79  8.40
    vnir      44        14.12  6.67   5.74   4.47
    vnir      ISU 297   9.40   17.16  9.63   8.27
    vnir      MAGIC 62  6.58   8.24   9.22   16.40
    vnir      Ecm53     5.44   6.17   7.38   14.56

>>> schema_lookup(trait=""area_mm2"")
    modalities reporting this trait.
    trait     modality  modality_role       unit  trait_role
    --------  --------  ------------------  ----  ----------
    area_mm2  rgb2      top-view RGB        mm2   primary
    area_mm2  vnir      VNIR hyperspectral  mm2   derived

>>> qc_lookup(table=""rgb2_features"", select=[""genotype"", ""treatment"", ""flag""], where=""flag='empty_mask'"")
    cells voided by empty_mask.
    genotype  treatment  flag
    --------  ---------  ----------
    44        50         empty_mask
    ISU 297   50         empty_mask

OUTPUT FORMAT
Reply with exactly one line and nothing else:
ANSWER: <dose in mg kg-1, digits only>; <AGREES or DISAGREES>
","(db_lookup[126:349],schema_lookup[349:432],qc_lookup[432:511])",1000; DISAGREES,(depends on: round 2 answer 44 and round 1 answer 50; on the rgb2 row for 44 the largest usable cell is t1000 -> 1000; DISAGREES; ablations: reading the vnir rows gives 10; DISAGREES; ignoring empty_mask gives 50; AGREES)
exp176-chain-0052-hard,4,modality_coverage,"ROUND 4 - TASK (modality_coverage)
For the accession identified in round 2: which modalities hold usable feature
rows for it in this experiment?

RULES
1. A modality never scheduled for this experiment does not count,
   even if rows for it exist: those were carried over.
2. A modality whose rows are all flagged holds nothing usable.
3. List the modalities in the column order of the store table.

TOOL OUTPUTS

>>> qc_lookup(table=""features"", select=[""genotype"", ""modality"", ""n_usable""], group_by=[""genotype"", ""modality""])
    rows surviving QC, one column per modality.
    genotype  fc1  rgb2  msc1  vnir  swir  s3d
    --------  ---  ----  ----  ----  ----  ---
    44        0    62    61    23    24    0
    ISU 297   15   56    65    0     26    0
    MAGIC 62  35   65    59    0     0     19
    Ecm53     0    63    53    0     0     14

>>> design_lookup(aspect=""imaging_rounds"")
    imaging rounds scheduled per modality for this experiment.
    modality  records                   rounds_scheduled
    --------  ------------------------  ----------------
    fc1       chlorophyll fluorescence  44
    rgb2      top-view RGB              52
    msc1      multispectral             67
    vnir      VNIR hyperspectral        0
    swir      SWIR hyperspectral        29
    s3d       3-D structural scan       47

>>> db_lookup(table=""features"", select=[""genotype"", ""modality"", ""n_rows""], group_by=[""genotype"", ""modality""])
    feature rows per accession, one column per modality.
    genotype  fc1  rgb2  msc1  vnir  swir  s3d
    --------  ---  ----  ----  ----  ----  ---
    44        0    64    62    23    25    36
    ISU 297   15   58    67    0     29    0
    MAGIC 62  35   67    59    0     0     21
    Ecm53     0    63    55    0     0     14

OUTPUT FORMAT
Reply with exactly one line and nothing else:
ANSWER: <modalities, comma separated, in table column order>
","(qc_lookup[82:197],design_lookup[197:296],db_lookup[296:412])","rgb2, msc1, swir","(depends on: round 2 answer 44; that row is non-zero for rgb2, msc1, vnir, swir, s3d, but vnir was never scheduled and s3d has nothing left after QC -> rgb2, msc1, swir; ablations: ignoring the schedule gives rgb2, msc1, vnir, swir; ignoring the quality gate gives rgb2, msc1, swir, s3d)"
exp176-chain-0052-hard,5,analogue_search,"ROUND 5 - TASK (analogue_search)
For the accession identified in round 2: which accession is its nearest
analogue by Fv/Fm_Lss dose-response profile, and does that analogue's own
peak fall on the dose you identified in round 1?

RULES
1. Take the nearest neighbour that is eligible: observational
   accessions cannot be analogues.
2. Neighbours are listed in descending similarity.
3. Report the analogue, then MATCHES if its own peak is the dose from
   round 1 and DIVERGES if it is not.

TOOL OUTPUTS

>>> design_lookup(aspect=""accession_panel"")
    panel membership for this experiment.
    genotype  panel_role
    --------  -------------
    44        core
    ISU 297   observational
    MAGIC 62  core
    Ecm53     core

>>> embedding_lookup(space=""dose_response_profile"", query=""panel"", k=3)
    nearest accessions by Fv/Fm_Lss profile, for every panel member.
    genotype  neighbour_1       neighbour_2      neighbour_3
    --------  ----------------  ---------------  ----------------
    44        ISU 297 (0.971)   Ecm53 (0.899)    MAGIC 62 (0.810)
    ISU 297   Ecm53 (0.883)     44 (0.773)       MAGIC 62 (0.674)
    MAGIC 62  Ecm53 (0.947)     ISU 297 (0.775)  44 (0.625)
    Ecm53     MAGIC 62 (0.909)  ISU 297 (0.797)  44 (0.682)

>>> db_lookup(table=""fc1_values"", select=[""genotype"", ""peak_treatment""], where=""trait='Fv/Fm_Lss'"", group_by=[""genotype""])
    the treatment at which each accession's own Fv/Fm_Lss is highest.
    genotype  peak_treatment
    --------  --------------
    44        500
    ISU 297   100
    MAGIC 62  10
    Ecm53     500

OUTPUT FORMAT
Reply with exactly one line and nothing else:
ANSWER: <accession label>; <MATCHES or DIVERGES>
","(design_lookup[101:151],embedding_lookup[151:328],db_lookup[328:420])",Ecm53; DIVERGES,"(depends on: round 2 answer 44 and round 1 answer 50; the nearest eligible analogue is Ecm53, whose own peak is t500 -> Ecm53; DIVERGES; ablations: taking the nearest neighbour regardless of panel role gives ISU 297; DIVERGES)"
exp176-chain-0052-hard,6,variance_regime,"ROUND 6 - TASK (variance_regime)
Name the cell -- accession and dose -- at which the accession identified in
round 2 first shows round-to-round variance of Fv/Fm_Lss exceeding its
within-round variance.

RULES
1. The two variances come from separate queries; compare them cell by
   cell.
2. A cell built on fewer than 3 imaging rounds is not
   comparable and must be skipped, however its numbers look.
3. Report the first qualifying dose reading left to right, not the
   largest gap, and name the accession alongside it.

TOOL OUTPUTS

>>> db_lookup(table=""fc1_values"", select=[""genotype"", ""within_round""], where=""trait='Fv/Fm_Lss'"", group_by=[""genotype"", ""treatment""])
    within-round variance, one column per treatment.
    genotype  t0     t10    t50    t100   t500   t1000
    --------  -----  -----  -----  -----  -----  -----
    44        0.029  0.050  0.026  0.044  0.037  0.059
    ISU 297   0.034  0.054  0.061  0.033  0.034  0.064
    MAGIC 62  0.027  0.036  0.046  0.057  0.052  0.048
    Ecm53     0.026  0.034  0.048  0.075  0.074  0.045

>>> qc_lookup(table=""fc1_values"", select=[""genotype"", ""n_rounds""], where=""trait='Fv/Fm_Lss'"")
    imaging rounds behind each cell, one column per treatment.
    genotype  t0  t10  t50  t100  t500  t1000
    --------  --  ---  ---  ----  ----  -----
    44        9   7    1    9     6     6
    ISU 297   8   8    8    9     7     6
    MAGIC 62  4   7    4    8     4     8
    Ecm53     6   6    5    4     4     4

>>> db_lookup(table=""fc1_values"", select=[""genotype"", ""round_to_round""], where=""trait='Fv/Fm_Lss'"", group_by=[""genotype"", ""treatment""])
    round-to-round variance, one column per treatment.
    genotype  t0     t10    t50    t100   t500   t1000
    --------  -----  -----  -----  -----  -----  -----
    44        0.015  0.028  0.041  0.053  0.062  0.075
    ISU 297   0.015  0.025  0.040  0.051  0.064  0.076
    MAGIC 62  0.016  0.025  0.039  0.049  0.065  0.076
    Ecm53     0.015  0.027  0.040  0.051  0.064  0.075

OUTPUT FORMAT
Reply with exactly one line and nothing else:
ANSWER: <accession>@<dose>
","(db_lookup[111:291],qc_lookup[291:403],db_lookup[403:585])",44@100,"(depends on: round 2 answer 44; comparing the two variance tables cell by cell, 44 first crosses at t50, but that cell rests on 1 imaging round, under the 3 needed, so the first comparable crossing is t100 -> 44@100; ablations: taking the largest round-to-round value without the within-round table gives 44@1000; ignoring the round counts gives 44@50)"
exp142-chain-0053-low,1,dose_response_shape,"SESSION
You are analysing experiment 142 at the Hollandale phenotyping facility: a copper
(Cu) dose series on 6 Thlaspi arvense (pennycress) accessions at 0, 50, 100, 200,
500 and 1000 mg kg-1, imaged over 28 days in six modalities.

This is a 2-round investigation. Each round gives you the results of the tool
calls it needs, already run; how many there are varies by round. Later rounds
build on what you established earlier and will not repeat it, so keep your own
answers.

TOOLS (results are inlined; you cannot issue new calls)
  db_lookup(table=, select=, where=, group_by=)   the measurement store
  schema_lookup(trait=)                           which modality records a trait, and in what unit
  qc_lookup(table=, select=, where=)              flags, exclusions, usable counts
  design_lookup(aspect=)                          the protocol: dose series, accession panel,
                                                  imaging rounds, replication plan
  literature_lookup(species=, property=)          published claims
  embedding_lookup(space=, query=, k=)            nearest accessions by profile similarity

TERMS
  treatment        the copper dose, in mg kg-1
  genotype         the accession label
  Fv/Fm_Lss        photosystem-II efficiency, from the fc1 modality
  area_mm2         leaf area
  n_plants         distinct plants behind a cell
  round_to_round   variance of an accession's per-round means
  within_round     variance between plants inside one imaging round

ROUND 1 - TASK (dose_response_shape)
At which copper dose does mean Fv/Fm_Lss peak across the panel?

RULES
1. Two rows in the store carry a similar trait name. Only the
   plant-level trait is the panel measurement; the dictionary says
   which that is.
2. Judge the curve as a whole, not a single cell.

TOOL OUTPUTS

>>> schema_lookup(trait=""Fv/Fm_Lss"")
    trait dictionary: where the trait lives and at what entity level.
    trait          modality  table       unit  entity_level
    -------------  --------  ----------  ----  ------------
    Fv/Fm_Lss      fc1       fc1_values  a.u.  plant
    avg_Fv/Fm_Lss  fc1       fc1_values  a.u.  region

>>> db_lookup(table=""fc1_values"", select=[""trait"", ""mean_value""], where=""experiment_id=142"", group_by=[""trait"", ""treatment""])
    mean value by trait, one column per treatment (mg kg-1).
    trait          t0     t50    t100   t200   t500   t1000
    -------------  -----  -----  -----  -----  -----  -----
    Fv/Fm_Lss      0.497  0.497  0.518  0.487  0.457  0.425
    avg_Fv/Fm_Lss  0.395  0.433  0.447  0.400  0.591  0.460

OUTPUT FORMAT
Reply with exactly one line and nothing else:
ANSWER: <dose in mg kg-1, digits only>
","(schema_lookup[334:432],db_lookup[432:583])",100,(depends on: -; the plant-level Fv/Fm_Lss row peaks at 0.518 on t100 -> 100; ablations: reading the alias row gives 500)
exp142-chain-0053-low,2,transition_sensitivity,"ROUND 2 - TASK (transition_sensitivity)
Starting from the copper dose you identified in round 1, which accession
loses the most Fv/Fm_Lss when the dose is raised to the next level of the
design series?

RULES
1. Only accessions in the core panel can be ranked; observational
   ones are carried for reference.
2. Compare each accession against itself across the two doses.

TOOL OUTPUTS

>>> design_lookup(aspect=""accession_panel"")
    panel membership for this experiment.
    genotype   panel_role
    ---------  -------------
    ISU 302    core
    46         core
    MAGIC 224  core
    Ecl32      core
    84         observational

>>> db_lookup(table=""fc1_values"", select=[""genotype"", ""mean_value""], where=""trait='Fv/Fm_Lss'"", group_by=[""genotype"", ""treatment""])
    mean Fv/Fm_Lss by accession, one column per treatment in the store.
    genotype   t0     t100   t200   t1000
    ---------  -----  -----  -----  -----
    ISU 302    0.524  0.499  0.479  0.461
    46         0.559  0.554  0.341  0.297
    MAGIC 224  0.550  0.542  0.498  0.475
    Ecl32      0.533  0.495  0.482  0.437
    84         0.539  0.500  0.184  0.175

OUTPUT FORMAT
Reply with exactly one line and nothing else:
ANSWER: <accession label exactly as it appears in the table>
","(design_lookup[74:127],db_lookup[127:290])",46,"(depends on: round 1 answer 100; the step is t100->t200; per-accession drop 46:+0.213  MAGIC 224:+0.044  ISU 302:+0.020  Ecl32:+0.013 -> 46; ablations: ranking without the panel table gives 84, which is observational)"
exp95-chain-0054-hard,1,dose_response_shape,"SESSION
You are analysing experiment 95 at the Ashfield phenotyping facility: a zinc (Zn)
dose series on 6 Thlaspi arvense (pennycress) accessions at 0, 20, 40, 80, 160 and
320 mg kg-1, imaged over 28 days in six modalities.

This is a 7-round investigation. Each round gives you the results of the tool
calls it needs, already run; how many there are varies by round. Later rounds
build on what you established earlier and will not repeat it, so keep your own
answers.

TOOLS (results are inlined; you cannot issue new calls)
  db_lookup(table=, select=, where=, group_by=)   the measurement store
  schema_lookup(trait=)                           which modality records a trait, and in what unit
  qc_lookup(table=, select=, where=)              flags, exclusions, usable counts
  design_lookup(aspect=)                          the protocol: dose series, accession panel,
                                                  imaging rounds, replication plan
  literature_lookup(species=, property=)          published claims
  embedding_lookup(space=, query=, k=)            nearest accessions by profile similarity

TERMS
  treatment        the zinc dose, in mg kg-1
  genotype         the accession label
  Fv/Fm_Lss        photosystem-II efficiency, from the fc1 modality
  area_mm2         leaf area
  n_plants         distinct plants behind a cell
  round_to_round   variance of an accession's per-round means
  within_round     variance between plants inside one imaging round

ROUND 1 - TASK (dose_response_shape)
At which zinc dose does mean Fv/Fm_Lss peak across the panel?

RULES
1. Two rows in the store carry a similar trait name. Only the
   plant-level trait is the panel measurement; the dictionary says
   which that is.
2. A treatment cell must clear the usable-plant floor in the quality
   gate before it can be called a peak.
3. Judge the curve as a whole, not a single cell.

TOOL OUTPUTS

>>> schema_lookup(trait=""Fv/Fm_Lss"")
    trait dictionary: where the trait lives and at what entity level.
    trait          modality  table       unit  entity_level
    -------------  --------  ----------  ----  ------------
    Fv/Fm_Lss      fc1       fc1_values  a.u.  plant
    avg_Fv/Fm_Lss  fc1       fc1_values  a.u.  region

>>> db_lookup(table=""fc1_values"", select=[""trait"", ""mean_value""], where=""experiment_id=95"", group_by=[""trait"", ""treatment""])
    mean value by trait, one column per treatment (mg kg-1).
    trait          t0     t20    t40    t80    t160   t320
    -------------  -----  -----  -----  -----  -----  -----
    Fv/Fm_Lss      0.494  0.507  0.526  0.495  0.470  0.553
    avg_Fv/Fm_Lss  0.584  0.465  0.446  0.428  0.441  0.381

>>> embedding_lookup(space=""spectral_signature"", query=""panel"", k=2)
    nearest accessions by mean spectral signature.
    genotype  neighbour_1
    --------  ---------------
    Ecl19     60 (0.715)
    60        ISU 371 (0.628)
    65        ISU 222 (0.832)

>>> qc_lookup(table=""fc1_values"", select=[""treatment"", ""n_plants_usable""], where=""trait='Fv/Fm_Lss'"")
    plants surviving QC per treatment; the floor for a panel claim is 12.
    treatment  n_plants_usable
    ---------  ---------------
    0          50
    20         51
    40         54
    80         58
    160        59
    320        2

OUTPUT FORMAT
Reply with exactly one line and nothing else:
ANSWER: <dose in mg kg-1, digits only>
","(schema_lookup[358:456],db_lookup[456:607],embedding_lookup[607:683],qc_lookup[683:771])",40,(depends on: -; the plant-level Fv/Fm_Lss row peaks at 0.526 on t40 -> 40; ablations: reading the alias row gives 0; ignoring the quality gate gives 320 on 2 plants)
exp95-chain-0054-hard,2,transition_sensitivity,"ROUND 2 - TASK (transition_sensitivity)
Starting from the zinc dose you identified in round 1, which accession
loses the most Fv/Fm_Lss when the dose is raised to the next level of the
design series?

RULES
1. The store also holds a pilot dose that is not a level of the
   design series. The next level is the next one in the design
   table, which need not be the next column.
2. Only accessions in the core panel can be ranked; observational
   ones are carried for reference.
3. Compare each accession against itself across the two doses.

TOOL OUTPUTS

>>> db_lookup(table=""fc1_values"", select=[""genotype"", ""mean_value""], where=""trait='Fv/Fm_Lss'"", group_by=[""genotype"", ""treatment""])
    mean Fv/Fm_Lss by accession, one column per treatment in the store.
    genotype  t20    t40    t60    t80
    --------  -----  -----  -----  -----
    65        0.523  0.480  0.305  0.286
    60        0.531  0.510  0.493  0.480
    Ecl19     0.538  0.508  0.502  0.176
    ISU 371   0.521  0.490  0.457  0.430
    ISU 222   0.552  0.541  0.505  0.304

>>> design_lookup(aspect=""dose_series"")
    the design levels, in order. Doses absent here are pilot cells.
    level  treatment
    -----  ---------
    1      0
    2      20
    3      40
    4      80
    5      160
    6      320

>>> design_lookup(aspect=""accession_panel"")
    panel membership for this experiment.
    genotype  panel_role
    --------  -------------
    65        core
    60        core
    Ecl19     observational
    ISU 371   core
    ISU 222   core

OUTPUT FORMAT
Reply with exactly one line and nothing else:
ANSWER: <accession label exactly as it appears in the table>
","(db_lookup[113:275],design_lookup[275:328],design_lookup[328:380])",ISU 222,"(depends on: round 1 answer 40; the step is t40->t80, not the adjacent column t60 which is a pilot cell; per-accession drop ISU 222:+0.237  65:+0.194  ISU 371:+0.060  60:+0.030 -> ISU 222; ablations: stepping to the next column instead of the next design level gives 65; ranking without the panel table gives Ecl19, which is observational)"
exp95-chain-0054-hard,3,cross_modality_peak,"ROUND 3 - TASK (cross_modality_peak)
For the accession identified in round 2: at which dose does its leaf area
(area_mm2) peak, and does that dose agree with where Fv/Fm_Lss peaked
in round 1?

RULES
1. More than one modality reports this trait. Use the one the
   dictionary marks primary; the other is a derived estimate.
2. A cell flagged empty_mask carries no usable area and cannot be
   the peak. low_mask_coverage is on nearly every row and is not a
   reason to discard.
3. The verdict is AGREES when the area peak falls on the dose from
   round 1, and DISAGREES otherwise. Report both parts.

TOOL OUTPUTS

>>> qc_lookup(table=""rgb2_features"", select=[""genotype"", ""treatment"", ""flag""], where=""flag='empty_mask'"")
    cells voided by empty_mask.
    genotype  treatment  flag
    --------  ---------  ----------
    ISU 222   80         empty_mask
    Ecl19     320        empty_mask

>>> schema_lookup(trait=""area_mm2"")
    modalities reporting this trait.
    trait     modality  modality_role       unit  trait_role
    --------  --------  ------------------  ----  ----------
    area_mm2  rgb2      top-view RGB        mm2   primary
    area_mm2  vnir      VNIR hyperspectral  mm2   derived

>>> db_lookup(table=""features"", select=[""modality"", ""genotype"", ""mean_area_mm2""], where=""trait='area_mm2'"", group_by=[""modality"", ""genotype"", ""treatment""])
    mean area_mm2 by modality and accession, one column per treatment.
    modality  genotype  t40    t80    t160   t320
    --------  --------  -----  -----  -----  -----
    rgb2      ISU 222   10.63  28.59  14.88  24.09
    rgb2      Ecl19     12.51  13.23  22.47  13.52
    rgb2      60        13.27  21.95  12.64  12.12
    rgb2      65        21.16  12.48  10.23  9.49
    vnir      ISU 222   8.41   10.73  17.96  10.88
    vnir      Ecl19     7.47   8.09   9.48   16.83
    vnir      60        8.09   9.20   16.46  9.35
    vnir      65        6.33   8.54   15.92  8.17

OUTPUT FORMAT
Reply with exactly one line and nothing else:
ANSWER: <dose in mg kg-1, digits only>; <AGREES or DISAGREES>
","(qc_lookup[126:205],schema_lookup[205:288],db_lookup[288:509])",320; DISAGREES,(depends on: round 2 answer ISU 222 and round 1 answer 40; on the rgb2 row for ISU 222 the largest usable cell is t320 -> 320; DISAGREES; ablations: reading the vnir rows gives 160; DISAGREES; ignoring empty_mask gives 80; DISAGREES)
exp95-chain-0054-hard,4,modality_coverage,"ROUND 4 - TASK (modality_coverage)
For the accession identified in round 2: which modalities hold usable feature
rows for it in this experiment?

RULES
1. A modality never scheduled for this experiment does not count,
   even if rows for it exist: those were carried over.
2. A modality whose rows are all flagged holds nothing usable.
3. List the modalities in the column order of the store table.

TOOL OUTPUTS

>>> db_lookup(table=""features"", select=[""genotype"", ""modality"", ""n_rows""], group_by=[""genotype"", ""modality""])
    feature rows per accession, one column per modality.
    genotype  fc1  rgb2  msc1  vnir  swir  s3d
    --------  ---  ----  ----  ----  ----  ---
    ISU 222   21   65    67    43    48    0
    Ecl19     47   57    67    0     0     22
    60        0    57    63    29    0     0
    65        0    58    59    25    0     0

>>> design_lookup(aspect=""imaging_rounds"")
    imaging rounds scheduled per modality for this experiment.
    modality  records                   rounds_scheduled
    --------  ------------------------  ----------------
    fc1       chlorophyll fluorescence  28
    rgb2      top-view RGB              54
    msc1      multispectral             48
    vnir      VNIR hyperspectral        36
    swir      SWIR hyperspectral        0
    s3d       3-D structural scan       55

>>> qc_lookup(table=""features"", select=[""genotype"", ""modality"", ""n_usable""], group_by=[""genotype"", ""modality""])
    rows surviving QC, one column per modality.
    genotype  fc1  rgb2  msc1  vnir  swir  s3d
    --------  ---  ----  ----  ----  ----  ---
    ISU 222   0    65    65    41    46    0
    Ecl19     47   57    64    0     0     20
    60        0    54    62    29    0     0
    65        0    56    58    24    0     0

OUTPUT FORMAT
Reply with exactly one line and nothing else:
ANSWER: <modalities, comma separated, in table column order>
","(db_lookup[82:197],design_lookup[197:296],qc_lookup[296:410])","rgb2, msc1, vnir","(depends on: round 2 answer ISU 222; that row is non-zero for fc1, rgb2, msc1, vnir, swir, but swir was never scheduled and fc1 has nothing left after QC -> rgb2, msc1, vnir; ablations: ignoring the schedule gives rgb2, msc1, vnir, swir; ignoring the quality gate gives fc1, rgb2, msc1, vnir)"
exp95-chain-0054-hard,5,power_check,"ROUND 5 - TASK (power_check)
For the accession identified in round 2, at the dose identified in round 1: is
that cell replicated well enough to carry a genotype-level claim, and on how
many plants does that verdict rest?

RULES
1. The count that matters is plants remaining after exclusions, not
   the raw count in the store.
2. The floor depends on the claim level and is set by this study's
   replication plan; do not assume a value.
3. Report the verdict and the count behind it.

TOOL OUTPUTS

>>> db_lookup(table=""fc1_values"", select=[""genotype"", ""n_plants""], group_by=[""genotype"", ""treatment""])
    plants recorded per accession, one column per treatment.
    genotype  t20  t40  t60  t80
    --------  ---  ---  ---  ---
    ISU 222   24   21   51   14
    Ecl19     19   23   26   25
    60        42   17   13   16
    65        10   37   30   34

>>> design_lookup(aspect=""replication_plan"")
    minimum usable plants per claim level in this study.
    claim_level     min_usable_plants
    --------------  -----------------
    genotype-level  18
    panel-level     29

>>> qc_lookup(table=""fc1_values"", select=[""genotype"", ""n_plants_excluded""], where=""flag IN ('empty_mask', 'sentinel')"")
    plants excluded per cell, one column per treatment.
    genotype  t20  t40  t60  t80
    --------  ---  ---  ---  ---
    ISU 222   3    5    1    4
    Ecl19     1    1    1    3
    60        0    1    2    2
    65        0    3    3    1

OUTPUT FORMAT
Reply with exactly one line and nothing else:
ANSWER: <WELL_REPLICATED or UNDERPOWERED>; <usable plants>
","(db_lookup[107:198],design_lookup[198:260],qc_lookup[260:355])",UNDERPOWERED; 16,"(depends on: round 2 answer ISU 222 and round 1 answer 40; the store holds 21 plants for that cell, qc_lookup removes 5, and the floor is 18 -> UNDERPOWERED; 16; ablations: skipping the exclusions gives WELL_REPLICATED; 21; assuming the conventional floor of 10 gives WELL_REPLICATED; 16)"
exp95-chain-0054-hard,6,variance_regime,"ROUND 6 - TASK (variance_regime)
Name the cell -- accession and dose -- at which the accession identified in
round 2 first shows round-to-round variance of Fv/Fm_Lss exceeding its
within-round variance.

RULES
1. The two variances come from separate queries; compare them cell by
   cell.
2. A cell built on fewer than 3 imaging rounds is not
   comparable and must be skipped, however its numbers look.
3. Report the first qualifying dose reading left to right, not the
   largest gap, and name the accession alongside it.

TOOL OUTPUTS

>>> qc_lookup(table=""fc1_values"", select=[""genotype"", ""n_rounds""], where=""trait='Fv/Fm_Lss'"")
    imaging rounds behind each cell, one column per treatment.
    genotype  t0  t20  t40  t80  t160  t320
    --------  --  ---  ---  ---  ----  ----
    ISU 222   6   1    4    5    9     4
    Ecl19     9   9    8    5    6     9
    60        5   9    9    7    7     9
    65        7   9    5    8    8     6

>>> db_lookup(table=""fc1_values"", select=[""genotype"", ""round_to_round""], where=""trait='Fv/Fm_Lss'"", group_by=[""genotype"", ""treatment""])
    round-to-round variance, one column per treatment.
    genotype  t0     t20    t40    t80    t160   t320
    --------  -----  -----  -----  -----  -----  -----
    ISU 222   0.014  0.026  0.041  0.049  0.063  0.074
    Ecl19     0.015  0.027  0.037  0.052  0.065  0.076
    60        0.014  0.029  0.040  0.051  0.063  0.074
    65        0.016  0.029  0.040  0.051  0.063  0.075

>>> db_lookup(table=""fc1_values"", select=[""genotype"", ""within_round""], where=""trait='Fv/Fm_Lss'"", group_by=[""genotype"", ""treatment""])
    within-round variance, one column per treatment.
    genotype  t0     t20    t40    t80    t160   t320
    --------  -----  -----  -----  -----  -----  -----
    ISU 222   0.043  0.004  0.013  0.039  0.040  0.045
    Ecl19     0.044  0.049  0.058  0.024  0.049  0.054
    60        0.024  0.046  0.064  0.075  0.071  0.065
    65        0.030  0.046  0.032  0.024  0.045  0.066

OUTPUT FORMAT
Reply with exactly one line and nothing else:
ANSWER: <accession>@<dose>
","(qc_lookup[111:220],db_lookup[220:401],db_lookup[401:580])",ISU 222@40,"(depends on: round 2 answer ISU 222; comparing the two variance tables cell by cell, ISU 222 first crosses at t20, but that cell rests on 1 imaging round, under the 3 needed, so the first comparable crossing is t40 -> ISU 222@40; ablations: taking the largest round-to-round value without the within-round table gives ISU 222@320; ignoring the round counts gives ISU 222@20)"
exp95-chain-0054-hard,7,literature_audit,"ROUND 7 - TASK (literature_audit)
Three published claims are on file. Judge the one that concerns this
experiment's species against the accession identified in round 2, and say
which source you judged.

RULES
1. Exactly one source concerns the species under study here; the others
   are about different species and are not yours to judge.
2. OUT_OF_SCOPE if the source's studied dose range does not overlap
   this experiment's series: the claim cannot be tested here.
3. Otherwise SUPPORTED if the claimed peak matches that accession's own
   measured peak, CONTRADICTED if it does not.
4. Report the verdict and the source.

TOOL OUTPUTS

>>> db_lookup(table=""fc1_values"", select=[""genotype"", ""peak_treatment""], where=""trait='Fv/Fm_Lss'"", group_by=[""genotype""])
    the treatment at which each accession's own Fv/Fm_Lss is highest.
    genotype  peak_treatment
    --------  --------------
    ISU 222   320
    Ecl19     160
    60        0
    65        0

>>> design_lookup(aspect=""dose_series"")
    the design levels of this experiment, in order.
    level  treatment
    -----  ---------
    1      0
    2      20
    3      40
    4      80
    5      160
    6      320

>>> literature_lookup(species=""Thlaspi arvense"", property=""hormesis"")
    published peak-dose claims, with the dose range each study covered (mg kg-1).
    source            species          property  claimed_peak  range_studied
    ----------------  ---------------  --------  ------------  -------------
    lit:Kramer2023    Camelina sativa  hormesis  20            0-320
    lit:Thorne2016    Brassica napus   hormesis  20            0-320
    lit:Nakagawa2016  Thlaspi arvense  hormesis  640           640-2560

OUTPUT FORMAT
Reply with exactly one line and nothing else:
ANSWER: <SUPPORTED, CONTRADICTED or OUT_OF_SCOPE>; <source id>
","(db_lookup[126:217],design_lookup[217:266],literature_lookup[266:403])",OUT_OF_SCOPE; lit:Nakagawa2016,"(depends on: round 2 answer ISU 222; only lit:Nakagawa2016 concerns Thlaspi arvense; it claims a peak at 640 mg kg-1 over 640-2560, against a series topping out at 320 and a measured peak of 320 for that accession -> OUT_OF_SCOPE; lit:Nakagawa2016; ablations: judging a source about another species gives CONTRADICTED; lit:Kramer2023; skipping the scope check gives CONTRADICTED; lit:Nakagawa2016)"
exp130-chain-0055-medium,1,dose_response_shape,"SESSION
You are analysing experiment 130 at the Ridgefield phenotyping facility: a zinc
(Zn) dose series on 6 Arabidopsis thaliana (arabidopsis) accessions at 0, 50, 100,
200, 500 and 1000 mg kg-1, imaged over 28 days in six modalities.

This is a 4-round investigation. Each round gives you the results of the tool
calls it needs, already run; how many there are varies by round. Later rounds
build on what you established earlier and will not repeat it, so keep your own
answers.

TOOLS (results are inlined; you cannot issue new calls)
  db_lookup(table=, select=, where=, group_by=)   the measurement store
  schema_lookup(trait=)                           which modality records a trait, and in what unit
  qc_lookup(table=, select=, where=)              flags, exclusions, usable counts
  design_lookup(aspect=)                          the protocol: dose series, accession panel,
                                                  imaging rounds, replication plan
  literature_lookup(species=, property=)          published claims
  embedding_lookup(space=, query=, k=)            nearest accessions by profile similarity

TERMS
  treatment        the zinc dose, in mg kg-1
  genotype         the accession label
  Fv/Fm_Lss        photosystem-II efficiency, from the fc1 modality
  area_mm2         leaf area
  n_plants         distinct plants behind a cell
  round_to_round   variance of an accession's per-round means
  within_round     variance between plants inside one imaging round

ROUND 1 - TASK (dose_response_shape)
At which zinc dose does mean Fv/Fm_Lss peak across the panel?

RULES
1. Two rows in the store carry a similar trait name. Only the
   plant-level trait is the panel measurement; the dictionary says
   which that is.
2. A treatment cell must clear the usable-plant floor in the quality
   gate before it can be called a peak.
3. Judge the curve as a whole, not a single cell.

TOOL OUTPUTS

>>> qc_lookup(table=""fc1_values"", select=[""treatment"", ""n_plants_usable""], where=""trait='Fv/Fm_Lss'"")
    plants surviving QC per treatment; the floor for a panel claim is 8.
    treatment  n_plants_usable
    ---------  ---------------
    0          60
    50         53
    100        52
    200        59
    500        48
    1000       5

>>> db_lookup(table=""fc1_values"", select=[""trait"", ""mean_value""], where=""experiment_id=130"", group_by=[""trait"", ""treatment""])
    mean value by trait, one column per treatment (mg kg-1).
    trait          t0     t50    t100   t200   t500   t1000
    -------------  -----  -----  -----  -----  -----  -----
    Fv/Fm_Lss      0.511  0.516  0.531  0.502  0.459  0.559
    avg_Fv/Fm_Lss  0.466  0.454  0.432  0.461  0.571  0.447

>>> schema_lookup(trait=""Fv/Fm_Lss"")
    trait dictionary: where the trait lives and at what entity level.
    trait          modality  table       unit  entity_level
    -------------  --------  ----------  ----  ------------
    Fv/Fm_Lss      fc1       fc1_values  a.u.  plant
    avg_Fv/Fm_Lss  fc1       fc1_values  a.u.  region

OUTPUT FORMAT
Reply with exactly one line and nothing else:
ANSWER: <dose in mg kg-1, digits only>
","(qc_lookup[358:446],db_lookup[446:597],schema_lookup[597:695])",100,(depends on: -; the plant-level Fv/Fm_Lss row peaks at 0.531 on t100 -> 100; ablations: reading the alias row gives 500; ignoring the quality gate gives 1000 on 5 plants)
exp130-chain-0055-medium,2,transition_sensitivity,"ROUND 2 - TASK (transition_sensitivity)
Starting from the zinc dose you identified in round 1, which accession
loses the most Fv/Fm_Lss when the dose is raised to the next level of the
design series?

RULES
1. Only accessions in the core panel can be ranked; observational
   ones are carried for reference.
2. Compare each accession against itself across the two doses.

TOOL OUTPUTS

>>> design_lookup(aspect=""accession_panel"")
    panel membership for this experiment.
    genotype   panel_role
    ---------  -------------
    74         core
    64         core
    MAGIC 230  core
    NIL 332    core
    Esp41      observational

>>> db_lookup(table=""fc1_values"", select=[""genotype"", ""mean_value""], where=""trait='Fv/Fm_Lss'"", group_by=[""genotype"", ""treatment""])
    mean Fv/Fm_Lss by accession, one column per treatment in the store.
    genotype   t50    t100   t200   t1000
    ---------  -----  -----  -----  -----
    74         0.556  0.525  0.480  0.462
    64         0.551  0.534  0.332  0.294
    MAGIC 230  0.558  0.524  0.518  0.498
    NIL 332    0.526  0.497  0.455  0.450
    Esp41      0.557  0.534  0.207  0.194

OUTPUT FORMAT
Reply with exactly one line and nothing else:
ANSWER: <accession label exactly as it appears in the table>
","(design_lookup[74:127],db_lookup[127:290])",64,"(depends on: round 1 answer 100; the step is t100->t200; per-accession drop 64:+0.202  74:+0.045  NIL 332:+0.042  MAGIC 230:+0.006 -> 64; ablations: ranking without the panel table gives Esp41, which is observational)"
exp130-chain-0055-medium,3,cross_modality_peak,"ROUND 3 - TASK (cross_modality_peak)
For the accession identified in round 2: at which dose does its leaf area
(area_mm2) peak, and does that dose agree with where Fv/Fm_Lss peaked
in round 1?

RULES
1. More than one modality reports this trait. Use the one the
   dictionary marks primary; the other is a derived estimate.
2. A cell flagged empty_mask carries no usable area and cannot be
   the peak. low_mask_coverage is on nearly every row and is not a
   reason to discard.
3. The verdict is AGREES when the area peak falls on the dose from
   round 1, and DISAGREES otherwise. Report both parts.

TOOL OUTPUTS

>>> db_lookup(table=""features"", select=[""modality"", ""genotype"", ""mean_area_mm2""], where=""trait='area_mm2'"", group_by=[""modality"", ""genotype"", ""treatment""])
    mean area_mm2 by modality and accession, one column per treatment.
    modality  genotype   t0     t50    t100   t500
    --------  ---------  -----  -----  -----  -----
    rgb2      64         25.49  10.97  12.10  20.99
    rgb2      Esp41      13.20  22.22  13.69  12.16
    rgb2      MAGIC 230  22.58  13.52  12.49  9.98
    rgb2      NIL 332    9.77   11.61  20.12  11.03
    swir      64         8.47   15.79  8.00   7.42
    swir      Esp41      16.65  9.59   7.77   5.42
    swir      MAGIC 230  9.26   16.91  9.52   7.47
    swir      NIL 332    5.00   6.38   7.59   15.19

>>> qc_lookup(table=""rgb2_features"", select=[""genotype"", ""treatment"", ""flag""], where=""flag='empty_mask'"")
    cells voided by empty_mask.
    genotype  treatment  flag
    --------  ---------  ----------
    64        0          empty_mask
    Esp41     100        empty_mask

>>> schema_lookup(trait=""area_mm2"")
    modalities reporting this trait.
    trait     modality  modality_role       unit  trait_role
    --------  --------  ------------------  ----  ----------
    area_mm2  rgb2      top-view RGB        mm2   primary
    area_mm2  swir      SWIR hyperspectral  mm2   derived

OUTPUT FORMAT
Reply with exactly one line and nothing else:
ANSWER: <dose in mg kg-1, digits only>; <AGREES or DISAGREES>
","(db_lookup[126:350],qc_lookup[350:428],schema_lookup[428:511])",500; DISAGREES,(depends on: round 2 answer 64 and round 1 answer 100; on the rgb2 row for 64 the largest usable cell is t500 -> 500; DISAGREES; ablations: reading the swir rows gives 50; DISAGREES; ignoring empty_mask gives 0; DISAGREES)
exp130-chain-0055-medium,4,modality_coverage,"ROUND 4 - TASK (modality_coverage)
For the accession identified in round 2: which modalities hold usable feature
rows for it in this experiment?

RULES
1. A modality never scheduled for this experiment does not count,
   even if rows for it exist: those were carried over.
2. A modality whose rows are all flagged holds nothing usable.
3. List the modalities in the column order of the store table.

TOOL OUTPUTS

>>> design_lookup(aspect=""imaging_rounds"")
    imaging rounds scheduled per modality for this experiment.
    modality  records                   rounds_scheduled
    --------  ------------------------  ----------------
    fc1       chlorophyll fluorescence  40
    rgb2      top-view RGB              57
    msc1      multispectral             59
    vnir      VNIR hyperspectral        64
    swir      SWIR hyperspectral        0
    s3d       3-D structural scan       23

>>> qc_lookup(table=""features"", select=[""genotype"", ""modality"", ""n_usable""], group_by=[""genotype"", ""modality""])
    rows surviving QC, one column per modality.
    genotype   fc1  rgb2  msc1  vnir  swir  s3d
    ---------  ---  ----  ----  ----  ----  ---
    64         0    62    65    0     43    0
    Esp41      23   64    60    0     0     30
    MAGIC 230  0    62    59    0     0     17
    NIL 332    0    57    59    28    0     0

>>> db_lookup(table=""features"", select=[""genotype"", ""modality"", ""n_rows""], group_by=[""genotype"", ""modality""])
    feature rows per accession, one column per modality.
    genotype   fc1  rgb2  msc1  vnir  swir  s3d
    ---------  ---  ----  ----  ----  ----  ---
    64         0    65    67    0     45    27
    Esp41      24   67    60    0     0     33
    MAGIC 230  0    63    61    0     0     18
    NIL 332    0    60    62    30    0     0

OUTPUT FORMAT
Reply with exactly one line and nothing else:
ANSWER: <modalities, comma separated, in table column order>
","(design_lookup[82:181],qc_lookup[181:297],db_lookup[297:414])","rgb2, msc1","(depends on: round 2 answer 64; that row is non-zero for rgb2, msc1, swir, s3d, but swir was never scheduled and s3d has nothing left after QC -> rgb2, msc1; ablations: ignoring the schedule gives rgb2, msc1, swir; ignoring the quality gate gives rgb2, msc1, s3d)"
exp77-chain-0056-low,1,dose_response_shape,"SESSION
You are analysing experiment 77 at the Ridgefield phenotyping facility: a nickel
(Ni) dose series on 6 Brassica napus (oilseed rape) accessions at 0, 20, 40, 80,
160 and 320 mg kg-1, imaged over 28 days in six modalities.

This is a 2-round investigation. Each round gives you the results of the tool
calls it needs, already run; how many there are varies by round. Later rounds
build on what you established earlier and will not repeat it, so keep your own
answers.

TOOLS (results are inlined; you cannot issue new calls)
  db_lookup(table=, select=, where=, group_by=)   the measurement store
  schema_lookup(trait=)                           which modality records a trait, and in what unit
  qc_lookup(table=, select=, where=)              flags, exclusions, usable counts
  design_lookup(aspect=)                          the protocol: dose series, accession panel,
                                                  imaging rounds, replication plan
  literature_lookup(species=, property=)          published claims
  embedding_lookup(space=, query=, k=)            nearest accessions by profile similarity

TERMS
  treatment        the nickel dose, in mg kg-1
  genotype         the accession label
  Fv/Fm_Lss        photosystem-II efficiency, from the fc1 modality
  area_mm2         leaf area
  n_plants         distinct plants behind a cell
  round_to_round   variance of an accession's per-round means
  within_round     variance between plants inside one imaging round

ROUND 1 - TASK (dose_response_shape)
At which nickel dose does mean Fv/Fm_Lss peak across the panel?

RULES
1. Two rows in the store carry a similar trait name. Only the
   plant-level trait is the panel measurement; the dictionary says
   which that is.
2. Judge the curve as a whole, not a single cell.

TOOL OUTPUTS

>>> db_lookup(table=""fc1_values"", select=[""trait"", ""mean_value""], where=""experiment_id=77"", group_by=[""trait"", ""treatment""])
    mean value by trait, one column per treatment (mg kg-1).
    trait          t0     t20    t40    t80    t160   t320
    -------------  -----  -----  -----  -----  -----  -----
    Fv/Fm_Lss      0.491  0.515  0.530  0.498  0.466  0.447
    avg_Fv/Fm_Lss  0.413  0.404  0.399  0.418  0.411  0.592

>>> schema_lookup(trait=""Fv/Fm_Lss"")
    trait dictionary: where the trait lives and at what entity level.
    trait          modality  table       unit  entity_level
    -------------  --------  ----------  ----  ------------
    Fv/Fm_Lss      fc1       fc1_values  a.u.  plant
    avg_Fv/Fm_Lss  fc1       fc1_values  a.u.  region

OUTPUT FORMAT
Reply with exactly one line and nothing else:
ANSWER: <dose in mg kg-1, digits only>
","(db_lookup[335:486],schema_lookup[486:584])",40,(depends on: -; the plant-level Fv/Fm_Lss row peaks at 0.530 on t40 -> 40; ablations: reading the alias row gives 320)
exp77-chain-0056-low,2,transition_sensitivity,"ROUND 2 - TASK (transition_sensitivity)
Starting from the nickel dose you identified in round 1, which accession
loses the most Fv/Fm_Lss when the dose is raised to the next level of the
design series?

RULES
1. Only accessions in the core panel can be ranked; observational
   ones are carried for reference.
2. Compare each accession against itself across the two doses.

TOOL OUTPUTS

>>> design_lookup(aspect=""accession_panel"")
    panel membership for this experiment.
    genotype   panel_role
    ---------  -------------
    89         core
    78         core
    RIL 178    observational
    MAGIC 380  core
    Ecl38      core

>>> db_lookup(table=""fc1_values"", select=[""genotype"", ""mean_value""], where=""trait='Fv/Fm_Lss'"", group_by=[""genotype"", ""treatment""])
    mean Fv/Fm_Lss by accession, one column per treatment in the store.
    genotype   t20    t40    t80    t320
    ---------  -----  -----  -----  -----
    89         0.539  0.507  0.473  0.442
    78         0.539  0.524  0.336  0.308
    RIL 178    0.552  0.526  0.214  0.187
    MAGIC 380  0.543  0.526  0.491  0.461
    Ecl38      0.535  0.515  0.488  0.458

OUTPUT FORMAT
Reply with exactly one line and nothing else:
ANSWER: <accession label exactly as it appears in the table>
","(design_lookup[74:127],db_lookup[127:290])",78,"(depends on: round 1 answer 40; the step is t40->t80; per-accession drop 78:+0.188  MAGIC 380:+0.035  89:+0.034  Ecl38:+0.027 -> 78; ablations: ranking without the panel table gives RIL 178, which is observational)"
exp160-chain-0057-hard,1,dose_response_shape,"SESSION
You are analysing experiment 160 at the Norwood phenotyping facility: a zinc (Zn)
dose series on 6 Thlaspi arvense (pennycress) accessions at 0, 25, 50, 100, 250
and 500 mg kg-1, imaged over 28 days in six modalities.

This is a 7-round investigation. Each round gives you the results of the tool
calls it needs, already run; how many there are varies by round. Later rounds
build on what you established earlier and will not repeat it, so keep your own
answers.

TOOLS (results are inlined; you cannot issue new calls)
  db_lookup(table=, select=, where=, group_by=)   the measurement store
  schema_lookup(trait=)                           which modality records a trait, and in what unit
  qc_lookup(table=, select=, where=)              flags, exclusions, usable counts
  design_lookup(aspect=)                          the protocol: dose series, accession panel,
                                                  imaging rounds, replication plan
  literature_lookup(species=, property=)          published claims
  embedding_lookup(space=, query=, k=)            nearest accessions by profile similarity

TERMS
  treatment        the zinc dose, in mg kg-1
  genotype         the accession label
  Fv/Fm_Lss        photosystem-II efficiency, from the fc1 modality
  area_mm2         leaf area
  n_plants         distinct plants behind a cell
  round_to_round   variance of an accession's per-round means
  within_round     variance between plants inside one imaging round

ROUND 1 - TASK (dose_response_shape)
At which zinc dose does mean Fv/Fm_Lss peak across the panel?

RULES
1. Two rows in the store carry a similar trait name. Only the
   plant-level trait is the panel measurement; the dictionary says
   which that is.
2. A treatment cell must clear the usable-plant floor in the quality
   gate before it can be called a peak.
3. Judge the curve as a whole, not a single cell.

TOOL OUTPUTS

>>> qc_lookup(table=""fc1_values"", select=[""treatment"", ""n_plants_usable""], where=""trait='Fv/Fm_Lss'"")
    plants surviving QC per treatment; the floor for a panel claim is 12.
    treatment  n_plants_usable
    ---------  ---------------
    0          59
    25         52
    50         60
    100        55
    250        5
    500        51

>>> schema_lookup(trait=""Fv/Fm_Lss"")
    trait dictionary: where the trait lives and at what entity level.
    trait          modality  table       unit  entity_level
    -------------  --------  ----------  ----  ------------
    Fv/Fm_Lss      fc1       fc1_values  a.u.  plant
    avg_Fv/Fm_Lss  fc1       fc1_values  a.u.  region

>>> db_lookup(table=""fc1_values"", select=[""trait"", ""mean_value""], where=""experiment_id=160"", group_by=[""trait"", ""treatment""])
    mean value by trait, one column per treatment (mg kg-1).
    trait          t0     t25    t50    t100   t250   t500
    -------------  -----  -----  -----  -----  -----  -----
    Fv/Fm_Lss      0.472  0.510  0.518  0.533  0.558  0.479
    avg_Fv/Fm_Lss  0.424  0.464  0.434  0.396  0.391  0.558

OUTPUT FORMAT
Reply with exactly one line and nothing else:
ANSWER: <dose in mg kg-1, digits only>
","(qc_lookup[358:446],schema_lookup[446:544],db_lookup[544:695])",100,(depends on: -; the plant-level Fv/Fm_Lss row peaks at 0.533 on t100 -> 100; ablations: reading the alias row gives 500; ignoring the quality gate gives 250 on 5 plants)
exp160-chain-0057-hard,2,transition_sensitivity,"ROUND 2 - TASK (transition_sensitivity)
Starting from the zinc dose you identified in round 1, which accession
loses the most Fv/Fm_Lss when the dose is raised to the next level of the
design series?

RULES
1. The store also holds a pilot dose that is not a level of the
   design series. The next level is the next one in the design
   table, which need not be the next column.
2. Only accessions in the core panel can be ranked; observational
   ones are carried for reference.
3. Compare each accession against itself across the two doses.

TOOL OUTPUTS

>>> design_lookup(aspect=""dose_series"")
    the design levels, in order. Doses absent here are pilot cells.
    level  treatment
    -----  ---------
    1      0
    2      25
    3      50
    4      100
    5      250
    6      500

>>> db_lookup(table=""fc1_values"", select=[""genotype"", ""mean_value""], where=""trait='Fv/Fm_Lss'"", group_by=[""genotype"", ""treatment""])
    mean Fv/Fm_Lss by accession, one column per treatment in the store.
    genotype  t0     t100   t175   t250
    --------  -----  -----  -----  -----
    74        0.523  0.487  0.313  0.304
    Esp12     0.557  0.513  0.482  0.451
    81        0.523  0.482  0.455  0.143
    NIL 71    0.527  0.520  0.481  0.288
    RIL 305   0.548  0.504  0.489  0.472

>>> design_lookup(aspect=""accession_panel"")
    panel membership for this experiment.
    genotype  panel_role
    --------  -------------
    74        core
    Esp12     core
    81        observational
    NIL 71    core
    RIL 305   core

OUTPUT FORMAT
Reply with exactly one line and nothing else:
ANSWER: <accession label exactly as it appears in the table>
","(design_lookup[113:166],db_lookup[166:328],design_lookup[328:380])",NIL 71,"(depends on: round 1 answer 100; the step is t100->t250, not the adjacent column t175 which is a pilot cell; per-accession drop NIL 71:+0.232  74:+0.183  Esp12:+0.062  RIL 305:+0.032 -> NIL 71; ablations: stepping to the next column instead of the next design level gives 74; ranking without the panel table gives 81, which is observational)"
exp160-chain-0057-hard,3,cross_modality_peak,"ROUND 3 - TASK (cross_modality_peak)
For the accession identified in round 2: at which dose does its leaf area
(area_mm2) peak, and does that dose agree with where Fv/Fm_Lss peaked
in round 1?

RULES
1. More than one modality reports this trait. Use the one the
   dictionary marks primary; the other is a derived estimate.
2. A cell flagged empty_mask carries no usable area and cannot be
   the peak. low_mask_coverage is on nearly every row and is not a
   reason to discard.
3. The verdict is AGREES when the area peak falls on the dose from
   round 1, and DISAGREES otherwise. Report both parts.

TOOL OUTPUTS

>>> db_lookup(table=""features"", select=[""modality"", ""genotype"", ""mean_area_mm2""], where=""trait='area_mm2'"", group_by=[""modality"", ""genotype"", ""treatment""])
    mean area_mm2 by modality and accession, one column per treatment.
    modality  genotype  t50    t100   t250   t500
    --------  --------  -----  -----  -----  -----
    rgb2      NIL 71    22.63  14.22  27.13  9.59
    rgb2      81        12.92  12.89  15.69  24.45
    rgb2      74        11.74  20.86  12.41  10.65
    rgb2      Esp12     7.82   9.75   18.78  10.16
    vnir      NIL 71    9.41   16.94  9.32   7.46
    vnir      81        9.71   10.92  18.22  10.54
    vnir      74        6.91   7.96   15.70  8.25
    vnir      Esp12     14.24  6.54   5.27   4.52

>>> schema_lookup(trait=""area_mm2"")
    modalities reporting this trait.
    trait     modality  modality_role       unit  trait_role
    --------  --------  ------------------  ----  ----------
    area_mm2  rgb2      top-view RGB        mm2   primary
    area_mm2  vnir      VNIR hyperspectral  mm2   derived

>>> qc_lookup(table=""rgb2_features"", select=[""genotype"", ""treatment"", ""flag""], where=""flag='empty_mask'"")
    cells voided by empty_mask.
    genotype  treatment  flag
    --------  ---------  ----------
    NIL 71    250        empty_mask
    81        500        empty_mask

OUTPUT FORMAT
Reply with exactly one line and nothing else:
ANSWER: <dose in mg kg-1, digits only>; <AGREES or DISAGREES>
","(db_lookup[126:347],schema_lookup[347:430],qc_lookup[430:509])",50; DISAGREES,(depends on: round 2 answer NIL 71 and round 1 answer 100; on the rgb2 row for NIL 71 the largest usable cell is t50 -> 50; DISAGREES; ablations: reading the vnir rows gives 100; AGREES; ignoring empty_mask gives 250; DISAGREES)
exp160-chain-0057-hard,4,modality_coverage,"ROUND 4 - TASK (modality_coverage)
For the accession identified in round 2: which modalities hold usable feature
rows for it in this experiment?

RULES
1. A modality never scheduled for this experiment does not count,
   even if rows for it exist: those were carried over.
2. A modality whose rows are all flagged holds nothing usable.
3. List the modalities in the column order of the store table.

TOOL OUTPUTS

>>> db_lookup(table=""features"", select=[""genotype"", ""modality"", ""n_rows""], group_by=[""genotype"", ""modality""])
    feature rows per accession, one column per modality.
    genotype  fc1  rgb2  msc1  vnir  swir  s3d
    --------  ---  ----  ----  ----  ----  ---
    NIL 71    34   64    59    34    0     40
    81        31   64    59    0     0     0
    74        28   59    56    0     38    0
    Esp12     0    56    62    28    46    0

>>> design_lookup(aspect=""imaging_rounds"")
    imaging rounds scheduled per modality for this experiment.
    modality  records                   rounds_scheduled
    --------  ------------------------  ----------------
    fc1       chlorophyll fluorescence  40
    rgb2      top-view RGB              48
    msc1      multispectral             33
    vnir      VNIR hyperspectral        44
    swir      SWIR hyperspectral        42
    s3d       3-D structural scan       0

>>> qc_lookup(table=""features"", select=[""genotype"", ""modality"", ""n_usable""], group_by=[""genotype"", ""modality""])
    rows surviving QC, one column per modality.
    genotype  fc1  rgb2  msc1  vnir  swir  s3d
    --------  ---  ----  ----  ----  ----  ---
    NIL 71    31   61    58    0     0     40
    81        31   61    57    0     0     0
    74        26   58    54    0     37    0
    Esp12     0    56    61    26    44    0

OUTPUT FORMAT
Reply with exactly one line and nothing else:
ANSWER: <modalities, comma separated, in table column order>
","(db_lookup[82:197],design_lookup[197:296],qc_lookup[296:410])","fc1, rgb2, msc1","(depends on: round 2 answer NIL 71; that row is non-zero for fc1, rgb2, msc1, vnir, s3d, but s3d was never scheduled and vnir has nothing left after QC -> fc1, rgb2, msc1; ablations: ignoring the schedule gives fc1, rgb2, msc1, s3d; ignoring the quality gate gives fc1, rgb2, msc1, vnir)"
exp160-chain-0057-hard,5,power_check,"ROUND 5 - TASK (power_check)
For the accession identified in round 2, at the dose identified in round 1: is
that cell replicated well enough to carry a genotype-level claim, and on how
many plants does that verdict rest?

RULES
1. The count that matters is plants remaining after exclusions, not
   the raw count in the store.
2. The floor depends on the claim level and is set by this study's
   replication plan; do not assume a value.
3. Report the verdict and the count behind it.

TOOL OUTPUTS

>>> db_lookup(table=""fc1_values"", select=[""genotype"", ""n_plants""], group_by=[""genotype"", ""treatment""])
    plants recorded per accession, one column per treatment.
    genotype  t0  t100  t175  t250
    --------  --  ----  ----  ----
    NIL 71    49  13    18    48
    81        7   31    9     53
    74        52  45    51    34
    Esp12     30  33    22    50

>>> design_lookup(aspect=""replication_plan"")
    minimum usable plants per claim level in this study.
    claim_level     min_usable_plants
    --------------  -----------------
    genotype-level  8
    panel-level     20

>>> schema_lookup(trait=""plant_height_mm"")
    trait dictionary entry.
    trait            modality  table         unit  entity_level
    ---------------  --------  ------------  ----  ------------
    plant_height_mm  s3d       s3d_features  mm    plant

>>> qc_lookup(table=""fc1_values"", select=[""genotype"", ""n_plants_excluded""], where=""flag IN ('empty_mask', 'sentinel')"")
    plants excluded per cell, one column per treatment.
    genotype  t0  t100  t175  t250
    --------  --  ----  ----  ----
    NIL 71    2   4     0     2
    81        2   2     4     0
    74        1   3     3     3
    Esp12     2   0     4     2

OUTPUT FORMAT
Reply with exactly one line and nothing else:
ANSWER: <WELL_REPLICATED or UNDERPOWERED>; <usable plants>
","(db_lookup[107:200],design_lookup[200:262],schema_lookup[262:338],qc_lookup[338:435])",WELL_REPLICATED; 9,"(depends on: round 2 answer NIL 71 and round 1 answer 100; the store holds 13 plants for that cell, qc_lookup removes 4, and the floor is 8 -> WELL_REPLICATED; 9; ablations: skipping the exclusions gives WELL_REPLICATED; 13; assuming the conventional floor of 10 gives UNDERPOWERED; 9)"
exp160-chain-0057-hard,6,variance_regime,"ROUND 6 - TASK (variance_regime)
Name the cell -- accession and dose -- at which the accession identified in
round 2 first shows round-to-round variance of Fv/Fm_Lss exceeding its
within-round variance.

RULES
1. The two variances come from separate queries; compare them cell by
   cell.
2. A cell built on fewer than 3 imaging rounds is not
   comparable and must be skipped, however its numbers look.
3. Report the first qualifying dose reading left to right, not the
   largest gap, and name the accession alongside it.

TOOL OUTPUTS

>>> qc_lookup(table=""fc1_values"", select=[""genotype"", ""n_rounds""], where=""trait='Fv/Fm_Lss'"")
    imaging rounds behind each cell, one column per treatment.
    genotype  t0  t25  t50  t100  t250  t500
    --------  --  ---  ---  ----  ----  ----
    NIL 71    4   7    6    2     9     4
    81        4   4    6    4     6     8
    74        9   7    4    9     4     9
    Esp12     6   9    8    9     5     4

>>> db_lookup(table=""fc1_values"", select=[""genotype"", ""round_to_round""], where=""trait='Fv/Fm_Lss'"", group_by=[""genotype"", ""treatment""])
    round-to-round variance, one column per treatment.
    genotype  t0     t25    t50    t100   t250   t500
    --------  -----  -----  -----  -----  -----  -----
    NIL 71    0.015  0.025  0.040  0.051  0.063  0.074
    81        0.016  0.029  0.039  0.051  0.065  0.077
    74        0.013  0.028  0.040  0.051  0.061  0.076
    Esp12     0.013  0.027  0.038  0.052  0.064  0.077

>>> db_lookup(table=""fc1_values"", select=[""genotype"", ""within_round""], where=""trait='Fv/Fm_Lss'"", group_by=[""genotype"", ""treatment""])
    within-round variance, one column per treatment.
    genotype  t0     t25    t50    t100   t250   t500
    --------  -----  -----  -----  -----  -----  -----
    NIL 71    0.040  0.035  0.065  0.030  0.052  0.057
    81        0.043  0.048  0.060  0.067  0.038  0.062
    74        0.036  0.047  0.048  0.059  0.091  0.058
    Esp12     0.023  0.021  0.030  0.041  0.054  0.049

OUTPUT FORMAT
Reply with exactly one line and nothing else:
ANSWER: <accession>@<dose>
","(qc_lookup[111:221],db_lookup[221:402],db_lookup[402:581])",NIL 71@250,"(depends on: round 2 answer NIL 71; comparing the two variance tables cell by cell, NIL 71 first crosses at t100, but that cell rests on 2 imaging rounds, under the 3 needed, so the first comparable crossing is t250 -> NIL 71@250; ablations: taking the largest round-to-round value without the within-round table gives NIL 71@500; ignoring the round counts gives NIL 71@100)"
exp160-chain-0057-hard,7,literature_audit,"ROUND 7 - TASK (literature_audit)
Three published claims are on file. Judge the one that concerns this
experiment's species against the accession identified in round 2, and say
which source you judged.

RULES
1. Exactly one source concerns the species under study here; the others
   are about different species and are not yours to judge.
2. OUT_OF_SCOPE if the source's studied dose range does not overlap
   this experiment's series: the claim cannot be tested here.
3. Otherwise SUPPORTED if the claimed peak matches that accession's own
   measured peak, CONTRADICTED if it does not.
4. Report the verdict and the source.

TOOL OUTPUTS

>>> design_lookup(aspect=""dose_series"")
    the design levels of this experiment, in order.
    level  treatment
    -----  ---------
    1      0
    2      25
    3      50
    4      100
    5      250
    6      500

>>> literature_lookup(species=""Thlaspi arvense"", property=""hormesis"")
    published peak-dose claims, with the dose range each study covered (mg kg-1).
    source            species               property  claimed_peak  range_studied
    ----------------  --------------------  --------  ------------  -------------
    lit:Baumann2021   Brassica napus        hormesis  250           0-500
    lit:Baumann2015   Thlaspi arvense       hormesis  0             0-500
    lit:Ferreira2024  Arabidopsis thaliana  hormesis  50            0-500

>>> db_lookup(table=""fc1_values"", select=[""genotype"", ""peak_treatment""], where=""trait='Fv/Fm_Lss'"", group_by=[""genotype""])
    the treatment at which each accession's own Fv/Fm_Lss is highest.
    genotype  peak_treatment
    --------  --------------
    NIL 71    0
    81        500
    74        250
    Esp12     100

OUTPUT FORMAT
Reply with exactly one line and nothing else:
ANSWER: <SUPPORTED, CONTRADICTED or OUT_OF_SCOPE>; <source id>
","(design_lookup[126:175],literature_lookup[175:317],db_lookup[317:408])",SUPPORTED; lit:Baumann2015,"(depends on: round 2 answer NIL 71; only lit:Baumann2015 concerns Thlaspi arvense; it claims a peak at 0 mg kg-1 over 0-500, against a series topping out at 500 and a measured peak of 0 for that accession -> SUPPORTED; lit:Baumann2015; ablations: judging a source about another species gives CONTRADICTED; lit:Baumann2021; skipping the scope check gives SUPPORTED; lit:Baumann2015)"
exp138-chain-0058-low,1,dose_response_shape,"SESSION
You are analysing experiment 138 at the Norwood phenotyping facility: a cobalt
(Co) dose series on 6 Arabidopsis thaliana (arabidopsis) accessions at 0, 25, 50,
100, 250 and 500 mg kg-1, imaged over 28 days in six modalities.

This is a 3-round investigation. Each round gives you the results of the tool
calls it needs, already run; how many there are varies by round. Later rounds
build on what you established earlier and will not repeat it, so keep your own
answers.

TOOLS (results are inlined; you cannot issue new calls)
  db_lookup(table=, select=, where=, group_by=)   the measurement store
  schema_lookup(trait=)                           which modality records a trait, and in what unit
  qc_lookup(table=, select=, where=)              flags, exclusions, usable counts
  design_lookup(aspect=)                          the protocol: dose series, accession panel,
                                                  imaging rounds, replication plan
  literature_lookup(species=, property=)          published claims
  embedding_lookup(space=, query=, k=)            nearest accessions by profile similarity

TERMS
  treatment        the cobalt dose, in mg kg-1
  genotype         the accession label
  Fv/Fm_Lss        photosystem-II efficiency, from the fc1 modality
  area_mm2         leaf area
  n_plants         distinct plants behind a cell
  round_to_round   variance of an accession's per-round means
  within_round     variance between plants inside one imaging round

ROUND 1 - TASK (dose_response_shape)
At which cobalt dose does mean Fv/Fm_Lss peak across the panel?

RULES
1. A treatment cell must clear the usable-plant floor in the quality
   gate before it can be called a peak.
2. Judge the curve as a whole, not a single cell.

TOOL OUTPUTS

>>> db_lookup(table=""fc1_values"", select=[""trait"", ""mean_value""], where=""experiment_id=138"", group_by=[""trait"", ""treatment""])
    mean value by trait, one column per treatment (mg kg-1).
    trait      t0     t25    t50    t100   t250   t500
    ---------  -----  -----  -----  -----  -----  -----
    Fv/Fm_Lss  0.511  0.519  0.533  0.566  0.470  0.454

>>> qc_lookup(table=""fc1_values"", select=[""treatment"", ""n_plants_usable""], where=""trait='Fv/Fm_Lss'"")
    plants surviving QC per treatment; the floor for a panel claim is 12.
    treatment  n_plants_usable
    ---------  ---------------
    0          53
    25         57
    50         54
    100        2
    250        50
    500        56

OUTPUT FORMAT
Reply with exactly one line and nothing else:
ANSWER: <dose in mg kg-1, digits only>
","(db_lookup[327:453],qc_lookup[453:541])",50,(depends on: -; the plant-level Fv/Fm_Lss row peaks at 0.533 on t50 -> 50; ablations: ignoring the quality gate gives 100 on 2 plants)
exp138-chain-0058-low,2,transition_sensitivity,"ROUND 2 - TASK (transition_sensitivity)
Starting from the cobalt dose you identified in round 1, which accession
loses the most Fv/Fm_Lss when the dose is raised to the next level of the
design series?

RULES
1. Compare each accession against itself across the two doses.

TOOL OUTPUTS

>>> db_lookup(table=""fc1_values"", select=[""genotype"", ""mean_value""], where=""trait='Fv/Fm_Lss'"", group_by=[""genotype"", ""treatment""])
    mean Fv/Fm_Lss by accession, one column per treatment in the store.
    genotype   t0     t50    t100   t500
    ---------  -----  -----  -----  -----
    MAGIC 318  0.541  0.526  0.508  0.486
    58         0.544  0.522  0.482  0.455
    ISU 350    0.537  0.532  0.327  0.288
    Ecm60      0.523  0.498  0.480  0.438

OUTPUT FORMAT
Reply with exactly one line and nothing else:
ANSWER: <accession label exactly as it appears in the table>
",(db_lookup[55:205]),ISU 350,(depends on: round 1 answer 50; the step is t50->t100; per-accession drop ISU 350:+0.205  58:+0.040  MAGIC 318:+0.018  Ecm60:+0.018 -> ISU 350; no complications at this tier)
exp138-chain-0058-low,3,cross_modality_peak,"ROUND 3 - TASK (cross_modality_peak)
For the accession identified in round 2: at which dose does its leaf area
(area_mm2) peak, and does that dose agree with where Fv/Fm_Lss peaked
in round 1?

RULES
1. More than one modality reports this trait. Use the one the
   dictionary marks primary; the other is a derived estimate.
2. The verdict is AGREES when the area peak falls on the dose from
   round 1, and DISAGREES otherwise. Report both parts.

TOOL OUTPUTS

>>> db_lookup(table=""features"", select=[""modality"", ""genotype"", ""mean_area_mm2""], where=""trait='area_mm2'"", group_by=[""modality"", ""genotype"", ""treatment""])
    mean area_mm2 by modality and accession, one column per treatment.
    modality  genotype   t25    t50    t100   t250
    --------  ---------  -----  -----  -----  -----
    rgb2      ISU 350    21.99  12.88  10.66  8.41
    rgb2      MAGIC 118  14.68  23.61  14.98  13.26
    rgb2      Ecm60      12.36  14.09  22.56  13.52
    rgb2      58         9.27   10.46  12.12  21.46
    swir      ISU 350    7.52   9.13   16.49  8.97
    swir      MAGIC 118  8.26   9.96   17.63  10.38
    swir      Ecm60      9.56   16.89  9.65   8.87
    swir      58         9.11   16.12  8.36   8.09

>>> schema_lookup(trait=""area_mm2"")
    modalities reporting this trait.
    trait     modality  modality_role       unit  trait_role
    --------  --------  ------------------  ----  ----------
    area_mm2  rgb2      top-view RGB        mm2   primary
    area_mm2  swir      SWIR hyperspectral  mm2   derived

OUTPUT FORMAT
Reply with exactly one line and nothing else:
ANSWER: <dose in mg kg-1, digits only>; <AGREES or DISAGREES>
","(db_lookup[96:320],schema_lookup[320:403])",25; DISAGREES,(depends on: round 2 answer ISU 350 and round 1 answer 50; on the rgb2 row for ISU 350 the largest usable cell is t25 -> 25; DISAGREES; ablations: reading the swir rows gives 100; DISAGREES)
exp156-chain-0059-hard,1,dose_response_shape,"SESSION
You are analysing experiment 156 at the Ridgefield phenotyping facility: a cadmium
(Cd) dose series on 6 Brassica napus (oilseed rape) accessions at 0, 25, 50, 100,
250 and 500 mg kg-1, imaged over 28 days in six modalities.

This is a 7-round investigation. Each round gives you the results of the tool
calls it needs, already run; how many there are varies by round. Later rounds
build on what you established earlier and will not repeat it, so keep your own
answers.

TOOLS (results are inlined; you cannot issue new calls)
  db_lookup(table=, select=, where=, group_by=)   the measurement store
  schema_lookup(trait=)                           which modality records a trait, and in what unit
  qc_lookup(table=, select=, where=)              flags, exclusions, usable counts
  design_lookup(aspect=)                          the protocol: dose series, accession panel,
                                                  imaging rounds, replication plan
  literature_lookup(species=, property=)          published claims
  embedding_lookup(space=, query=, k=)            nearest accessions by profile similarity

TERMS
  treatment        the cadmium dose, in mg kg-1
  genotype         the accession label
  Fv/Fm_Lss        photosystem-II efficiency, from the fc1 modality
  area_mm2         leaf area
  n_plants         distinct plants behind a cell
  round_to_round   variance of an accession's per-round means
  within_round     variance between plants inside one imaging round

ROUND 1 - TASK (dose_response_shape)
At which cadmium dose does mean Fv/Fm_Lss peak across the panel?

RULES
1. Two rows in the store carry a similar trait name. Only the
   plant-level trait is the panel measurement; the dictionary says
   which that is.
2. A treatment cell must clear the usable-plant floor in the quality
   gate before it can be called a peak.
3. Judge the curve as a whole, not a single cell.

TOOL OUTPUTS

>>> db_lookup(table=""fc1_values"", select=[""trait"", ""mean_value""], where=""experiment_id=156"", group_by=[""trait"", ""treatment""])
    mean value by trait, one column per treatment (mg kg-1).
    trait          t0     t25    t50    t100   t250   t500
    -------------  -----  -----  -----  -----  -----  -----
    Fv/Fm_Lss      0.490  0.506  0.566  0.532  0.505  0.472
    avg_Fv/Fm_Lss  0.415  0.597  0.452  0.438  0.459  0.456

>>> qc_lookup(table=""fc1_values"", select=[""treatment"", ""n_plants_usable""], where=""trait='Fv/Fm_Lss'"")
    plants surviving QC per treatment; the floor for a panel claim is 8.
    treatment  n_plants_usable
    ---------  ---------------
    0          58
    25         56
    50         5
    100        50
    250        48
    500        52

>>> schema_lookup(trait=""Fv/Fm_Lss"")
    trait dictionary: where the trait lives and at what entity level.
    trait          modality  table       unit  entity_level
    -------------  --------  ----------  ----  ------------
    Fv/Fm_Lss      fc1       fc1_values  a.u.  plant
    avg_Fv/Fm_Lss  fc1       fc1_values  a.u.  region

OUTPUT FORMAT
Reply with exactly one line and nothing else:
ANSWER: <dose in mg kg-1, digits only>
","(db_lookup[359:510],qc_lookup[510:598],schema_lookup[598:696])",100,(depends on: -; the plant-level Fv/Fm_Lss row peaks at 0.532 on t100 -> 100; ablations: reading the alias row gives 25; ignoring the quality gate gives 50 on 5 plants)
exp156-chain-0059-hard,2,transition_sensitivity,"ROUND 2 - TASK (transition_sensitivity)
Starting from the cadmium dose you identified in round 1, which accession
loses the most Fv/Fm_Lss when the dose is raised to the next level of the
design series?

RULES
1. The store also holds a pilot dose that is not a level of the
   design series. The next level is the next one in the design
   table, which need not be the next column.
2. Only accessions in the core panel can be ranked; observational
   ones are carried for reference.
3. Compare each accession against itself across the two doses.

TOOL OUTPUTS

>>> design_lookup(aspect=""dose_series"")
    the design levels, in order. Doses absent here are pilot cells.
    level  treatment
    -----  ---------
    1      0
    2      25
    3      50
    4      100
    5      250
    6      500

>>> design_lookup(aspect=""accession_panel"")
    panel membership for this experiment.
    genotype   panel_role
    ---------  -------------
    MAGIC 309  core
    Ecm29      core
    79         observational
    MAGIC 340  core
    61         core

>>> db_lookup(table=""fc1_values"", select=[""genotype"", ""mean_value""], where=""trait='Fv/Fm_Lss'"", group_by=[""genotype"", ""treatment""])
    mean Fv/Fm_Lss by accession, one column per treatment in the store.
    genotype   t25    t100   t175   t250
    ---------  -----  -----  -----  -----
    MAGIC 309  0.540  0.510  0.461  0.274
    Ecm29      0.556  0.524  0.495  0.470
    79         0.536  0.526  0.484  0.193
    MAGIC 340  0.530  0.513  0.496  0.466
    61         0.540  0.497  0.326  0.307

OUTPUT FORMAT
Reply with exactly one line and nothing else:
ANSWER: <accession label exactly as it appears in the table>
","(design_lookup[113:166],design_lookup[166:219],db_lookup[219:382])",MAGIC 309,"(depends on: round 1 answer 100; the step is t100->t250, not the adjacent column t175 which is a pilot cell; per-accession drop MAGIC 309:+0.236  61:+0.190  Ecm29:+0.054  MAGIC 340:+0.047 -> MAGIC 309; ablations: stepping to the next column instead of the next design level gives 61; ranking without the panel table gives 79, which is observational)"
exp156-chain-0059-hard,3,cross_modality_peak,"ROUND 3 - TASK (cross_modality_peak)
For the accession identified in round 2: at which dose does its leaf area
(area_mm2) peak, and does that dose agree with where Fv/Fm_Lss peaked
in round 1?

RULES
1. More than one modality reports this trait. Use the one the
   dictionary marks primary; the other is a derived estimate.
2. A cell flagged empty_mask carries no usable area and cannot be
   the peak. low_mask_coverage is on nearly every row and is not a
   reason to discard.
3. The verdict is AGREES when the area peak falls on the dose from
   round 1, and DISAGREES otherwise. Report both parts.

TOOL OUTPUTS

>>> schema_lookup(trait=""area_mm2"")
    modalities reporting this trait.
    trait     modality  modality_role       unit  trait_role
    --------  --------  ------------------  ----  ----------
    area_mm2  rgb2      top-view RGB        mm2   primary
    area_mm2  swir      SWIR hyperspectral  mm2   derived

>>> qc_lookup(table=""rgb2_features"", select=[""genotype"", ""treatment"", ""flag""], where=""flag='empty_mask'"")
    cells voided by empty_mask.
    genotype   treatment  flag
    ---------  ---------  ----------
    MAGIC 309  500        empty_mask
    79         500        empty_mask

>>> db_lookup(table=""features"", select=[""modality"", ""genotype"", ""mean_area_mm2""], where=""trait='area_mm2'"", group_by=[""modality"", ""genotype"", ""treatment""])
    mean area_mm2 by modality and accession, one column per treatment.
    modality  genotype   t0     t100   t250   t500
    --------  ---------  -----  -----  -----  -----
    rgb2      MAGIC 309  10.38  18.86  9.61   23.36
    rgb2      79         24.23  15.74  14.02  12.94
    rgb2      MAGIC 340  7.28   10.47  12.78  21.44
    rgb2      Ecm29      7.21   10.18  18.76  10.04
    swir      MAGIC 309  6.24   7.23   14.31  6.55
    swir      79         7.48   8.48   10.56  18.06
    swir      MAGIC 340  16.11  8.88   7.01   5.42
    swir      Ecm29      4.11   5.46   6.79   14.23

OUTPUT FORMAT
Reply with exactly one line and nothing else:
ANSWER: <dose in mg kg-1, digits only>; <AGREES or DISAGREES>
","(schema_lookup[126:209],qc_lookup[209:289],db_lookup[289:513])",100; AGREES,(depends on: round 2 answer MAGIC 309 and round 1 answer 100; on the rgb2 row for MAGIC 309 the largest usable cell is t100 -> 100; AGREES; ablations: reading the swir rows gives 250; DISAGREES; ignoring empty_mask gives 500; DISAGREES)
exp156-chain-0059-hard,4,modality_coverage,"ROUND 4 - TASK (modality_coverage)
For the accession identified in round 2: which modalities hold usable feature
rows for it in this experiment?

RULES
1. A modality never scheduled for this experiment does not count,
   even if rows for it exist: those were carried over.
2. A modality whose rows are all flagged holds nothing usable.
3. List the modalities in the column order of the store table.

TOOL OUTPUTS

>>> qc_lookup(table=""features"", select=[""genotype"", ""modality"", ""n_usable""], group_by=[""genotype"", ""modality""])
    rows surviving QC, one column per modality.
    genotype   fc1  rgb2  msc1  vnir  swir  s3d
    ---------  ---  ----  ----  ----  ----  ---
    MAGIC 309  0    66    59    19    0     0
    79         21   57    57    0     0     15
    MAGIC 340  37   66    62    0     0     14
    Ecm29      12   58    66    0     0     29

>>> literature_lookup(species=""Brassica napus"", property=""metal hyperaccumulation"")
    published shoot-concentration ranges; no dose-response claim attached.
    source          species         property                 shoot_mg_kg
    --------------  --------------  -----------------------  -----------
    lit:Osorio2020  Brassica napus  metal hyperaccumulation  44-310

>>> db_lookup(table=""features"", select=[""genotype"", ""modality"", ""n_rows""], group_by=[""genotype"", ""modality""])
    feature rows per accession, one column per modality.
    genotype   fc1  rgb2  msc1  vnir  swir  s3d
    ---------  ---  ----  ----  ----  ----  ---
    MAGIC 309  0    66    61    21    46    0
    79         21   59    57    0     0     15
    MAGIC 340  39   67    63    0     0     15
    Ecm29      15   59    67    0     0     31

>>> design_lookup(aspect=""imaging_rounds"")
    imaging rounds scheduled per modality for this experiment.
    modality  records                   rounds_scheduled
    --------  ------------------------  ----------------
    fc1       chlorophyll fluorescence  38
    rgb2      top-view RGB              41
    msc1      multispectral             43
    vnir      VNIR hyperspectral        0
    swir      SWIR hyperspectral        45
    s3d       3-D structural scan       27

OUTPUT FORMAT
Reply with exactly one line and nothing else:
ANSWER: <modalities, comma separated, in table column order>
","(qc_lookup[82:198],literature_lookup[198:306],db_lookup[306:423],design_lookup[423:522])","rgb2, msc1","(depends on: round 2 answer MAGIC 309; that row is non-zero for rgb2, msc1, vnir, swir, but vnir was never scheduled and swir has nothing left after QC -> rgb2, msc1; ablations: ignoring the schedule gives rgb2, msc1, vnir; ignoring the quality gate gives rgb2, msc1, swir)"
exp156-chain-0059-hard,5,analogue_search,"ROUND 5 - TASK (analogue_search)
For the accession identified in round 2: which accession is its nearest
analogue by Fv/Fm_Lss dose-response profile, and does that analogue's own
peak fall on the dose you identified in round 1?

RULES
1. Take the nearest neighbour that is eligible: observational
   accessions cannot be analogues.
2. Neighbours are listed in descending similarity.
3. Report the analogue, then MATCHES if its own peak is the dose from
   round 1 and DIVERGES if it is not.

TOOL OUTPUTS

>>> design_lookup(aspect=""accession_panel"")
    panel membership for this experiment.
    genotype   panel_role
    ---------  -------------
    MAGIC 309  core
    79         observational
    MAGIC 340  core
    Ecm29      core

>>> db_lookup(table=""fc1_values"", select=[""genotype"", ""peak_treatment""], where=""trait='Fv/Fm_Lss'"", group_by=[""genotype""])
    the treatment at which each accession's own Fv/Fm_Lss is highest.
    genotype   peak_treatment
    ---------  --------------
    MAGIC 309  500
    79         50
    MAGIC 340  250
    Ecm29      100

>>> embedding_lookup(space=""dose_response_profile"", query=""panel"", k=3)
    nearest accessions by Fv/Fm_Lss profile, for every panel member.
    genotype   neighbour_1        neighbour_2        neighbour_3
    ---------  -----------------  -----------------  -----------------
    MAGIC 309  79 (0.969)         Ecm29 (0.891)      MAGIC 340 (0.716)
    79         MAGIC 309 (0.933)  MAGIC 340 (0.822)  Ecm29 (0.604)
    MAGIC 340  Ecm29 (0.915)      79 (0.777)         MAGIC 309 (0.698)
    Ecm29      79 (0.870)         MAGIC 309 (0.727)  MAGIC 340 (0.622)

OUTPUT FORMAT
Reply with exactly one line and nothing else:
ANSWER: <accession label>; <MATCHES or DIVERGES>
","(design_lookup[101:152],db_lookup[152:245],embedding_lookup[245:427])",Ecm29; MATCHES,"(depends on: round 2 answer MAGIC 309 and round 1 answer 100; the nearest eligible analogue is Ecm29, whose own peak is t100 -> Ecm29; MATCHES; ablations: taking the nearest neighbour regardless of panel role gives 79; DIVERGES)"
exp156-chain-0059-hard,6,variance_regime,"ROUND 6 - TASK (variance_regime)
Name the cell -- accession and dose -- at which the accession identified in
round 2 first shows round-to-round variance of Fv/Fm_Lss exceeding its
within-round variance.

RULES
1. The two variances come from separate queries; compare them cell by
   cell.
2. A cell built on fewer than 3 imaging rounds is not
   comparable and must be skipped, however its numbers look.
3. Report the first qualifying dose reading left to right, not the
   largest gap, and name the accession alongside it.

TOOL OUTPUTS

>>> qc_lookup(table=""fc1_values"", select=[""genotype"", ""n_rounds""], where=""trait='Fv/Fm_Lss'"")
    imaging rounds behind each cell, one column per treatment.
    genotype   t0  t25  t50  t100  t250  t500
    ---------  --  ---  ---  ----  ----  ----
    MAGIC 309  5   2    9    9     7     6
    79         4   5    6    5     9     6
    MAGIC 340  4   7    8    7     6     9
    Ecm29      4   8    4    6     4     9

>>> db_lookup(table=""fc1_values"", select=[""genotype"", ""within_round""], where=""trait='Fv/Fm_Lss'"", group_by=[""genotype"", ""treatment""])
    within-round variance, one column per treatment.
    genotype   t0     t25    t50    t100   t250   t500
    ---------  -----  -----  -----  -----  -----  -----
    MAGIC 309  0.031  0.019  0.029  0.030  0.055  0.046
    79         0.043  0.047  0.014  0.024  0.041  0.045
    MAGIC 340  0.036  0.058  0.061  0.072  0.044  0.049
    Ecm29      0.032  0.036  0.047  0.023  0.054  0.068

>>> db_lookup(table=""fc1_values"", select=[""genotype"", ""round_to_round""], where=""trait='Fv/Fm_Lss'"", group_by=[""genotype"", ""treatment""])
    round-to-round variance, one column per treatment.
    genotype   t0     t25    t50    t100   t250   t500
    ---------  -----  -----  -----  -----  -----  -----
    MAGIC 309  0.013  0.026  0.037  0.051  0.063  0.073
    79         0.015  0.028  0.041  0.052  0.064  0.074
    MAGIC 340  0.015  0.028  0.038  0.053  0.064  0.074
    Ecm29      0.013  0.027  0.037  0.050  0.063  0.076

OUTPUT FORMAT
Reply with exactly one line and nothing else:
ANSWER: <accession>@<dose>
","(qc_lookup[111:223],db_lookup[223:404],db_lookup[404:587])",MAGIC 309@50,"(depends on: round 2 answer MAGIC 309; comparing the two variance tables cell by cell, MAGIC 309 first crosses at t25, but that cell rests on 2 imaging rounds, under the 3 needed, so the first comparable crossing is t50 -> MAGIC 309@50; ablations: taking the largest round-to-round value without the within-round table gives MAGIC 309@500; ignoring the round counts gives MAGIC 309@25)"
exp156-chain-0059-hard,7,literature_audit,"ROUND 7 - TASK (literature_audit)
Three published claims are on file. Judge the one that concerns this
experiment's species against the accession identified in round 2, and say
which source you judged.

RULES
1. Exactly one source concerns the species under study here; the others
   are about different species and are not yours to judge.
2. OUT_OF_SCOPE if the source's studied dose range does not overlap
   this experiment's series: the claim cannot be tested here.
3. Otherwise SUPPORTED if the claimed peak matches that accession's own
   measured peak, CONTRADICTED if it does not.
4. Report the verdict and the source.

TOOL OUTPUTS

>>> design_lookup(aspect=""imaging_rounds"")
    imaging rounds scheduled per modality.
    modality  records                   rounds_scheduled
    --------  ------------------------  ----------------
    fc1       chlorophyll fluorescence  62
    rgb2      top-view RGB              47
    msc1      multispectral             47
    vnir      VNIR hyperspectral        41

>>> literature_lookup(species=""Brassica napus"", property=""hormesis"")
    published peak-dose claims, with the dose range each study covered (mg kg-1).
    source           species          property  claimed_peak  range_studied
    ---------------  ---------------  --------  ------------  -------------
    lit:Osorio2024   Thlaspi arvense  hormesis  100           0-500
    lit:Weber2018    Camelina sativa  hormesis  0             0-500
    lit:Baumann2022  Brassica napus   hormesis  25            0-500

>>> design_lookup(aspect=""dose_series"")
    the design levels of this experiment, in order.
    level  treatment
    -----  ---------
    1      0
    2      25
    3      50
    4      100
    5      250
    6      500

>>> db_lookup(table=""fc1_values"", select=[""genotype"", ""peak_treatment""], where=""trait='Fv/Fm_Lss'"", group_by=[""genotype""])
    the treatment at which each accession's own Fv/Fm_Lss is highest.
    genotype   peak_treatment
    ---------  --------------
    MAGIC 309  500
    79         50
    MAGIC 340  500
    Ecm29      0

OUTPUT FORMAT
Reply with exactly one line and nothing else:
ANSWER: <SUPPORTED, CONTRADICTED or OUT_OF_SCOPE>; <source id>
","(design_lookup[126:211],literature_lookup[211:347],design_lookup[347:396],db_lookup[396:489])",CONTRADICTED; lit:Baumann2022,"(depends on: round 2 answer MAGIC 309; only lit:Baumann2022 concerns Brassica napus; it claims a peak at 25 mg kg-1 over 0-500, against a series topping out at 500 and a measured peak of 500 for that accession -> CONTRADICTED; lit:Baumann2022; ablations: judging a source about another species gives CONTRADICTED; lit:Osorio2024; skipping the scope check gives CONTRADICTED; lit:Baumann2022)"
exp11-chain-0060-low,1,dose_response_shape,"SESSION
You are analysing experiment 11 at the Ashfield phenotyping facility: a copper
(Cu) dose series on 6 Brassica napus (oilseed rape) accessions at 0, 50, 100, 200,
500 and 1000 mg kg-1, imaged over 28 days in six modalities.

This is a 3-round investigation. Each round gives you the results of the tool
calls it needs, already run; how many there are varies by round. Later rounds
build on what you established earlier and will not repeat it, so keep your own
answers.

TOOLS (results are inlined; you cannot issue new calls)
  db_lookup(table=, select=, where=, group_by=)   the measurement store
  schema_lookup(trait=)                           which modality records a trait, and in what unit
  qc_lookup(table=, select=, where=)              flags, exclusions, usable counts
  design_lookup(aspect=)                          the protocol: dose series, accession panel,
                                                  imaging rounds, replication plan
  literature_lookup(species=, property=)          published claims
  embedding_lookup(space=, query=, k=)            nearest accessions by profile similarity

TERMS
  treatment        the copper dose, in mg kg-1
  genotype         the accession label
  Fv/Fm_Lss        photosystem-II efficiency, from the fc1 modality
  area_mm2         leaf area
  n_plants         distinct plants behind a cell
  round_to_round   variance of an accession's per-round means
  within_round     variance between plants inside one imaging round

ROUND 1 - TASK (dose_response_shape)
At which copper dose does mean Fv/Fm_Lss peak across the panel?

RULES
1. A treatment cell must clear the usable-plant floor in the quality
   gate before it can be called a peak.
2. Judge the curve as a whole, not a single cell.

TOOL OUTPUTS

>>> db_lookup(table=""fc1_values"", select=[""trait"", ""mean_value""], where=""experiment_id=11"", group_by=[""trait"", ""treatment""])
    mean value by trait, one column per treatment (mg kg-1).
    trait      t0     t50    t100   t200   t500   t1000
    ---------  -----  -----  -----  -----  -----  -----
    Fv/Fm_Lss  0.475  0.494  0.504  0.520  0.539  0.445

>>> qc_lookup(table=""fc1_values"", select=[""treatment"", ""n_plants_usable""], where=""trait='Fv/Fm_Lss'"")
    plants surviving QC per treatment; the floor for a panel claim is 12.
    treatment  n_plants_usable
    ---------  ---------------
    0          50
    50         52
    100        59
    200        49
    500        8
    1000       55

OUTPUT FORMAT
Reply with exactly one line and nothing else:
ANSWER: <dose in mg kg-1, digits only>
","(db_lookup[328:454],qc_lookup[454:542])",200,(depends on: -; the plant-level Fv/Fm_Lss row peaks at 0.520 on t200 -> 200; ablations: ignoring the quality gate gives 500 on 8 plants)
exp11-chain-0060-low,2,transition_sensitivity,"ROUND 2 - TASK (transition_sensitivity)
Starting from the copper dose you identified in round 1, which accession
loses the most Fv/Fm_Lss when the dose is raised to the next level of the
design series?

RULES
1. The store also holds a pilot dose that is not a level of the
   design series. The next level is the next one in the design
   table, which need not be the next column.
2. Compare each accession against itself across the two doses.

TOOL OUTPUTS

>>> db_lookup(table=""fc1_values"", select=[""genotype"", ""mean_value""], where=""trait='Fv/Fm_Lss'"", group_by=[""genotype"", ""treatment""])
    mean Fv/Fm_Lss by accession, one column per treatment in the store.
    genotype  t100   t200   t350   t500
    --------  -----  -----  -----  -----
    MAGIC 61  0.555  0.520  0.361  0.355
    RIL 81    0.558  0.522  0.491  0.448
    RIL 109   0.539  0.506  0.458  0.251
    58        0.531  0.522  0.502  0.476

>>> design_lookup(aspect=""dose_series"")
    the design levels, in order. Doses absent here are pilot cells.
    level  treatment
    -----  ---------
    1      0
    2      50
    3      100
    4      200
    5      500
    6      1000

OUTPUT FORMAT
Reply with exactly one line and nothing else:
ANSWER: <accession label exactly as it appears in the table>
","(db_lookup[94:244],design_lookup[244:297])",RIL 109,"(depends on: round 1 answer 200; the step is t200->t500, not the adjacent column t350 which is a pilot cell; per-accession drop RIL 109:+0.255  MAGIC 61:+0.165  RIL 81:+0.074  58:+0.046 -> RIL 109; ablations: stepping to the next column instead of the next design level gives MAGIC 61)"
exp11-chain-0060-low,3,cross_modality_peak,"ROUND 3 - TASK (cross_modality_peak)
For the accession identified in round 2: at which dose does its leaf area
(area_mm2) peak, and does that dose agree with where Fv/Fm_Lss peaked
in round 1?

RULES
1. The verdict is AGREES when the area peak falls on the dose from
   round 1, and DISAGREES otherwise. Report both parts.

TOOL OUTPUTS

>>> db_lookup(table=""features"", select=[""modality"", ""genotype"", ""mean_area_mm2""], where=""trait='area_mm2'"", group_by=[""modality"", ""genotype"", ""treatment""])
    mean area_mm2 by modality and accession, one column per treatment.
    modality  genotype  t50    t200   t500   t1000
    --------  --------  -----  -----  -----  -----
    rgb2      RIL 109   8.77   10.89  19.68  11.17
    rgb2      62        15.50  23.95  14.77  13.31
    rgb2      RIL 81    18.03  9.03   6.48   5.74
    rgb2      58        8.45   11.35  13.50  22.30

OUTPUT FORMAT
Reply with exactly one line and nothing else:
ANSWER: <dose in mg kg-1, digits only>; <AGREES or DISAGREES>
",(db_lookup[71:236]),500; DISAGREES,(depends on: round 2 answer RIL 109 and round 1 answer 200; on the rgb2 row for RIL 109 the largest usable cell is t500 -> 500; DISAGREES; no complications at this tier)
exp128-chain-0061-hard,1,dose_response_shape,"SESSION
You are analysing experiment 128 at the Ashfield phenotyping facility: a copper
(Cu) dose series on 6 Arabidopsis thaliana (arabidopsis) accessions at 0, 10, 50,
100, 500 and 1000 mg kg-1, imaged over 28 days in six modalities.

This is a 7-round investigation. Each round gives you the results of the tool
calls it needs, already run; how many there are varies by round. Later rounds
build on what you established earlier and will not repeat it, so keep your own
answers.

TOOLS (results are inlined; you cannot issue new calls)
  db_lookup(table=, select=, where=, group_by=)   the measurement store
  schema_lookup(trait=)                           which modality records a trait, and in what unit
  qc_lookup(table=, select=, where=)              flags, exclusions, usable counts
  design_lookup(aspect=)                          the protocol: dose series, accession panel,
                                                  imaging rounds, replication plan
  literature_lookup(species=, property=)          published claims
  embedding_lookup(space=, query=, k=)            nearest accessions by profile similarity

TERMS
  treatment        the copper dose, in mg kg-1
  genotype         the accession label
  Fv/Fm_Lss        photosystem-II efficiency, from the fc1 modality
  area_mm2         leaf area
  n_plants         distinct plants behind a cell
  round_to_round   variance of an accession's per-round means
  within_round     variance between plants inside one imaging round

ROUND 1 - TASK (dose_response_shape)
At which copper dose does mean Fv/Fm_Lss peak across the panel?

RULES
1. Two rows in the store carry a similar trait name. Only the
   plant-level trait is the panel measurement; the dictionary says
   which that is.
2. A treatment cell must clear the usable-plant floor in the quality
   gate before it can be called a peak.
3. Judge the curve as a whole, not a single cell.

TOOL OUTPUTS

>>> schema_lookup(trait=""Fv/Fm_Lss"")
    trait dictionary: where the trait lives and at what entity level.
    trait          modality  table       unit  entity_level
    -------------  --------  ----------  ----  ------------
    Fv/Fm_Lss      fc1       fc1_values  a.u.  plant
    avg_Fv/Fm_Lss  fc1       fc1_values  a.u.  region

>>> db_lookup(table=""fc1_values"", select=[""trait"", ""mean_value""], where=""experiment_id=128"", group_by=[""trait"", ""treatment""])
    mean value by trait, one column per treatment (mg kg-1).
    trait          t0     t10    t50    t100   t500   t1000
    -------------  -----  -----  -----  -----  -----  -----
    Fv/Fm_Lss      0.496  0.508  0.520  0.545  0.461  0.400
    avg_Fv/Fm_Lss  0.401  0.424  0.387  0.396  0.566  0.409

>>> qc_lookup(table=""fc1_values"", select=[""treatment"", ""n_plants_usable""], where=""trait='Fv/Fm_Lss'"")
    plants surviving QC per treatment; the floor for a panel claim is 12.
    treatment  n_plants_usable
    ---------  ---------------
    0          59
    10         56
    50         53
    100        7
    500        58
    1000       50

OUTPUT FORMAT
Reply with exactly one line and nothing else:
ANSWER: <dose in mg kg-1, digits only>
","(schema_lookup[358:456],db_lookup[456:607],qc_lookup[607:695])",50,(depends on: -; the plant-level Fv/Fm_Lss row peaks at 0.520 on t50 -> 50; ablations: reading the alias row gives 500; ignoring the quality gate gives 100 on 7 plants)
exp128-chain-0061-hard,2,transition_sensitivity,"ROUND 2 - TASK (transition_sensitivity)
Starting from the copper dose you identified in round 1, which accession
loses the most Fv/Fm_Lss when the dose is raised to the next level of the
design series?

RULES
1. The store also holds a pilot dose that is not a level of the
   design series. The next level is the next one in the design
   table, which need not be the next column.
2. Only accessions in the core panel can be ranked; observational
   ones are carried for reference.
3. Compare each accession against itself across the two doses.

TOOL OUTPUTS

>>> design_lookup(aspect=""dose_series"")
    the design levels, in order. Doses absent here are pilot cells.
    level  treatment
    -----  ---------
    1      0
    2      10
    3      50
    4      100
    5      500
    6      1000

>>> design_lookup(aspect=""accession_panel"")
    panel membership for this experiment.
    genotype   panel_role
    ---------  -------------
    RIL 194    core
    74         core
    69         core
    Ecm14      observational
    MAGIC 336  core

>>> db_lookup(table=""fc1_values"", select=[""genotype"", ""mean_value""], where=""trait='Fv/Fm_Lss'"", group_by=[""genotype"", ""treatment""])
    mean Fv/Fm_Lss by accession, one column per treatment in the store.
    genotype   t10    t50    t75    t100
    ---------  -----  -----  -----  -----
    RIL 194    0.542  0.528  0.355  0.343
    74         0.555  0.535  0.488  0.302
    69         0.525  0.512  0.493  0.476
    Ecm14      0.525  0.515  0.487  0.193
    MAGIC 336  0.534  0.520  0.495  0.451

OUTPUT FORMAT
Reply with exactly one line and nothing else:
ANSWER: <accession label exactly as it appears in the table>
","(design_lookup[113:166],design_lookup[166:219],db_lookup[219:382])",74,"(depends on: round 1 answer 50; the step is t50->t100, not the adjacent column t75 which is a pilot cell; per-accession drop 74:+0.233  RIL 194:+0.185  MAGIC 336:+0.069  69:+0.036 -> 74; ablations: stepping to the next column instead of the next design level gives RIL 194; ranking without the panel table gives Ecm14, which is observational)"
exp128-chain-0061-hard,3,cross_modality_peak,"ROUND 3 - TASK (cross_modality_peak)
For the accession identified in round 2: at which dose does its leaf area
(area_mm2) peak, and does that dose agree with where Fv/Fm_Lss peaked
in round 1?

RULES
1. More than one modality reports this trait. Use the one the
   dictionary marks primary; the other is a derived estimate.
2. A cell flagged empty_mask carries no usable area and cannot be
   the peak. low_mask_coverage is on nearly every row and is not a
   reason to discard.
3. The verdict is AGREES when the area peak falls on the dose from
   round 1, and DISAGREES otherwise. Report both parts.

TOOL OUTPUTS

>>> schema_lookup(trait=""area_mm2"")
    modalities reporting this trait.
    trait     modality  modality_role       unit  trait_role
    --------  --------  ------------------  ----  ----------
    area_mm2  rgb2      top-view RGB        mm2   primary
    area_mm2  vnir      VNIR hyperspectral  mm2   derived

>>> qc_lookup(table=""rgb2_features"", select=[""genotype"", ""treatment"", ""flag""], where=""flag='empty_mask'"")
    cells voided by empty_mask.
    genotype  treatment  flag
    --------  ---------  ----------
    74        50         empty_mask
    Ecm14     1000       empty_mask

>>> db_lookup(table=""features"", select=[""modality"", ""genotype"", ""mean_area_mm2""], where=""trait='area_mm2'"", group_by=[""modality"", ""genotype"", ""treatment""])
    mean area_mm2 by modality and accession, one column per treatment.
    modality  genotype  t0     t50    t1000
    --------  --------  -----  -----  -----
    rgb2      74        9.56   24.90  20.40
    rgb2      Ecm14     18.06  8.94   7.52
    rgb2      RIL 194   12.19  21.38  12.83
    rgb2      69        22.95  13.95  12.00
    vnir      74        15.38  8.26   6.04
    vnir      Ecm14     6.27   13.74  6.69
    vnir      RIL 194   16.07  8.80   7.69
    vnir      69        9.64   17.17  9.43

OUTPUT FORMAT
Reply with exactly one line and nothing else:
ANSWER: <dose in mg kg-1, digits only>; <AGREES or DISAGREES>
","(schema_lookup[126:209],qc_lookup[209:287],db_lookup[287:478])",1000; DISAGREES,(depends on: round 2 answer 74 and round 1 answer 50; on the rgb2 row for 74 the largest usable cell is t1000 -> 1000; DISAGREES; ablations: reading the vnir rows gives 0; DISAGREES; ignoring empty_mask gives 50; AGREES)
exp128-chain-0061-hard,4,modality_coverage,"ROUND 4 - TASK (modality_coverage)
For the accession identified in round 2: which modalities hold usable feature
rows for it in this experiment?

RULES
1. A modality never scheduled for this experiment does not count,
   even if rows for it exist: those were carried over.
2. A modality whose rows are all flagged holds nothing usable.
3. List the modalities in the column order of the store table.

TOOL OUTPUTS

>>> design_lookup(aspect=""imaging_rounds"")
    imaging rounds scheduled per modality for this experiment.
    modality  records                   rounds_scheduled
    --------  ------------------------  ----------------
    fc1       chlorophyll fluorescence  59
    rgb2      top-view RGB              33
    msc1      multispectral             52
    vnir      VNIR hyperspectral        51
    swir      SWIR hyperspectral        56
    s3d       3-D structural scan       0

>>> qc_lookup(table=""features"", select=[""genotype"", ""modality"", ""n_usable""], group_by=[""genotype"", ""modality""])
    rows surviving QC, one column per modality.
    genotype  fc1  rgb2  msc1  vnir  swir  s3d
    --------  ---  ----  ----  ----  ----  ---
    74        0    63    63    0     0     43
    Ecm14     40   64    61    0     34    0
    RIL 194   0    54    61    0     35    0
    69        23   61    64    43    0     0

>>> design_lookup(aspect=""imaging_rounds"")
    imaging rounds scheduled per modality.
    modality  records                   rounds_scheduled
    --------  ------------------------  ----------------
    fc1       chlorophyll fluorescence  39
    rgb2      top-view RGB              48
    msc1      multispectral             44
    vnir      VNIR hyperspectral        52

>>> db_lookup(table=""features"", select=[""genotype"", ""modality"", ""n_rows""], group_by=[""genotype"", ""modality""])
    feature rows per accession, one column per modality.
    genotype  fc1  rgb2  msc1  vnir  swir  s3d
    --------  ---  ----  ----  ----  ----  ---
    74        0    64    66    0     16    43
    Ecm14     40   67    62    0     36    0
    RIL 194   0    57    64    0     36    0
    69        23   61    65    45    0     0

OUTPUT FORMAT
Reply with exactly one line and nothing else:
ANSWER: <modalities, comma separated, in table column order>
","(design_lookup[82:181],qc_lookup[181:295],design_lookup[295:380],db_lookup[380:495])","rgb2, msc1","(depends on: round 2 answer 74; that row is non-zero for rgb2, msc1, swir, s3d, but s3d was never scheduled and swir has nothing left after QC -> rgb2, msc1; ablations: ignoring the schedule gives rgb2, msc1, s3d; ignoring the quality gate gives rgb2, msc1, swir)"
exp128-chain-0061-hard,5,analogue_search,"ROUND 5 - TASK (analogue_search)
For the accession identified in round 2: which accession is its nearest
analogue by Fv/Fm_Lss dose-response profile, and does that analogue's own
peak fall on the dose you identified in round 1?

RULES
1. Take the nearest neighbour that is eligible: observational
   accessions cannot be analogues.
2. Neighbours are listed in descending similarity.
3. Report the analogue, then MATCHES if its own peak is the dose from
   round 1 and DIVERGES if it is not.

TOOL OUTPUTS

>>> embedding_lookup(space=""dose_response_profile"", query=""panel"", k=3)
    nearest accessions by Fv/Fm_Lss profile, for every panel member.
    genotype  neighbour_1      neighbour_2      neighbour_3
    --------  ---------------  ---------------  ---------------
    74        Ecm14 (0.962)    RIL 194 (0.928)  69 (0.810)
    Ecm14     69 (0.909)       74 (0.730)       RIL 194 (0.671)
    RIL 194   Ecm14 (0.883)    74 (0.784)       69 (0.662)
    69        RIL 194 (0.951)  74 (0.825)       Ecm14 (0.629)

>>> design_lookup(aspect=""accession_panel"")
    panel membership for this experiment.
    genotype  panel_role
    --------  -------------
    74        core
    Ecm14     observational
    RIL 194   core
    69        core

>>> db_lookup(table=""fc1_values"", select=[""genotype"", ""peak_treatment""], where=""trait='Fv/Fm_Lss'"", group_by=[""genotype""])
    the treatment at which each accession's own Fv/Fm_Lss is highest.
    genotype  peak_treatment
    --------  --------------
    74        50
    Ecm14     100
    RIL 194   1000
    69        1000

OUTPUT FORMAT
Reply with exactly one line and nothing else:
ANSWER: <accession label>; <MATCHES or DIVERGES>
","(embedding_lookup[101:272],design_lookup[272:321],db_lookup[321:412])",RIL 194; DIVERGES,"(depends on: round 2 answer 74 and round 1 answer 50; the nearest eligible analogue is RIL 194, whose own peak is t1000 -> RIL 194; DIVERGES; ablations: taking the nearest neighbour regardless of panel role gives Ecm14; DIVERGES)"
exp128-chain-0061-hard,6,variance_regime,"ROUND 6 - TASK (variance_regime)
Name the cell -- accession and dose -- at which the accession identified in
round 2 first shows round-to-round variance of Fv/Fm_Lss exceeding its
within-round variance.

RULES
1. The two variances come from separate queries; compare them cell by
   cell.
2. A cell built on fewer than 3 imaging rounds is not
   comparable and must be skipped, however its numbers look.
3. Report the first qualifying dose reading left to right, not the
   largest gap, and name the accession alongside it.

TOOL OUTPUTS

>>> db_lookup(table=""fc1_values"", select=[""genotype"", ""within_round""], where=""trait='Fv/Fm_Lss'"", group_by=[""genotype"", ""treatment""])
    within-round variance, one column per treatment.
    genotype  t0     t10    t50    t100   t500   t1000
    --------  -----  -----  -----  -----  -----  -----
    74        0.045  0.058  0.017  0.033  0.052  0.066
    Ecm14     0.040  0.010  0.026  0.030  0.051  0.060
    RIL 194   0.041  0.034  0.057  0.067  0.035  0.062
    69        0.037  0.044  0.067  0.022  0.055  0.052

>>> qc_lookup(table=""fc1_values"", select=[""genotype"", ""n_rounds""], where=""trait='Fv/Fm_Lss'"")
    imaging rounds behind each cell, one column per treatment.
    genotype  t0  t10  t50  t100  t500  t1000
    --------  --  ---  ---  ----  ----  -----
    74        6   9    2    9     7     9
    Ecm14     5   5    8    5     4     6
    RIL 194   6   7    9    4     9     9
    69        4   7    5    6     9     9

>>> db_lookup(table=""fc1_values"", select=[""genotype"", ""round_to_round""], where=""trait='Fv/Fm_Lss'"", group_by=[""genotype"", ""treatment""])
    round-to-round variance, one column per treatment.
    genotype  t0     t10    t50    t100   t500   t1000
    --------  -----  -----  -----  -----  -----  -----
    74        0.016  0.029  0.040  0.050  0.065  0.075
    Ecm14     0.016  0.029  0.040  0.049  0.061  0.074
    RIL 194   0.015  0.027  0.039  0.050  0.064  0.073
    69        0.016  0.027  0.037  0.052  0.064  0.074

OUTPUT FORMAT
Reply with exactly one line and nothing else:
ANSWER: <accession>@<dose>
","(db_lookup[111:290],qc_lookup[290:401],db_lookup[401:582])",74@100,"(depends on: round 2 answer 74; comparing the two variance tables cell by cell, 74 first crosses at t50, but that cell rests on 2 imaging rounds, under the 3 needed, so the first comparable crossing is t100 -> 74@100; ablations: taking the largest round-to-round value without the within-round table gives 74@1000; ignoring the round counts gives 74@50)"
exp128-chain-0061-hard,7,literature_audit,"ROUND 7 - TASK (literature_audit)
Three published claims are on file. Judge the one that concerns this
experiment's species against the accession identified in round 2, and say
which source you judged.

RULES
1. Exactly one source concerns the species under study here; the others
   are about different species and are not yours to judge.
2. OUT_OF_SCOPE if the source's studied dose range does not overlap
   this experiment's series: the claim cannot be tested here.
3. Otherwise SUPPORTED if the claimed peak matches that accession's own
   measured peak, CONTRADICTED if it does not.
4. Report the verdict and the source.

TOOL OUTPUTS

>>> literature_lookup(species=""Arabidopsis thaliana"", property=""hormesis"")
    published peak-dose claims, with the dose range each study covered (mg kg-1).
    source             species               property  claimed_peak  range_studied
    -----------------  --------------------  --------  ------------  -------------
    lit:Osorio2018     Arabidopsis thaliana  hormesis  2000          2000-8000
    lit:Nakagawa2023   Brassica napus        hormesis  10            0-1000
    lit:Lindqvist2020  Camelina sativa       hormesis  100           0-1000

>>> design_lookup(aspect=""dose_series"")
    the design levels of this experiment, in order.
    level  treatment
    -----  ---------
    1      0
    2      10
    3      50
    4      100
    5      500
    6      1000

>>> db_lookup(table=""fc1_values"", select=[""genotype"", ""peak_treatment""], where=""trait='Fv/Fm_Lss'"", group_by=[""genotype""])
    the treatment at which each accession's own Fv/Fm_Lss is highest.
    genotype  peak_treatment
    --------  --------------
    74        500
    Ecm14     100
    RIL 194   500
    69        1000

OUTPUT FORMAT
Reply with exactly one line and nothing else:
ANSWER: <SUPPORTED, CONTRADICTED or OUT_OF_SCOPE>; <source id>
","(literature_lookup[126:269],design_lookup[269:318],db_lookup[318:409])",OUT_OF_SCOPE; lit:Osorio2018,"(depends on: round 2 answer 74; only lit:Osorio2018 concerns Arabidopsis thaliana; it claims a peak at 2000 mg kg-1 over 2000-8000, against a series topping out at 1000 and a measured peak of 500 for that accession -> OUT_OF_SCOPE; lit:Osorio2018; ablations: judging a source about another species gives CONTRADICTED; lit:Nakagawa2023; skipping the scope check gives CONTRADICTED; lit:Osorio2018)"
exp125-chain-0062-low,1,dose_response_shape,"SESSION
You are analysing experiment 125 at the Ridgefield phenotyping facility: a zinc
(Zn) dose series on 6 Thlaspi arvense (pennycress) accessions at 0, 20, 40, 80,
160 and 320 mg kg-1, imaged over 28 days in six modalities.

This is a 3-round investigation. Each round gives you the results of the tool
calls it needs, already run; how many there are varies by round. Later rounds
build on what you established earlier and will not repeat it, so keep your own
answers.

TOOLS (results are inlined; you cannot issue new calls)
  db_lookup(table=, select=, where=, group_by=)   the measurement store
  schema_lookup(trait=)                           which modality records a trait, and in what unit
  qc_lookup(table=, select=, where=)              flags, exclusions, usable counts
  design_lookup(aspect=)                          the protocol: dose series, accession panel,
                                                  imaging rounds, replication plan
  literature_lookup(species=, property=)          published claims
  embedding_lookup(space=, query=, k=)            nearest accessions by profile similarity

TERMS
  treatment        the zinc dose, in mg kg-1
  genotype         the accession label
  Fv/Fm_Lss        photosystem-II efficiency, from the fc1 modality
  area_mm2         leaf area
  n_plants         distinct plants behind a cell
  round_to_round   variance of an accession's per-round means
  within_round     variance between plants inside one imaging round

ROUND 1 - TASK (dose_response_shape)
At which zinc dose does mean Fv/Fm_Lss peak across the panel?

RULES
1. Two rows in the store carry a similar trait name. Only the
   plant-level trait is the panel measurement; the dictionary says
   which that is.
2. Judge the curve as a whole, not a single cell.

TOOL OUTPUTS

>>> schema_lookup(trait=""Fv/Fm_Lss"")
    trait dictionary: where the trait lives and at what entity level.
    trait          modality  table       unit  entity_level
    -------------  --------  ----------  ----  ------------
    Fv/Fm_Lss      fc1       fc1_values  a.u.  plant
    avg_Fv/Fm_Lss  fc1       fc1_values  a.u.  region

>>> db_lookup(table=""fc1_values"", select=[""trait"", ""mean_value""], where=""experiment_id=125"", group_by=[""trait"", ""treatment""])
    mean value by trait, one column per treatment (mg kg-1).
    trait          t0     t20    t40    t80    t160   t320
    -------------  -----  -----  -----  -----  -----  -----
    Fv/Fm_Lss      0.482  0.483  0.502  0.517  0.479  0.464
    avg_Fv/Fm_Lss  0.598  0.420  0.443  0.427  0.449  0.465

OUTPUT FORMAT
Reply with exactly one line and nothing else:
ANSWER: <dose in mg kg-1, digits only>
","(schema_lookup[334:432],db_lookup[432:583])",80,(depends on: -; the plant-level Fv/Fm_Lss row peaks at 0.517 on t80 -> 80; ablations: reading the alias row gives 0)
exp125-chain-0062-low,2,transition_sensitivity,"ROUND 2 - TASK (transition_sensitivity)
Starting from the zinc dose you identified in round 1, which accession
loses the most Fv/Fm_Lss when the dose is raised to the next level of the
design series?

RULES
1. Only accessions in the core panel can be ranked; observational
   ones are carried for reference.
2. Compare each accession against itself across the two doses.

TOOL OUTPUTS

>>> db_lookup(table=""fc1_values"", select=[""genotype"", ""mean_value""], where=""trait='Fv/Fm_Lss'"", group_by=[""genotype"", ""treatment""])
    mean Fv/Fm_Lss by accession, one column per treatment in the store.
    genotype   t40    t80    t160   t320
    ---------  -----  -----  -----  -----
    MAGIC 384  0.555  0.518  0.197  0.172
    54         0.547  0.532  0.492  0.466
    Esp42      0.532  0.500  0.490  0.446
    NIL 186    0.529  0.496  0.453  0.437
    67         0.523  0.507  0.303  0.270

>>> design_lookup(aspect=""accession_panel"")
    panel membership for this experiment.
    genotype   panel_role
    ---------  -------------
    MAGIC 384  observational
    54         core
    Esp42      core
    NIL 186    core
    67         core

OUTPUT FORMAT
Reply with exactly one line and nothing else:
ANSWER: <accession label exactly as it appears in the table>
","(db_lookup[74:237],design_lookup[237:290])",67,"(depends on: round 1 answer 80; the step is t80->t160; per-accession drop 67:+0.204  NIL 186:+0.043  54:+0.040  Esp42:+0.010 -> 67; ablations: ranking without the panel table gives MAGIC 384, which is observational)"
exp125-chain-0062-low,3,cross_modality_peak,"ROUND 3 - TASK (cross_modality_peak)
For the accession identified in round 2: at which dose does its leaf area
(area_mm2) peak, and does that dose agree with where Fv/Fm_Lss peaked
in round 1?

RULES
1. The verdict is AGREES when the area peak falls on the dose from
   round 1, and DISAGREES otherwise. Report both parts.

TOOL OUTPUTS

>>> db_lookup(table=""features"", select=[""modality"", ""genotype"", ""mean_area_mm2""], where=""trait='area_mm2'"", group_by=[""modality"", ""genotype"", ""treatment""])
    mean area_mm2 by modality and accession, one column per treatment.
    modality  genotype   t0     t20    t40    t80
    --------  ---------  -----  -----  -----  -----
    rgb2      67         9.48   11.62  12.69  21.75
    rgb2      MAGIC 384  12.55  14.28  23.55  14.86
    rgb2      Esp42      11.68  20.82  11.51  10.03
    rgb2      54         23.56  15.03  13.17  11.33

OUTPUT FORMAT
Reply with exactly one line and nothing else:
ANSWER: <dose in mg kg-1, digits only>; <AGREES or DISAGREES>
",(db_lookup[71:236]),80; AGREES,(depends on: round 2 answer 67 and round 1 answer 80; on the rgb2 row for 67 the largest usable cell is t80 -> 80; AGREES; no complications at this tier)
exp195-chain-0063-medium,1,dose_response_shape,"SESSION
You are analysing experiment 195 at the Ridgefield phenotyping facility: a copper
(Cu) dose series on 6 Camelina sativa (camelina) accessions at 0, 20, 40, 80, 160
and 320 mg kg-1, imaged over 28 days in six modalities.

This is a 4-round investigation. Each round gives you the results of the tool
calls it needs, already run; how many there are varies by round. Later rounds
build on what you established earlier and will not repeat it, so keep your own
answers.

TOOLS (results are inlined; you cannot issue new calls)
  db_lookup(table=, select=, where=, group_by=)   the measurement store
  schema_lookup(trait=)                           which modality records a trait, and in what unit
  qc_lookup(table=, select=, where=)              flags, exclusions, usable counts
  design_lookup(aspect=)                          the protocol: dose series, accession panel,
                                                  imaging rounds, replication plan
  literature_lookup(species=, property=)          published claims
  embedding_lookup(space=, query=, k=)            nearest accessions by profile similarity

TERMS
  treatment        the copper dose, in mg kg-1
  genotype         the accession label
  Fv/Fm_Lss        photosystem-II efficiency, from the fc1 modality
  area_mm2         leaf area
  n_plants         distinct plants behind a cell
  round_to_round   variance of an accession's per-round means
  within_round     variance between plants inside one imaging round

ROUND 1 - TASK (dose_response_shape)
At which copper dose does mean Fv/Fm_Lss peak across the panel?

RULES
1. Two rows in the store carry a similar trait name. Only the
   plant-level trait is the panel measurement; the dictionary says
   which that is.
2. A treatment cell must clear the usable-plant floor in the quality
   gate before it can be called a peak.
3. Judge the curve as a whole, not a single cell.

TOOL OUTPUTS

>>> db_lookup(table=""fc1_values"", select=[""trait"", ""mean_value""], where=""experiment_id=195"", group_by=[""trait"", ""treatment""])
    mean value by trait, one column per treatment (mg kg-1).
    trait          t0     t20    t40    t80    t160   t320
    -------------  -----  -----  -----  -----  -----  -----
    Fv/Fm_Lss      0.484  0.488  0.546  0.527  0.499  0.460
    avg_Fv/Fm_Lss  0.444  0.397  0.396  0.430  0.465  0.572

>>> qc_lookup(table=""fc1_values"", select=[""treatment"", ""n_plants_usable""], where=""trait='Fv/Fm_Lss'"")
    plants surviving QC per treatment; the floor for a panel claim is 10.
    treatment  n_plants_usable
    ---------  ---------------
    0          60
    20         54
    40         7
    80         60
    160        48
    320        54

>>> schema_lookup(trait=""Fv/Fm_Lss"")
    trait dictionary: where the trait lives and at what entity level.
    trait          modality  table       unit  entity_level
    -------------  --------  ----------  ----  ------------
    Fv/Fm_Lss      fc1       fc1_values  a.u.  plant
    avg_Fv/Fm_Lss  fc1       fc1_values  a.u.  region

OUTPUT FORMAT
Reply with exactly one line and nothing else:
ANSWER: <dose in mg kg-1, digits only>
","(db_lookup[358:509],qc_lookup[509:597],schema_lookup[597:695])",80,(depends on: -; the plant-level Fv/Fm_Lss row peaks at 0.527 on t80 -> 80; ablations: reading the alias row gives 320; ignoring the quality gate gives 40 on 7 plants)
exp195-chain-0063-medium,2,transition_sensitivity,"ROUND 2 - TASK (transition_sensitivity)
Starting from the copper dose you identified in round 1, which accession
loses the most Fv/Fm_Lss when the dose is raised to the next level of the
design series?

RULES
1. The store also holds a pilot dose that is not a level of the
   design series. The next level is the next one in the design
   table, which need not be the next column.
2. Only accessions in the core panel can be ranked; observational
   ones are carried for reference.
3. Compare each accession against itself across the two doses.

TOOL OUTPUTS

>>> design_lookup(aspect=""accession_panel"")
    panel membership for this experiment.
    genotype   panel_role
    ---------  -------------
    82         core
    NIL 289    observational
    MAGIC 165  core
    MAGIC 151  core
    Esp17      core

>>> db_lookup(table=""fc1_values"", select=[""genotype"", ""mean_value""], where=""trait='Fv/Fm_Lss'"", group_by=[""genotype"", ""treatment""])
    mean Fv/Fm_Lss by accession, one column per treatment in the store.
    genotype   t20    t80    t120   t160
    ---------  -----  -----  -----  -----
    82         0.558  0.516  0.470  0.282
    NIL 289    0.534  0.498  0.477  0.181
    MAGIC 165  0.532  0.517  0.349  0.337
    MAGIC 151  0.520  0.505  0.486  0.479
    Esp17      0.542  0.521  0.489  0.481

>>> design_lookup(aspect=""dose_series"")
    the design levels, in order. Doses absent here are pilot cells.
    level  treatment
    -----  ---------
    1      0
    2      20
    3      40
    4      80
    5      160
    6      320

OUTPUT FORMAT
Reply with exactly one line and nothing else:
ANSWER: <accession label exactly as it appears in the table>
","(design_lookup[113:167],db_lookup[167:331],design_lookup[331:384])",82,"(depends on: round 1 answer 80; the step is t80->t160, not the adjacent column t120 which is a pilot cell; per-accession drop 82:+0.234  MAGIC 165:+0.180  Esp17:+0.040  MAGIC 151:+0.026 -> 82; ablations: stepping to the next column instead of the next design level gives MAGIC 165; ranking without the panel table gives NIL 289, which is observational)"
exp195-chain-0063-medium,3,cross_modality_peak,"ROUND 3 - TASK (cross_modality_peak)
For the accession identified in round 2: at which dose does its leaf area
(area_mm2) peak, and does that dose agree with where Fv/Fm_Lss peaked
in round 1?

RULES
1. More than one modality reports this trait. Use the one the
   dictionary marks primary; the other is a derived estimate.
2. The verdict is AGREES when the area peak falls on the dose from
   round 1, and DISAGREES otherwise. Report both parts.

TOOL OUTPUTS

>>> db_lookup(table=""features"", select=[""modality"", ""genotype"", ""mean_area_mm2""], where=""trait='area_mm2'"", group_by=[""modality"", ""genotype"", ""treatment""])
    mean area_mm2 by modality and accession, one column per treatment.
    modality  genotype   t0     t20    t80    t320
    --------  ---------  -----  -----  -----  -----
    rgb2      82         23.95  14.64  12.74  10.19
    rgb2      NIL 289    11.22  11.90  21.26  12.33
    rgb2      MAGIC 165  8.80   10.24  13.04  21.81
    rgb2      Esp17      9.95   18.54  9.69   7.17
    swir      82         7.72   9.42   10.68  17.86
    swir      NIL 289    6.23   6.66   8.76   15.98
    swir      MAGIC 165  16.37  9.18   6.98   5.22
    swir      Esp17      4.05   4.53   6.50   14.08

>>> schema_lookup(trait=""area_mm2"")
    modalities reporting this trait.
    trait     modality  modality_role       unit  trait_role
    --------  --------  ------------------  ----  ----------
    area_mm2  rgb2      top-view RGB        mm2   primary
    area_mm2  swir      SWIR hyperspectral  mm2   derived

OUTPUT FORMAT
Reply with exactly one line and nothing else:
ANSWER: <dose in mg kg-1, digits only>; <AGREES or DISAGREES>
","(db_lookup[96:320],schema_lookup[320:403])",0; DISAGREES,(depends on: round 2 answer 82 and round 1 answer 80; on the rgb2 row for 82 the largest usable cell is t0 -> 0; DISAGREES; ablations: reading the swir rows gives 320; DISAGREES)
exp195-chain-0063-medium,4,modality_coverage,"ROUND 4 - TASK (modality_coverage)
For the accession identified in round 2: which modalities hold usable feature
rows for it in this experiment?

RULES
1. A modality never scheduled for this experiment does not count,
   even if rows for it exist: those were carried over.
2. A modality whose rows are all flagged holds nothing usable.
3. List the modalities in the column order of the store table.

TOOL OUTPUTS

>>> db_lookup(table=""features"", select=[""genotype"", ""modality"", ""n_rows""], group_by=[""genotype"", ""modality""])
    feature rows per accession, one column per modality.
    genotype   fc1  rgb2  msc1  vnir  swir  s3d
    ---------  ---  ----  ----  ----  ----  ---
    82         33   57    60    35    0     32
    NIL 289    19   60    59    0     0     0
    MAGIC 165  0    62    67    0     35    24
    Esp17      0    66    55    0     26    0

>>> qc_lookup(table=""features"", select=[""genotype"", ""modality"", ""n_usable""], group_by=[""genotype"", ""modality""])
    rows surviving QC, one column per modality.
    genotype   fc1  rgb2  msc1  vnir  swir  s3d
    ---------  ---  ----  ----  ----  ----  ---
    82         0    54    57    34    0     29
    NIL 289    17   60    56    0     0     0
    MAGIC 165  0    60    66    0     34    22
    Esp17      0    65    53    0     25    0

>>> design_lookup(aspect=""imaging_rounds"")
    imaging rounds scheduled per modality for this experiment.
    modality  records                   rounds_scheduled
    --------  ------------------------  ----------------
    fc1       chlorophyll fluorescence  40
    rgb2      top-view RGB              33
    msc1      multispectral             60
    vnir      VNIR hyperspectral        0
    swir      SWIR hyperspectral        24
    s3d       3-D structural scan       62

OUTPUT FORMAT
Reply with exactly one line and nothing else:
ANSWER: <modalities, comma separated, in table column order>
","(db_lookup[82:199],qc_lookup[199:315],design_lookup[315:414])","rgb2, msc1, s3d","(depends on: round 2 answer 82; that row is non-zero for fc1, rgb2, msc1, vnir, s3d, but vnir was never scheduled and fc1 has nothing left after QC -> rgb2, msc1, s3d; ablations: ignoring the schedule gives rgb2, msc1, vnir, s3d; ignoring the quality gate gives fc1, rgb2, msc1, s3d)"
exp59-chain-0064-low,1,dose_response_shape,"SESSION
You are analysing experiment 59 at the Weston phenotyping facility: a cadmium (Cd)
dose series on 6 Thlaspi arvense (pennycress) accessions at 0, 25, 50, 100, 250
and 500 mg kg-1, imaged over 28 days in six modalities.

This is a 3-round investigation. Each round gives you the results of the tool
calls it needs, already run; how many there are varies by round. Later rounds
build on what you established earlier and will not repeat it, so keep your own
answers.

TOOLS (results are inlined; you cannot issue new calls)
  db_lookup(table=, select=, where=, group_by=)   the measurement store
  schema_lookup(trait=)                           which modality records a trait, and in what unit
  qc_lookup(table=, select=, where=)              flags, exclusions, usable counts
  design_lookup(aspect=)                          the protocol: dose series, accession panel,
                                                  imaging rounds, replication plan
  literature_lookup(species=, property=)          published claims
  embedding_lookup(space=, query=, k=)            nearest accessions by profile similarity

TERMS
  treatment        the cadmium dose, in mg kg-1
  genotype         the accession label
  Fv/Fm_Lss        photosystem-II efficiency, from the fc1 modality
  area_mm2         leaf area
  n_plants         distinct plants behind a cell
  round_to_round   variance of an accession's per-round means
  within_round     variance between plants inside one imaging round

ROUND 1 - TASK (dose_response_shape)
At which cadmium dose does mean Fv/Fm_Lss peak across the panel?

RULES
1. Judge the curve as a whole, not a single cell.

TOOL OUTPUTS

>>> db_lookup(table=""fc1_values"", select=[""trait"", ""mean_value""], where=""experiment_id=59"", group_by=[""trait"", ""treatment""])
    mean value by trait, one column per treatment (mg kg-1).
    trait      t0     t25    t50    t100   t250   t500
    ---------  -----  -----  -----  -----  -----  -----
    Fv/Fm_Lss  0.500  0.515  0.525  0.492  0.449  0.434

OUTPUT FORMAT
Reply with exactly one line and nothing else:
ANSWER: <dose in mg kg-1, digits only>
",(db_lookup[303:429]),50,(depends on: -; the plant-level Fv/Fm_Lss row peaks at 0.525 on t50 -> 50; no complications at this tier)
exp59-chain-0064-low,2,transition_sensitivity,"ROUND 2 - TASK (transition_sensitivity)
Starting from the cadmium dose you identified in round 1, which accession
loses the most Fv/Fm_Lss when the dose is raised to the next level of the
design series?

RULES
1. Compare each accession against itself across the two doses.

TOOL OUTPUTS

>>> db_lookup(table=""fc1_values"", select=[""genotype"", ""mean_value""], where=""trait='Fv/Fm_Lss'"", group_by=[""genotype"", ""treatment""])
    mean Fv/Fm_Lss by accession, one column per treatment in the store.
    genotype   t25    t50    t100   t500
    ---------  -----  -----  -----  -----
    82         0.521  0.485  0.276  0.265
    MAGIC 199  0.520  0.493  0.481  0.438
    NIL 320    0.556  0.520  0.493  0.476
    73         0.530  0.504  0.491  0.465

OUTPUT FORMAT
Reply with exactly one line and nothing else:
ANSWER: <accession label exactly as it appears in the table>
",(db_lookup[55:205]),82,(depends on: round 1 answer 50; the step is t50->t100; per-accession drop 82:+0.209  NIL 320:+0.027  73:+0.013  MAGIC 199:+0.012 -> 82; no complications at this tier)
exp59-chain-0064-low,3,cross_modality_peak,"ROUND 3 - TASK (cross_modality_peak)
For the accession identified in round 2: at which dose does its leaf area
(area_mm2) peak, and does that dose agree with where Fv/Fm_Lss peaked
in round 1?

RULES
1. A cell flagged empty_mask carries no usable area and cannot be
   the peak. low_mask_coverage is on nearly every row and is not a
   reason to discard.
2. The verdict is AGREES when the area peak falls on the dose from
   round 1, and DISAGREES otherwise. Report both parts.

TOOL OUTPUTS

>>> qc_lookup(table=""rgb2_features"", select=[""genotype"", ""treatment"", ""flag""], where=""flag='empty_mask'"")
    cells voided by empty_mask.
    genotype  treatment  flag
    --------  ---------  ----------
    82        250        empty_mask
    Ecl33     250        empty_mask

>>> db_lookup(table=""features"", select=[""modality"", ""genotype"", ""mean_area_mm2""], where=""trait='area_mm2'"", group_by=[""modality"", ""genotype"", ""treatment""])
    mean area_mm2 by modality and accession, one column per treatment.
    modality  genotype   t0     t50    t100   t250
    --------  ---------  -----  -----  -----  -----
    rgb2      82         12.09  14.08  23.24  27.74
    rgb2      Ecl33      5.29   9.63   10.44  19.45
    rgb2      NIL 320    23.95  14.64  13.53  12.36
    rgb2      MAGIC 199  11.44  20.53  11.36  8.75

OUTPUT FORMAT
Reply with exactly one line and nothing else:
ANSWER: <dose in mg kg-1, digits only>; <AGREES or DISAGREES>
","(qc_lookup[101:179],db_lookup[179:345])",100; DISAGREES,(depends on: round 2 answer 82 and round 1 answer 50; on the rgb2 row for 82 the largest usable cell is t100 -> 100; DISAGREES; ablations: ignoring empty_mask gives 250; DISAGREES)
exp97-chain-0065-low,1,dose_response_shape,"SESSION
You are analysing experiment 97 at the Ridgefield phenotyping facility: a cobalt
(Co) dose series on 6 Camelina sativa (camelina) accessions at 0, 25, 50, 100, 250
and 500 mg kg-1, imaged over 28 days in six modalities.

This is a 3-round investigation. Each round gives you the results of the tool
calls it needs, already run; how many there are varies by round. Later rounds
build on what you established earlier and will not repeat it, so keep your own
answers.

TOOLS (results are inlined; you cannot issue new calls)
  db_lookup(table=, select=, where=, group_by=)   the measurement store
  schema_lookup(trait=)                           which modality records a trait, and in what unit
  qc_lookup(table=, select=, where=)              flags, exclusions, usable counts
  design_lookup(aspect=)                          the protocol: dose series, accession panel,
                                                  imaging rounds, replication plan
  literature_lookup(species=, property=)          published claims
  embedding_lookup(space=, query=, k=)            nearest accessions by profile similarity

TERMS
  treatment        the cobalt dose, in mg kg-1
  genotype         the accession label
  Fv/Fm_Lss        photosystem-II efficiency, from the fc1 modality
  area_mm2         leaf area
  n_plants         distinct plants behind a cell
  round_to_round   variance of an accession's per-round means
  within_round     variance between plants inside one imaging round

ROUND 1 - TASK (dose_response_shape)
At which cobalt dose does mean Fv/Fm_Lss peak across the panel?

RULES
1. Two rows in the store carry a similar trait name. Only the
   plant-level trait is the panel measurement; the dictionary says
   which that is.
2. Judge the curve as a whole, not a single cell.

TOOL OUTPUTS

>>> db_lookup(table=""fc1_values"", select=[""trait"", ""mean_value""], where=""experiment_id=97"", group_by=[""trait"", ""treatment""])
    mean value by trait, one column per treatment (mg kg-1).
    trait          t0     t25    t50    t100   t250   t500
    -------------  -----  -----  -----  -----  -----  -----
    Fv/Fm_Lss      0.494  0.509  0.522  0.492  0.467  0.428
    avg_Fv/Fm_Lss  0.562  0.418  0.462  0.442  0.392  0.468

>>> schema_lookup(trait=""Fv/Fm_Lss"")
    trait dictionary: where the trait lives and at what entity level.
    trait          modality  table       unit  entity_level
    -------------  --------  ----------  ----  ------------
    Fv/Fm_Lss      fc1       fc1_values  a.u.  plant
    avg_Fv/Fm_Lss  fc1       fc1_values  a.u.  region

OUTPUT FORMAT
Reply with exactly one line and nothing else:
ANSWER: <dose in mg kg-1, digits only>
","(db_lookup[334:485],schema_lookup[485:583])",50,(depends on: -; the plant-level Fv/Fm_Lss row peaks at 0.522 on t50 -> 50; ablations: reading the alias row gives 0)
exp97-chain-0065-low,2,transition_sensitivity,"ROUND 2 - TASK (transition_sensitivity)
Starting from the cobalt dose you identified in round 1, which accession
loses the most Fv/Fm_Lss when the dose is raised to the next level of the
design series?

RULES
1. The store also holds a pilot dose that is not a level of the
   design series. The next level is the next one in the design
   table, which need not be the next column.
2. Compare each accession against itself across the two doses.

TOOL OUTPUTS

>>> db_lookup(table=""fc1_values"", select=[""genotype"", ""mean_value""], where=""trait='Fv/Fm_Lss'"", group_by=[""genotype"", ""treatment""])
    mean Fv/Fm_Lss by accession, one column per treatment in the store.
    genotype   t25    t50    t75    t100
    ---------  -----  -----  -----  -----
    ISU 425    0.535  0.523  0.481  0.440
    81         0.529  0.500  0.460  0.423
    RIL 341    0.543  0.500  0.448  0.260
    MAGIC 327  0.532  0.504  0.336  0.320

>>> design_lookup(aspect=""dose_series"")
    the design levels, in order. Doses absent here are pilot cells.
    level  treatment
    -----  ---------
    1      0
    2      25
    3      50
    4      100
    5      250
    6      500

OUTPUT FORMAT
Reply with exactly one line and nothing else:
ANSWER: <accession label exactly as it appears in the table>
","(db_lookup[94:245],design_lookup[245:298])",RIL 341,"(depends on: round 1 answer 50; the step is t50->t100, not the adjacent column t75 which is a pilot cell; per-accession drop RIL 341:+0.240  MAGIC 327:+0.184  ISU 425:+0.083  81:+0.077 -> RIL 341; ablations: stepping to the next column instead of the next design level gives MAGIC 327)"
exp97-chain-0065-low,3,cross_modality_peak,"ROUND 3 - TASK (cross_modality_peak)
For the accession identified in round 2: at which dose does its leaf area
(area_mm2) peak, and does that dose agree with where Fv/Fm_Lss peaked
in round 1?

RULES
1. More than one modality reports this trait. Use the one the
   dictionary marks primary; the other is a derived estimate.
2. The verdict is AGREES when the area peak falls on the dose from
   round 1, and DISAGREES otherwise. Report both parts.

TOOL OUTPUTS

>>> schema_lookup(trait=""area_mm2"")
    modalities reporting this trait.
    trait     modality  modality_role       unit  trait_role
    --------  --------  ------------------  ----  ----------
    area_mm2  rgb2      top-view RGB        mm2   primary
    area_mm2  swir      SWIR hyperspectral  mm2   derived

>>> db_lookup(table=""features"", select=[""modality"", ""genotype"", ""mean_area_mm2""], where=""trait='area_mm2'"", group_by=[""modality"", ""genotype"", ""treatment""])
    mean area_mm2 by modality and accession, one column per treatment.
    modality  genotype   t50    t100   t250
    --------  ---------  -----  -----  -----
    rgb2      RIL 341    22.43  13.32  10.67
    rgb2      52         15.90  24.67  15.70
    rgb2      ISU 425    7.84   9.62   18.50
    rgb2      MAGIC 327  9.79   18.64  9.50
    swir      RIL 341    8.28   9.53   16.80
    swir      52         9.37   11.22  18.37
    swir      ISU 425    6.31   14.05  6.80
    swir      MAGIC 327  4.65   7.05   14.15

OUTPUT FORMAT
Reply with exactly one line and nothing else:
ANSWER: <dose in mg kg-1, digits only>; <AGREES or DISAGREES>
","(schema_lookup[96:179],db_lookup[179:375])",50; AGREES,(depends on: round 2 answer RIL 341 and round 1 answer 50; on the rgb2 row for RIL 341 the largest usable cell is t50 -> 50; AGREES; ablations: reading the swir rows gives 250; DISAGREES)
exp76-chain-0066-low,1,dose_response_shape,"SESSION
You are analysing experiment 76 at the Ashfield phenotyping facility: a copper
(Cu) dose series on 6 Brassica napus (oilseed rape) accessions at 0, 50, 100, 200,
500 and 1000 mg kg-1, imaged over 28 days in six modalities.

This is a 2-round investigation. Each round gives you the results of the tool
calls it needs, already run; how many there are varies by round. Later rounds
build on what you established earlier and will not repeat it, so keep your own
answers.

TOOLS (results are inlined; you cannot issue new calls)
  db_lookup(table=, select=, where=, group_by=)   the measurement store
  schema_lookup(trait=)                           which modality records a trait, and in what unit
  qc_lookup(table=, select=, where=)              flags, exclusions, usable counts
  design_lookup(aspect=)                          the protocol: dose series, accession panel,
                                                  imaging rounds, replication plan
  literature_lookup(species=, property=)          published claims
  embedding_lookup(space=, query=, k=)            nearest accessions by profile similarity

TERMS
  treatment        the copper dose, in mg kg-1
  genotype         the accession label
  Fv/Fm_Lss        photosystem-II efficiency, from the fc1 modality
  area_mm2         leaf area
  n_plants         distinct plants behind a cell
  round_to_round   variance of an accession's per-round means
  within_round     variance between plants inside one imaging round

ROUND 1 - TASK (dose_response_shape)
At which copper dose does mean Fv/Fm_Lss peak across the panel?

RULES
1. Judge the curve as a whole, not a single cell.

TOOL OUTPUTS

>>> db_lookup(table=""fc1_values"", select=[""trait"", ""mean_value""], where=""experiment_id=76"", group_by=[""trait"", ""treatment""])
    mean value by trait, one column per treatment (mg kg-1).
    trait      t0     t50    t100   t200   t500   t1000
    ---------  -----  -----  -----  -----  -----  -----
    Fv/Fm_Lss  0.468  0.513  0.514  0.534  0.495  0.456

OUTPUT FORMAT
Reply with exactly one line and nothing else:
ANSWER: <dose in mg kg-1, digits only>
",(db_lookup[304:430]),200,(depends on: -; the plant-level Fv/Fm_Lss row peaks at 0.534 on t200 -> 200; no complications at this tier)
exp76-chain-0066-low,2,transition_sensitivity,"ROUND 2 - TASK (transition_sensitivity)
Starting from the copper dose you identified in round 1, which accession
loses the most Fv/Fm_Lss when the dose is raised to the next level of the
design series?

RULES
1. The store also holds a pilot dose that is not a level of the
   design series. The next level is the next one in the design
   table, which need not be the next column.
2. Compare each accession against itself across the two doses.

TOOL OUTPUTS

>>> design_lookup(aspect=""dose_series"")
    the design levels, in order. Doses absent here are pilot cells.
    level  treatment
    -----  ---------
    1      0
    2      50
    3      100
    4      200
    5      500
    6      1000

>>> db_lookup(table=""fc1_values"", select=[""genotype"", ""mean_value""], where=""trait='Fv/Fm_Lss'"", group_by=[""genotype"", ""treatment""])
    mean Fv/Fm_Lss by accession, one column per treatment in the store.
    genotype  t0     t200   t350   t500
    --------  -----  -----  -----  -----
    84        0.555  0.545  0.527  0.493
    NIL 115   0.528  0.503  0.470  0.435
    Ecm55     0.550  0.511  0.348  0.341
    80        0.560  0.547  0.515  0.327

OUTPUT FORMAT
Reply with exactly one line and nothing else:
ANSWER: <accession label exactly as it appears in the table>
","(design_lookup[94:147],db_lookup[147:295])",80,"(depends on: round 1 answer 200; the step is t200->t500, not the adjacent column t350 which is a pilot cell; per-accession drop 80:+0.220  Ecm55:+0.170  NIL 115:+0.068  84:+0.052 -> 80; ablations: stepping to the next column instead of the next design level gives Ecm55)"
exp105-chain-0067-medium,1,dose_response_shape,"SESSION
You are analysing experiment 105 at the Ridgefield phenotyping facility: a cobalt
(Co) dose series on 6 Camelina sativa (camelina) accessions at 0, 20, 40, 80, 160
and 320 mg kg-1, imaged over 28 days in six modalities.

This is a 4-round investigation. Each round gives you the results of the tool
calls it needs, already run; how many there are varies by round. Later rounds
build on what you established earlier and will not repeat it, so keep your own
answers.

TOOLS (results are inlined; you cannot issue new calls)
  db_lookup(table=, select=, where=, group_by=)   the measurement store
  schema_lookup(trait=)                           which modality records a trait, and in what unit
  qc_lookup(table=, select=, where=)              flags, exclusions, usable counts
  design_lookup(aspect=)                          the protocol: dose series, accession panel,
                                                  imaging rounds, replication plan
  literature_lookup(species=, property=)          published claims
  embedding_lookup(space=, query=, k=)            nearest accessions by profile similarity

TERMS
  treatment        the cobalt dose, in mg kg-1
  genotype         the accession label
  Fv/Fm_Lss        photosystem-II efficiency, from the fc1 modality
  area_mm2         leaf area
  n_plants         distinct plants behind a cell
  round_to_round   variance of an accession's per-round means
  within_round     variance between plants inside one imaging round

ROUND 1 - TASK (dose_response_shape)
At which cobalt dose does mean Fv/Fm_Lss peak across the panel?

RULES
1. A treatment cell must clear the usable-plant floor in the quality
   gate before it can be called a peak.
2. Judge the curve as a whole, not a single cell.

TOOL OUTPUTS

>>> qc_lookup(table=""fc1_values"", select=[""treatment"", ""n_plants_usable""], where=""trait='Fv/Fm_Lss'"")
    plants surviving QC per treatment; the floor for a panel claim is 10.
    treatment  n_plants_usable
    ---------  ---------------
    0          49
    20         56
    40         50
    80         52
    160        3
    320        49

>>> db_lookup(table=""fc1_values"", select=[""trait"", ""mean_value""], where=""experiment_id=105"", group_by=[""trait"", ""treatment""])
    mean value by trait, one column per treatment (mg kg-1).
    trait      t0     t20    t40    t80    t160   t320
    ---------  -----  -----  -----  -----  -----  -----
    Fv/Fm_Lss  0.503  0.509  0.528  0.492  0.548  0.420

OUTPUT FORMAT
Reply with exactly one line and nothing else:
ANSWER: <dose in mg kg-1, digits only>
","(qc_lookup[327:415],db_lookup[415:541])",40,(depends on: -; the plant-level Fv/Fm_Lss row peaks at 0.528 on t40 -> 40; ablations: ignoring the quality gate gives 160 on 3 plants)
exp105-chain-0067-medium,2,transition_sensitivity,"ROUND 2 - TASK (transition_sensitivity)
Starting from the cobalt dose you identified in round 1, which accession
loses the most Fv/Fm_Lss when the dose is raised to the next level of the
design series?

RULES
1. The store also holds a pilot dose that is not a level of the
   design series. The next level is the next one in the design
   table, which need not be the next column.
2. Only accessions in the core panel can be ranked; observational
   ones are carried for reference.
3. Compare each accession against itself across the two doses.

TOOL OUTPUTS

>>> design_lookup(aspect=""dose_series"")
    the design levels, in order. Doses absent here are pilot cells.
    level  treatment
    -----  ---------
    1      0
    2      20
    3      40
    4      80
    5      160
    6      320

>>> design_lookup(aspect=""accession_panel"")
    panel membership for this experiment.
    genotype   panel_role
    ---------  -------------
    70         core
    MAGIC 282  core
    NIL 266    core
    ISU 437    core
    Ecl52      observational

>>> db_lookup(table=""fc1_values"", select=[""genotype"", ""mean_value""], where=""trait='Fv/Fm_Lss'"", group_by=[""genotype"", ""treatment""])
    mean Fv/Fm_Lss by accession, one column per treatment in the store.
    genotype   t20    t40    t60    t80
    ---------  -----  -----  -----  -----
    70         0.530  0.523  0.481  0.273
    MAGIC 282  0.544  0.531  0.505  0.483
    NIL 266    0.538  0.532  0.491  0.451
    ISU 437    0.529  0.510  0.339  0.331
    Ecl52      0.559  0.540  0.525  0.203

OUTPUT FORMAT
Reply with exactly one line and nothing else:
ANSWER: <accession label exactly as it appears in the table>
","(design_lookup[113:166],design_lookup[166:220],db_lookup[220:384])",70,"(depends on: round 1 answer 40; the step is t40->t80, not the adjacent column t60 which is a pilot cell; per-accession drop 70:+0.250  ISU 437:+0.179  NIL 266:+0.081  MAGIC 282:+0.048 -> 70; ablations: stepping to the next column instead of the next design level gives ISU 437; ranking without the panel table gives Ecl52, which is observational)"
exp105-chain-0067-medium,3,cross_modality_peak,"ROUND 3 - TASK (cross_modality_peak)
For the accession identified in round 2: at which dose does its leaf area
(area_mm2) peak, and does that dose agree with where Fv/Fm_Lss peaked
in round 1?

RULES
1. More than one modality reports this trait. Use the one the
   dictionary marks primary; the other is a derived estimate.
2. A cell flagged empty_mask carries no usable area and cannot be
   the peak. low_mask_coverage is on nearly every row and is not a
   reason to discard.
3. The verdict is AGREES when the area peak falls on the dose from
   round 1, and DISAGREES otherwise. Report both parts.

TOOL OUTPUTS

>>> qc_lookup(table=""rgb2_features"", select=[""genotype"", ""treatment"", ""flag""], where=""flag='empty_mask'"")
    cells voided by empty_mask.
    genotype  treatment  flag
    --------  ---------  ----------
    70        40         empty_mask
    Ecl52     0          empty_mask

>>> schema_lookup(trait=""area_mm2"")
    modalities reporting this trait.
    trait     modality  modality_role       unit  trait_role
    --------  --------  ------------------  ----  ----------
    area_mm2  rgb2      top-view RGB        mm2   primary
    area_mm2  vnir      VNIR hyperspectral  mm2   derived

>>> db_lookup(table=""features"", select=[""modality"", ""genotype"", ""mean_area_mm2""], where=""trait='area_mm2'"", group_by=[""modality"", ""genotype"", ""treatment""])
    mean area_mm2 by modality and accession, one column per treatment.
    modality  genotype  t0     t20    t40    t160
    --------  --------  -----  -----  -----  -----
    rgb2      70        22.98  13.79  27.48  10.63
    rgb2      Ecl52     14.98  23.52  14.68  13.16
    rgb2      ISU 437   12.20  12.86  16.02  24.64
    rgb2      NIL 266   12.07  13.59  22.59  13.27
    vnir      70        9.81   17.18  10.00  8.78
    vnir      Ecl52     9.47   10.46  17.57  10.05
    vnir      ISU 437   10.12  11.14  18.35  10.99
    vnir      NIL 266   16.92  9.54   7.68   6.12

OUTPUT FORMAT
Reply with exactly one line and nothing else:
ANSWER: <dose in mg kg-1, digits only>; <AGREES or DISAGREES>
","(qc_lookup[126:204],schema_lookup[204:287],db_lookup[287:510])",0; DISAGREES,(depends on: round 2 answer 70 and round 1 answer 40; on the rgb2 row for 70 the largest usable cell is t0 -> 0; DISAGREES; ablations: reading the vnir rows gives 20; DISAGREES; ignoring empty_mask gives 40; AGREES)
exp105-chain-0067-medium,4,modality_coverage,"ROUND 4 - TASK (modality_coverage)
For the accession identified in round 2: which modalities hold usable feature
rows for it in this experiment?

RULES
1. A modality whose rows are all flagged holds nothing usable.
2. List the modalities in the column order of the store table.

TOOL OUTPUTS

>>> db_lookup(table=""features"", select=[""genotype"", ""modality"", ""n_rows""], group_by=[""genotype"", ""modality""])
    feature rows per accession, one column per modality.
    genotype  fc1  rgb2  msc1  vnir  swir  s3d
    --------  ---  ----  ----  ----  ----  ---
    70        0    60    59    0     28    0
    Ecl52     0    62    60    47    0     0
    ISU 437   0    58    66    20    32    22
    NIL 266   0    67    57    46    0     0

>>> qc_lookup(table=""features"", select=[""genotype"", ""modality"", ""n_usable""], group_by=[""genotype"", ""modality""])
    rows surviving QC, one column per modality.
    genotype  fc1  rgb2  msc1  vnir  swir  s3d
    --------  ---  ----  ----  ----  ----  ---
    70        0    57    56    0     0     0
    Ecl52     0    61    59    45    0     0
    ISU 437   0    55    65    18    31    22
    NIL 266   0    67    55    43    0     0

OUTPUT FORMAT
Reply with exactly one line and nothing else:
ANSWER: <modalities, comma separated, in table column order>
","(db_lookup[57:173],qc_lookup[173:288])","rgb2, msc1","(depends on: round 2 answer 70; that row is non-zero for rgb2, msc1, swir and swir has nothing left after QC -> rgb2, msc1; ablations: ignoring the quality gate gives rgb2, msc1, swir)"
exp54-chain-0068-hard,1,dose_response_shape,"SESSION
You are analysing experiment 54 at the Weston phenotyping facility: a nickel (Ni)
dose series on 6 Camelina sativa (camelina) accessions at 0, 10, 50, 100, 500 and
1000 mg kg-1, imaged over 28 days in six modalities.

This is a 7-round investigation. Each round gives you the results of the tool
calls it needs, already run; how many there are varies by round. Later rounds
build on what you established earlier and will not repeat it, so keep your own
answers.

TOOLS (results are inlined; you cannot issue new calls)
  db_lookup(table=, select=, where=, group_by=)   the measurement store
  schema_lookup(trait=)                           which modality records a trait, and in what unit
  qc_lookup(table=, select=, where=)              flags, exclusions, usable counts
  design_lookup(aspect=)                          the protocol: dose series, accession panel,
                                                  imaging rounds, replication plan
  literature_lookup(species=, property=)          published claims
  embedding_lookup(space=, query=, k=)            nearest accessions by profile similarity

TERMS
  treatment        the nickel dose, in mg kg-1
  genotype         the accession label
  Fv/Fm_Lss        photosystem-II efficiency, from the fc1 modality
  area_mm2         leaf area
  n_plants         distinct plants behind a cell
  round_to_round   variance of an accession's per-round means
  within_round     variance between plants inside one imaging round

ROUND 1 - TASK (dose_response_shape)
At which nickel dose does mean Fv/Fm_Lss peak across the panel?

RULES
1. Two rows in the store carry a similar trait name. Only the
   plant-level trait is the panel measurement; the dictionary says
   which that is.
2. A treatment cell must clear the usable-plant floor in the quality
   gate before it can be called a peak.
3. Judge the curve as a whole, not a single cell.

TOOL OUTPUTS

>>> schema_lookup(trait=""Fv/Fm_Lss"")
    trait dictionary: where the trait lives and at what entity level.
    trait          modality  table       unit  entity_level
    -------------  --------  ----------  ----  ------------
    Fv/Fm_Lss      fc1       fc1_values  a.u.  plant
    avg_Fv/Fm_Lss  fc1       fc1_values  a.u.  region

>>> db_lookup(table=""fc1_values"", select=[""trait"", ""mean_value""], where=""experiment_id=54"", group_by=[""trait"", ""treatment""])
    mean value by trait, one column per treatment (mg kg-1).
    trait          t0     t10    t50    t100   t500   t1000
    -------------  -----  -----  -----  -----  -----  -----
    Fv/Fm_Lss      0.449  0.535  0.501  0.515  0.478  0.456
    avg_Fv/Fm_Lss  0.444  0.458  0.424  0.437  0.583  0.429

>>> qc_lookup(table=""fc1_values"", select=[""treatment"", ""n_plants_usable""], where=""trait='Fv/Fm_Lss'"")
    plants surviving QC per treatment; the floor for a panel claim is 10.
    treatment  n_plants_usable
    ---------  ---------------
    0          60
    10         4
    50         57
    100        52
    500        59
    1000       51

OUTPUT FORMAT
Reply with exactly one line and nothing else:
ANSWER: <dose in mg kg-1, digits only>
","(schema_lookup[358:456],db_lookup[456:607],qc_lookup[607:695])",100,(depends on: -; the plant-level Fv/Fm_Lss row peaks at 0.515 on t100 -> 100; ablations: reading the alias row gives 500; ignoring the quality gate gives 10 on 4 plants)
exp54-chain-0068-hard,2,transition_sensitivity,"ROUND 2 - TASK (transition_sensitivity)
Starting from the nickel dose you identified in round 1, which accession
loses the most Fv/Fm_Lss when the dose is raised to the next level of the
design series?

RULES
1. The store also holds a pilot dose that is not a level of the
   design series. The next level is the next one in the design
   table, which need not be the next column.
2. Only accessions in the core panel can be ranked; observational
   ones are carried for reference.
3. Compare each accession against itself across the two doses.

TOOL OUTPUTS

>>> db_lookup(table=""fc1_values"", select=[""genotype"", ""mean_value""], where=""trait='Fv/Fm_Lss'"", group_by=[""genotype"", ""treatment""])
    mean Fv/Fm_Lss by accession, one column per treatment in the store.
    genotype   t10    t100   t300   t500
    ---------  -----  -----  -----  -----
    ISU 209    0.547  0.511  0.505  0.461
    67         0.553  0.513  0.482  0.450
    Ecl27      0.525  0.501  0.449  0.239
    MAGIC 449  0.532  0.516  0.482  0.192
    ISU 111    0.529  0.509  0.358  0.351

>>> design_lookup(aspect=""dose_series"")
    the design levels, in order. Doses absent here are pilot cells.
    level  treatment
    -----  ---------
    1      0
    2      10
    3      50
    4      100
    5      500
    6      1000

>>> design_lookup(aspect=""accession_panel"")
    panel membership for this experiment.
    genotype   panel_role
    ---------  -------------
    ISU 209    core
    67         core
    Ecl27      core
    MAGIC 449  observational
    ISU 111    core

OUTPUT FORMAT
Reply with exactly one line and nothing else:
ANSWER: <accession label exactly as it appears in the table>
","(db_lookup[113:277],design_lookup[277:330],design_lookup[330:384])",Ecl27,"(depends on: round 1 answer 100; the step is t100->t500, not the adjacent column t300 which is a pilot cell; per-accession drop Ecl27:+0.262  ISU 111:+0.158  67:+0.063  ISU 209:+0.050 -> Ecl27; ablations: stepping to the next column instead of the next design level gives ISU 111; ranking without the panel table gives MAGIC 449, which is observational)"
exp54-chain-0068-hard,3,cross_modality_peak,"ROUND 3 - TASK (cross_modality_peak)
For the accession identified in round 2: at which dose does its leaf area
(area_mm2) peak, and does that dose agree with where Fv/Fm_Lss peaked
in round 1?

RULES
1. More than one modality reports this trait. Use the one the
   dictionary marks primary; the other is a derived estimate.
2. A cell flagged empty_mask carries no usable area and cannot be
   the peak. low_mask_coverage is on nearly every row and is not a
   reason to discard.
3. The verdict is AGREES when the area peak falls on the dose from
   round 1, and DISAGREES otherwise. Report both parts.

TOOL OUTPUTS

>>> qc_lookup(table=""rgb2_features"", select=[""genotype"", ""treatment"", ""flag""], where=""flag='empty_mask'"")
    cells voided by empty_mask.
    genotype   treatment  flag
    ---------  ---------  ----------
    Ecl27      50         empty_mask
    MAGIC 449  100        empty_mask

>>> db_lookup(table=""features"", select=[""modality"", ""genotype"", ""mean_area_mm2""], where=""trait='area_mm2'"", group_by=[""modality"", ""genotype"", ""treatment""])
    mean area_mm2 by modality and accession, one column per treatment.
    modality  genotype   t10    t50    t100   t500
    --------  ---------  -----  -----  -----  -----
    rgb2      Ecl27      22.98  27.48  12.92  10.43
    rgb2      MAGIC 449  9.79   18.81  9.86   7.61
    rgb2      67         8.24   10.10  11.66  20.09
    rgb2      ISU 111    7.93   9.82   19.12  9.77
    swir      Ecl27      8.14   9.86   17.18  9.66
    swir      MAGIC 449  3.09   5.21   7.14   14.27
    swir      67         6.03   8.00   15.16  7.58
    swir      ISU 111    4.86   5.84   7.19   14.48

>>> schema_lookup(trait=""area_mm2"")
    modalities reporting this trait.
    trait     modality  modality_role       unit  trait_role
    --------  --------  ------------------  ----  ----------
    area_mm2  rgb2      top-view RGB        mm2   primary
    area_mm2  swir      SWIR hyperspectral  mm2   derived

OUTPUT FORMAT
Reply with exactly one line and nothing else:
ANSWER: <dose in mg kg-1, digits only>; <AGREES or DISAGREES>
","(qc_lookup[126:206],db_lookup[206:430],schema_lookup[430:513])",10; DISAGREES,(depends on: round 2 answer Ecl27 and round 1 answer 100; on the rgb2 row for Ecl27 the largest usable cell is t10 -> 10; DISAGREES; ablations: reading the swir rows gives 100; AGREES; ignoring empty_mask gives 50; DISAGREES)
exp54-chain-0068-hard,4,modality_coverage,"ROUND 4 - TASK (modality_coverage)
For the accession identified in round 2: which modalities hold usable feature
rows for it in this experiment?

RULES
1. A modality never scheduled for this experiment does not count,
   even if rows for it exist: those were carried over.
2. A modality whose rows are all flagged holds nothing usable.
3. List the modalities in the column order of the store table.

TOOL OUTPUTS

>>> design_lookup(aspect=""imaging_rounds"")
    imaging rounds scheduled per modality for this experiment.
    modality  records                   rounds_scheduled
    --------  ------------------------  ----------------
    fc1       chlorophyll fluorescence  64
    rgb2      top-view RGB              33
    msc1      multispectral             52
    vnir      VNIR hyperspectral        58
    swir      SWIR hyperspectral        30
    s3d       3-D structural scan       0

>>> db_lookup(table=""features"", select=[""genotype"", ""modality"", ""n_rows""], group_by=[""genotype"", ""modality""])
    feature rows per accession, one column per modality.
    genotype   fc1  rgb2  msc1  vnir  swir  s3d
    ---------  ---  ----  ----  ----  ----  ---
    Ecl27      0    63    66    0     28    46
    MAGIC 449  0    59    60    0     22    0
    67         42   64    57    23    0     0
    ISU 111    21   61    63    0     0     0

>>> qc_lookup(table=""features"", select=[""genotype"", ""modality"", ""n_usable""], group_by=[""genotype"", ""modality""])
    rows surviving QC, one column per modality.
    genotype   fc1  rgb2  msc1  vnir  swir  s3d
    ---------  ---  ----  ----  ----  ----  ---
    Ecl27      0    60    64    0     0     46
    MAGIC 449  0    57    58    0     20    0
    67         42   63    56    20    0     0
    ISU 111    20   59    60    0     0     0

OUTPUT FORMAT
Reply with exactly one line and nothing else:
ANSWER: <modalities, comma separated, in table column order>
","(design_lookup[82:181],db_lookup[181:298],qc_lookup[298:414])","rgb2, msc1","(depends on: round 2 answer Ecl27; that row is non-zero for rgb2, msc1, swir, s3d, but s3d was never scheduled and swir has nothing left after QC -> rgb2, msc1; ablations: ignoring the schedule gives rgb2, msc1, s3d; ignoring the quality gate gives rgb2, msc1, swir)"
exp54-chain-0068-hard,5,analogue_search,"ROUND 5 - TASK (analogue_search)
For the accession identified in round 2: which accession is its nearest
analogue by Fv/Fm_Lss dose-response profile, and does that analogue's own
peak fall on the dose you identified in round 1?

RULES
1. Take the nearest neighbour that is eligible: observational
   accessions cannot be analogues.
2. Neighbours are listed in descending similarity.
3. Report the analogue, then MATCHES if its own peak is the dose from
   round 1 and DIVERGES if it is not.

TOOL OUTPUTS

>>> design_lookup(aspect=""accession_panel"")
    panel membership for this experiment.
    genotype   panel_role
    ---------  -------------
    Ecl27      core
    MAGIC 449  observational
    67         core
    ISU 111    core

>>> embedding_lookup(space=""dose_response_profile"", query=""panel"", k=3)
    nearest accessions by Fv/Fm_Lss profile, for every panel member.
    genotype   neighbour_1        neighbour_2      neighbour_3
    ---------  -----------------  ---------------  -----------------
    Ecl27      MAGIC 449 (0.969)  ISU 111 (0.919)  67 (0.748)
    MAGIC 449  67 (0.922)         ISU 111 (0.826)  Ecl27 (0.634)
    67         ISU 111 (0.884)    Ecl27 (0.802)    MAGIC 449 (0.707)
    ISU 111    MAGIC 449 (0.910)  67 (0.739)       Ecl27 (0.625)

>>> db_lookup(table=""fc1_values"", select=[""genotype"", ""peak_treatment""], where=""trait='Fv/Fm_Lss'"", group_by=[""genotype""])
    the treatment at which each accession's own Fv/Fm_Lss is highest.
    genotype   peak_treatment
    ---------  --------------
    Ecl27      0
    MAGIC 449  500
    67         1000
    ISU 111    1000

OUTPUT FORMAT
Reply with exactly one line and nothing else:
ANSWER: <accession label>; <MATCHES or DIVERGES>
","(design_lookup[101:152],embedding_lookup[152:332],db_lookup[332:425])",ISU 111; DIVERGES,"(depends on: round 2 answer Ecl27 and round 1 answer 100; the nearest eligible analogue is ISU 111, whose own peak is t1000 -> ISU 111; DIVERGES; ablations: taking the nearest neighbour regardless of panel role gives MAGIC 449; DIVERGES)"
exp54-chain-0068-hard,6,variance_regime,"ROUND 6 - TASK (variance_regime)
Name the cell -- accession and dose -- at which the accession identified in
round 2 first shows round-to-round variance of Fv/Fm_Lss exceeding its
within-round variance.

RULES
1. The two variances come from separate queries; compare them cell by
   cell.
2. A cell built on fewer than 3 imaging rounds is not
   comparable and must be skipped, however its numbers look.
3. Report the first qualifying dose reading left to right, not the
   largest gap, and name the accession alongside it.

TOOL OUTPUTS

>>> db_lookup(table=""fc1_values"", select=[""genotype"", ""within_round""], where=""trait='Fv/Fm_Lss'"", group_by=[""genotype"", ""treatment""])
    within-round variance, one column per treatment.
    genotype   t0     t10    t50    t100   t500   t1000
    ---------  -----  -----  -----  -----  -----  -----
    Ecl27      0.031  0.013  0.021  0.024  0.050  0.056
    MAGIC 449  0.031  0.041  0.055  0.082  0.046  0.046
    67         0.040  0.040  0.050  0.057  0.079  0.066
    ISU 111    0.038  0.048  0.054  0.036  0.044  0.054

>>> db_lookup(table=""fc1_values"", select=[""genotype"", ""round_to_round""], where=""trait='Fv/Fm_Lss'"", group_by=[""genotype"", ""treatment""])
    round-to-round variance, one column per treatment.
    genotype   t0     t10    t50    t100   t500   t1000
    ---------  -----  -----  -----  -----  -----  -----
    Ecl27      0.015  0.025  0.040  0.049  0.065  0.076
    MAGIC 449  0.016  0.026  0.038  0.053  0.065  0.074
    67         0.016  0.025  0.037  0.050  0.061  0.076
    ISU 111    0.016  0.026  0.041  0.052  0.063  0.076

>>> qc_lookup(table=""fc1_values"", select=[""genotype"", ""n_rounds""], where=""trait='Fv/Fm_Lss'"")
    imaging rounds behind each cell, one column per treatment.
    genotype   t0  t10  t50  t100  t500  t1000
    ---------  --  ---  ---  ----  ----  -----
    Ecl27      7   1    4    7     5     6
    MAGIC 449  6   5    9    4     7     6
    67         5   9    5    7     9     9
    ISU 111    8   4    8    7     5     7

OUTPUT FORMAT
Reply with exactly one line and nothing else:
ANSWER: <accession>@<dose>
","(db_lookup[111:292],db_lookup[292:475],qc_lookup[475:588])",Ecl27@50,"(depends on: round 2 answer Ecl27; comparing the two variance tables cell by cell, Ecl27 first crosses at t10, but that cell rests on 1 imaging round, under the 3 needed, so the first comparable crossing is t50 -> Ecl27@50; ablations: taking the largest round-to-round value without the within-round table gives Ecl27@1000; ignoring the round counts gives Ecl27@10)"
exp54-chain-0068-hard,7,literature_audit,"ROUND 7 - TASK (literature_audit)
Three published claims are on file. Judge the one that concerns this
experiment's species against the accession identified in round 2, and say
which source you judged.

RULES
1. Exactly one source concerns the species under study here; the others
   are about different species and are not yours to judge.
2. OUT_OF_SCOPE if the source's studied dose range does not overlap
   this experiment's series: the claim cannot be tested here.
3. Otherwise SUPPORTED if the claimed peak matches that accession's own
   measured peak, CONTRADICTED if it does not.
4. Report the verdict and the source.

TOOL OUTPUTS

>>> db_lookup(table=""fc1_values"", select=[""genotype"", ""peak_treatment""], where=""trait='Fv/Fm_Lss'"", group_by=[""genotype""])
    the treatment at which each accession's own Fv/Fm_Lss is highest.
    genotype   peak_treatment
    ---------  --------------
    Ecl27      0
    MAGIC 449  1000
    67         1000
    ISU 111    500

>>> design_lookup(aspect=""imaging_rounds"")
    imaging rounds scheduled per modality.
    modality  records                   rounds_scheduled
    --------  ------------------------  ----------------
    fc1       chlorophyll fluorescence  43
    rgb2      top-view RGB              56
    msc1      multispectral             27
    vnir      VNIR hyperspectral        34

>>> design_lookup(aspect=""dose_series"")
    the design levels of this experiment, in order.
    level  treatment
    -----  ---------
    1      0
    2      10
    3      50
    4      100
    5      500
    6      1000

>>> literature_lookup(species=""Camelina sativa"", property=""hormesis"")
    published peak-dose claims, with the dose range each study covered (mg kg-1).
    source            species          property  claimed_peak  range_studied
    ----------------  ---------------  --------  ------------  -------------
    lit:Osorio2016    Thlaspi arvense  hormesis  1000          0-1000
    lit:Baumann2016   Brassica napus   hormesis  50            0-1000
    lit:Ferreira2016  Camelina sativa  hormesis  5000          2000-8000

OUTPUT FORMAT
Reply with exactly one line and nothing else:
ANSWER: <SUPPORTED, CONTRADICTED or OUT_OF_SCOPE>; <source id>
","(db_lookup[126:219],design_lookup[219:304],design_lookup[304:353],literature_lookup[353:490])",OUT_OF_SCOPE; lit:Ferreira2016,"(depends on: round 2 answer Ecl27; only lit:Ferreira2016 concerns Camelina sativa; it claims a peak at 5000 mg kg-1 over 2000-8000, against a series topping out at 1000 and a measured peak of 0 for that accession -> OUT_OF_SCOPE; lit:Ferreira2016; ablations: judging a source about another species gives CONTRADICTED; lit:Osorio2016; skipping the scope check gives CONTRADICTED; lit:Ferreira2016)"
exp112-chain-0069-low,1,dose_response_shape,"SESSION
You are analysing experiment 112 at the Ashfield phenotyping facility: a cadmium
(Cd) dose series on 6 Camelina sativa (camelina) accessions at 0, 50, 100, 200,
500 and 1000 mg kg-1, imaged over 28 days in six modalities.

This is a 2-round investigation. Each round gives you the results of the tool
calls it needs, already run; how many there are varies by round. Later rounds
build on what you established earlier and will not repeat it, so keep your own
answers.

TOOLS (results are inlined; you cannot issue new calls)
  db_lookup(table=, select=, where=, group_by=)   the measurement store
  schema_lookup(trait=)                           which modality records a trait, and in what unit
  qc_lookup(table=, select=, where=)              flags, exclusions, usable counts
  design_lookup(aspect=)                          the protocol: dose series, accession panel,
                                                  imaging rounds, replication plan
  literature_lookup(species=, property=)          published claims
  embedding_lookup(space=, query=, k=)            nearest accessions by profile similarity

TERMS
  treatment        the cadmium dose, in mg kg-1
  genotype         the accession label
  Fv/Fm_Lss        photosystem-II efficiency, from the fc1 modality
  area_mm2         leaf area
  n_plants         distinct plants behind a cell
  round_to_round   variance of an accession's per-round means
  within_round     variance between plants inside one imaging round

ROUND 1 - TASK (dose_response_shape)
At which cadmium dose does mean Fv/Fm_Lss peak across the panel?

RULES
1. A treatment cell must clear the usable-plant floor in the quality
   gate before it can be called a peak.
2. Judge the curve as a whole, not a single cell.

TOOL OUTPUTS

>>> db_lookup(table=""fc1_values"", select=[""trait"", ""mean_value""], where=""experiment_id=112"", group_by=[""trait"", ""treatment""])
    mean value by trait, one column per treatment (mg kg-1).
    trait      t0     t50    t100   t200   t500   t1000
    ---------  -----  -----  -----  -----  -----  -----
    Fv/Fm_Lss  0.477  0.511  0.515  0.535  0.510  0.556

>>> qc_lookup(table=""fc1_values"", select=[""treatment"", ""n_plants_usable""], where=""trait='Fv/Fm_Lss'"")
    plants surviving QC per treatment; the floor for a panel claim is 12.
    treatment  n_plants_usable
    ---------  ---------------
    0          48
    50         60
    100        59
    200        55
    500        60
    1000       8

OUTPUT FORMAT
Reply with exactly one line and nothing else:
ANSWER: <dose in mg kg-1, digits only>
","(db_lookup[327:453],qc_lookup[453:541])",200,(depends on: -; the plant-level Fv/Fm_Lss row peaks at 0.535 on t200 -> 200; ablations: ignoring the quality gate gives 1000 on 8 plants)
exp112-chain-0069-low,2,transition_sensitivity,"ROUND 2 - TASK (transition_sensitivity)
Starting from the cadmium dose you identified in round 1, which accession
loses the most Fv/Fm_Lss when the dose is raised to the next level of the
design series?

RULES
1. Only accessions in the core panel can be ranked; observational
   ones are carried for reference.
2. Compare each accession against itself across the two doses.

TOOL OUTPUTS

>>> design_lookup(aspect=""accession_panel"")
    panel membership for this experiment.
    genotype   panel_role
    ---------  -------------
    MAGIC 269  core
    Esp33      observational
    44         core
    NIL 322    core
    MAGIC 387  core

>>> db_lookup(table=""fc1_values"", select=[""genotype"", ""mean_value""], where=""trait='Fv/Fm_Lss'"", group_by=[""genotype"", ""treatment""])
    mean Fv/Fm_Lss by accession, one column per treatment in the store.
    genotype   t50    t200   t500   t1000
    ---------  -----  -----  -----  -----
    MAGIC 269  0.530  0.505  0.499  0.470
    Esp33      0.528  0.498  0.199  0.155
    44         0.557  0.515  0.487  0.473
    NIL 322    0.543  0.526  0.507  0.464
    MAGIC 387  0.556  0.513  0.307  0.295

OUTPUT FORMAT
Reply with exactly one line and nothing else:
ANSWER: <accession label exactly as it appears in the table>
","(design_lookup[74:128],db_lookup[128:292])",MAGIC 387,"(depends on: round 1 answer 200; the step is t200->t500; per-accession drop MAGIC 387:+0.206  44:+0.028  NIL 322:+0.019  MAGIC 269:+0.006 -> MAGIC 387; ablations: ranking without the panel table gives Esp33, which is observational)"
exp164-chain-0070-low,1,dose_response_shape,"SESSION
You are analysing experiment 164 at the Hollandale phenotyping facility: a cadmium
(Cd) dose series on 6 Thlaspi arvense (pennycress) accessions at 0, 25, 50, 100,
250 and 500 mg kg-1, imaged over 28 days in six modalities.

This is a 2-round investigation. Each round gives you the results of the tool
calls it needs, already run; how many there are varies by round. Later rounds
build on what you established earlier and will not repeat it, so keep your own
answers.

TOOLS (results are inlined; you cannot issue new calls)
  db_lookup(table=, select=, where=, group_by=)   the measurement store
  schema_lookup(trait=)                           which modality records a trait, and in what unit
  qc_lookup(table=, select=, where=)              flags, exclusions, usable counts
  design_lookup(aspect=)                          the protocol: dose series, accession panel,
                                                  imaging rounds, replication plan
  literature_lookup(species=, property=)          published claims
  embedding_lookup(space=, query=, k=)            nearest accessions by profile similarity

TERMS
  treatment        the cadmium dose, in mg kg-1
  genotype         the accession label
  Fv/Fm_Lss        photosystem-II efficiency, from the fc1 modality
  area_mm2         leaf area
  n_plants         distinct plants behind a cell
  round_to_round   variance of an accession's per-round means
  within_round     variance between plants inside one imaging round

ROUND 1 - TASK (dose_response_shape)
At which cadmium dose does mean Fv/Fm_Lss peak across the panel?

RULES
1. A treatment cell must clear the usable-plant floor in the quality
   gate before it can be called a peak.
2. Judge the curve as a whole, not a single cell.

TOOL OUTPUTS

>>> db_lookup(table=""fc1_values"", select=[""trait"", ""mean_value""], where=""experiment_id=164"", group_by=[""trait"", ""treatment""])
    mean value by trait, one column per treatment (mg kg-1).
    trait      t0     t25    t50    t100   t250   t500
    ---------  -----  -----  -----  -----  -----  -----
    Fv/Fm_Lss  0.486  0.550  0.523  0.495  0.459  0.412

>>> qc_lookup(table=""fc1_values"", select=[""treatment"", ""n_plants_usable""], where=""trait='Fv/Fm_Lss'"")
    plants surviving QC per treatment; the floor for a panel claim is 8.
    treatment  n_plants_usable
    ---------  ---------------
    0          59
    25         4
    50         55
    100        58
    250        56
    500        49

OUTPUT FORMAT
Reply with exactly one line and nothing else:
ANSWER: <dose in mg kg-1, digits only>
","(db_lookup[327:453],qc_lookup[453:541])",50,(depends on: -; the plant-level Fv/Fm_Lss row peaks at 0.523 on t50 -> 50; ablations: ignoring the quality gate gives 25 on 4 plants)
exp164-chain-0070-low,2,transition_sensitivity,"ROUND 2 - TASK (transition_sensitivity)
Starting from the cadmium dose you identified in round 1, which accession
loses the most Fv/Fm_Lss when the dose is raised to the next level of the
design series?

RULES
1. Only accessions in the core panel can be ranked; observational
   ones are carried for reference.
2. Compare each accession against itself across the two doses.

TOOL OUTPUTS

>>> db_lookup(table=""fc1_values"", select=[""genotype"", ""mean_value""], where=""trait='Fv/Fm_Lss'"", group_by=[""genotype"", ""treatment""])
    mean Fv/Fm_Lss by accession, one column per treatment in the store.
    genotype  t0     t50    t100   t500
    --------  -----  -----  -----  -----
    NIL 201   0.524  0.498  0.491  0.455
    93        0.557  0.533  0.220  0.181
    ISU 428   0.547  0.531  0.496  0.476
    Esp37     0.522  0.498  0.302  0.264
    RIL 330   0.553  0.541  0.530  0.513

>>> design_lookup(aspect=""accession_panel"")
    panel membership for this experiment.
    genotype  panel_role
    --------  -------------
    NIL 201   core
    93        observational
    ISU 428   core
    Esp37     core
    RIL 330   core

OUTPUT FORMAT
Reply with exactly one line and nothing else:
ANSWER: <accession label exactly as it appears in the table>
","(db_lookup[74:237],design_lookup[237:290])",Esp37,"(depends on: round 1 answer 50; the step is t50->t100; per-accession drop Esp37:+0.196  ISU 428:+0.035  RIL 330:+0.011  NIL 201:+0.007 -> Esp37; ablations: ranking without the panel table gives 93, which is observational)"
exp40-chain-0071-hard,1,dose_response_shape,"SESSION
You are analysing experiment 40 at the Hollandale phenotyping facility: a zinc
(Zn) dose series on 6 Arabidopsis thaliana (arabidopsis) accessions at 0, 20, 40,
80, 160 and 320 mg kg-1, imaged over 28 days in six modalities.

This is a 7-round investigation. Each round gives you the results of the tool
calls it needs, already run; how many there are varies by round. Later rounds
build on what you established earlier and will not repeat it, so keep your own
answers.

TOOLS (results are inlined; you cannot issue new calls)
  db_lookup(table=, select=, where=, group_by=)   the measurement store
  schema_lookup(trait=)                           which modality records a trait, and in what unit
  qc_lookup(table=, select=, where=)              flags, exclusions, usable counts
  design_lookup(aspect=)                          the protocol: dose series, accession panel,
                                                  imaging rounds, replication plan
  literature_lookup(species=, property=)          published claims
  embedding_lookup(space=, query=, k=)            nearest accessions by profile similarity

TERMS
  treatment        the zinc dose, in mg kg-1
  genotype         the accession label
  Fv/Fm_Lss        photosystem-II efficiency, from the fc1 modality
  area_mm2         leaf area
  n_plants         distinct plants behind a cell
  round_to_round   variance of an accession's per-round means
  within_round     variance between plants inside one imaging round

ROUND 1 - TASK (dose_response_shape)
At which zinc dose does mean Fv/Fm_Lss peak across the panel?

RULES
1. Two rows in the store carry a similar trait name. Only the
   plant-level trait is the panel measurement; the dictionary says
   which that is.
2. A treatment cell must clear the usable-plant floor in the quality
   gate before it can be called a peak.
3. Judge the curve as a whole, not a single cell.

TOOL OUTPUTS

>>> qc_lookup(table=""fc1_values"", select=[""treatment"", ""n_plants_usable""], where=""trait='Fv/Fm_Lss'"")
    plants surviving QC per treatment; the floor for a panel claim is 8.
    treatment  n_plants_usable
    ---------  ---------------
    0          5
    20         51
    40         59
    80         56
    160        59
    320        52

>>> schema_lookup(trait=""Fv/Fm_Lss"")
    trait dictionary: where the trait lives and at what entity level.
    trait          modality  table       unit  entity_level
    -------------  --------  ----------  ----  ------------
    Fv/Fm_Lss      fc1       fc1_values  a.u.  plant
    avg_Fv/Fm_Lss  fc1       fc1_values  a.u.  region

>>> db_lookup(table=""fc1_values"", select=[""trait"", ""mean_value""], where=""experiment_id=40"", group_by=[""trait"", ""treatment""])
    mean value by trait, one column per treatment (mg kg-1).
    trait          t0     t20    t40    t80    t160   t320
    -------------  -----  -----  -----  -----  -----  -----
    Fv/Fm_Lss      0.565  0.493  0.520  0.533  0.503  0.468
    avg_Fv/Fm_Lss  0.416  0.438  0.459  0.404  0.382  0.593

OUTPUT FORMAT
Reply with exactly one line and nothing else:
ANSWER: <dose in mg kg-1, digits only>
","(qc_lookup[358:446],schema_lookup[446:544],db_lookup[544:695])",80,(depends on: -; the plant-level Fv/Fm_Lss row peaks at 0.533 on t80 -> 80; ablations: reading the alias row gives 320; ignoring the quality gate gives 0 on 5 plants)
exp40-chain-0071-hard,2,transition_sensitivity,"ROUND 2 - TASK (transition_sensitivity)
Starting from the zinc dose you identified in round 1, which accession
loses the most Fv/Fm_Lss when the dose is raised to the next level of the
design series?

RULES
1. The store also holds a pilot dose that is not a level of the
   design series. The next level is the next one in the design
   table, which need not be the next column.
2. Only accessions in the core panel can be ranked; observational
   ones are carried for reference.
3. Compare each accession against itself across the two doses.

TOOL OUTPUTS

>>> design_lookup(aspect=""dose_series"")
    the design levels, in order. Doses absent here are pilot cells.
    level  treatment
    -----  ---------
    1      0
    2      20
    3      40
    4      80
    5      160
    6      320

>>> design_lookup(aspect=""accession_panel"")
    panel membership for this experiment.
    genotype  panel_role
    --------  -------------
    ISU 257   core
    Esp30     core
    NIL 108   core
    62        observational
    ISU 63    core

>>> db_lookup(table=""fc1_values"", select=[""genotype"", ""mean_value""], where=""trait='Fv/Fm_Lss'"", group_by=[""genotype"", ""treatment""])
    mean Fv/Fm_Lss by accession, one column per treatment in the store.
    genotype  t40    t80    t120   t160
    --------  -----  -----  -----  -----
    ISU 257   0.532  0.512  0.348  0.333
    Esp30     0.530  0.512  0.480  0.278
    NIL 108   0.535  0.528  0.502  0.482
    62        0.527  0.513  0.486  0.187
    ISU 63    0.525  0.496  0.470  0.450

OUTPUT FORMAT
Reply with exactly one line and nothing else:
ANSWER: <accession label exactly as it appears in the table>
","(design_lookup[113:166],design_lookup[166:219],db_lookup[219:382])",Esp30,"(depends on: round 1 answer 80; the step is t80->t160, not the adjacent column t120 which is a pilot cell; per-accession drop Esp30:+0.234  ISU 257:+0.179  NIL 108:+0.046  ISU 63:+0.046 -> Esp30; ablations: stepping to the next column instead of the next design level gives ISU 257; ranking without the panel table gives 62, which is observational)"
exp40-chain-0071-hard,3,cross_modality_peak,"ROUND 3 - TASK (cross_modality_peak)
For the accession identified in round 2: at which dose does its leaf area
(area_mm2) peak, and does that dose agree with where Fv/Fm_Lss peaked
in round 1?

RULES
1. More than one modality reports this trait. Use the one the
   dictionary marks primary; the other is a derived estimate.
2. A cell flagged empty_mask carries no usable area and cannot be
   the peak. low_mask_coverage is on nearly every row and is not a
   reason to discard.
3. The verdict is AGREES when the area peak falls on the dose from
   round 1, and DISAGREES otherwise. Report both parts.

TOOL OUTPUTS

>>> db_lookup(table=""features"", select=[""modality"", ""genotype"", ""mean_area_mm2""], where=""trait='area_mm2'"", group_by=[""modality"", ""genotype"", ""treatment""])
    mean area_mm2 by modality and accession, one column per treatment.
    modality  genotype  t0     t20    t80    t320
    --------  --------  -----  -----  -----  -----
    rgb2      Esp30     14.06  23.05  14.03  27.55
    rgb2      62        13.56  16.29  24.77  15.88
    rgb2      NIL 108   24.47  15.97  14.36  13.13
    rgb2      ISU 257   8.38   10.61  13.42  22.00
    swir      Esp30     6.24   7.88   10.16  17.24
    swir      62        10.98  18.44  10.85  9.23
    swir      NIL 108   8.88   9.68   10.89  18.23
    swir      ISU 257   9.05   16.50  9.25   7.07

>>> qc_lookup(table=""rgb2_features"", select=[""genotype"", ""treatment"", ""flag""], where=""flag='empty_mask'"")
    cells voided by empty_mask.
    genotype  treatment  flag
    --------  ---------  ----------
    Esp30     320        empty_mask
    62        320        empty_mask

>>> schema_lookup(trait=""area_mm2"")
    modalities reporting this trait.
    trait     modality  modality_role       unit  trait_role
    --------  --------  ------------------  ----  ----------
    area_mm2  rgb2      top-view RGB        mm2   primary
    area_mm2  swir      SWIR hyperspectral  mm2   derived

OUTPUT FORMAT
Reply with exactly one line and nothing else:
ANSWER: <dose in mg kg-1, digits only>; <AGREES or DISAGREES>
","(db_lookup[126:349],qc_lookup[349:427],schema_lookup[427:510])",20; DISAGREES,(depends on: round 2 answer Esp30 and round 1 answer 80; on the rgb2 row for Esp30 the largest usable cell is t20 -> 20; DISAGREES; ablations: reading the swir rows gives 320; DISAGREES; ignoring empty_mask gives 320; DISAGREES)
exp40-chain-0071-hard,4,modality_coverage,"ROUND 4 - TASK (modality_coverage)
For the accession identified in round 2: which modalities hold usable feature
rows for it in this experiment?

RULES
1. A modality never scheduled for this experiment does not count,
   even if rows for it exist: those were carried over.
2. A modality whose rows are all flagged holds nothing usable.
3. List the modalities in the column order of the store table.

TOOL OUTPUTS

>>> design_lookup(aspect=""imaging_rounds"")
    imaging rounds scheduled per modality for this experiment.
    modality  records                   rounds_scheduled
    --------  ------------------------  ----------------
    fc1       chlorophyll fluorescence  56
    rgb2      top-view RGB              60
    msc1      multispectral             28
    vnir      VNIR hyperspectral        24
    swir      SWIR hyperspectral        23
    s3d       3-D structural scan       0

>>> qc_lookup(table=""features"", select=[""genotype"", ""modality"", ""n_usable""], group_by=[""genotype"", ""modality""])
    rows surviving QC, one column per modality.
    genotype  fc1  rgb2  msc1  vnir  swir  s3d
    --------  ---  ----  ----  ----  ----  ---
    Esp30     0    59    64    0     0     42
    62        16   60    52    0     0     0
    NIL 108   0    65    54    23    0     0
    ISU 257   28   60    59    0     31    0

>>> db_lookup(table=""features"", select=[""genotype"", ""modality"", ""n_rows""], group_by=[""genotype"", ""modality""])
    feature rows per accession, one column per modality.
    genotype  fc1  rgb2  msc1  vnir  swir  s3d
    --------  ---  ----  ----  ----  ----  ---
    Esp30     0    61    67    0     37    44
    62        17   61    55    0     0     0
    NIL 108   0    67    57    23    0     0
    ISU 257   28   62    60    0     32    0

OUTPUT FORMAT
Reply with exactly one line and nothing else:
ANSWER: <modalities, comma separated, in table column order>
","(design_lookup[82:181],qc_lookup[181:296],db_lookup[296:412])","rgb2, msc1","(depends on: round 2 answer Esp30; that row is non-zero for rgb2, msc1, swir, s3d, but s3d was never scheduled and swir has nothing left after QC -> rgb2, msc1; ablations: ignoring the schedule gives rgb2, msc1, s3d; ignoring the quality gate gives rgb2, msc1, swir)"
exp40-chain-0071-hard,5,analogue_search,"ROUND 5 - TASK (analogue_search)
For the accession identified in round 2: which accession is its nearest
analogue by Fv/Fm_Lss dose-response profile, and does that analogue's own
peak fall on the dose you identified in round 1?

RULES
1. Take the nearest neighbour that is eligible: observational
   accessions cannot be analogues.
2. Neighbours are listed in descending similarity.
3. Report the analogue, then MATCHES if its own peak is the dose from
   round 1 and DIVERGES if it is not.

TOOL OUTPUTS

>>> design_lookup(aspect=""accession_panel"")
    panel membership for this experiment.
    genotype  panel_role
    --------  -------------
    Esp30     core
    62        observational
    NIL 108   core
    ISU 257   core

>>> embedding_lookup(space=""dose_response_profile"", query=""panel"", k=3)
    nearest accessions by Fv/Fm_Lss profile, for every panel member.
    genotype  neighbour_1      neighbour_2      neighbour_3
    --------  ---------------  ---------------  ---------------
    Esp30     62 (0.950)       NIL 108 (0.886)  ISU 257 (0.748)
    62        NIL 108 (0.938)  Esp30 (0.788)    ISU 257 (0.619)
    NIL 108   Esp30 (0.878)    62 (0.728)       ISU 257 (0.681)
    ISU 257   Esp30 (0.917)    NIL 108 (0.788)  62 (0.619)

>>> db_lookup(table=""fc1_values"", select=[""genotype"", ""peak_treatment""], where=""trait='Fv/Fm_Lss'"", group_by=[""genotype""])
    the treatment at which each accession's own Fv/Fm_Lss is highest.
    genotype  peak_treatment
    --------  --------------
    Esp30     80
    62        320
    NIL 108   80
    ISU 257   160

OUTPUT FORMAT
Reply with exactly one line and nothing else:
ANSWER: <accession label>; <MATCHES or DIVERGES>
","(design_lookup[101:151],embedding_lookup[151:326],db_lookup[326:418])",NIL 108; MATCHES,"(depends on: round 2 answer Esp30 and round 1 answer 80; the nearest eligible analogue is NIL 108, whose own peak is t80 -> NIL 108; MATCHES; ablations: taking the nearest neighbour regardless of panel role gives 62; DIVERGES)"
exp40-chain-0071-hard,6,variance_regime,"ROUND 6 - TASK (variance_regime)
Name the cell -- accession and dose -- at which the accession identified in
round 2 first shows round-to-round variance of Fv/Fm_Lss exceeding its
within-round variance.

RULES
1. The two variances come from separate queries; compare them cell by
   cell.
2. A cell built on fewer than 3 imaging rounds is not
   comparable and must be skipped, however its numbers look.
3. Report the first qualifying dose reading left to right, not the
   largest gap, and name the accession alongside it.

TOOL OUTPUTS

>>> db_lookup(table=""fc1_values"", select=[""genotype"", ""round_to_round""], where=""trait='Fv/Fm_Lss'"", group_by=[""genotype"", ""treatment""])
    round-to-round variance, one column per treatment.
    genotype  t0     t20    t40    t80    t160   t320
    --------  -----  -----  -----  -----  -----  -----
    Esp30     0.013  0.027  0.038  0.052  0.064  0.075
    62        0.013  0.026  0.038  0.052  0.063  0.077
    NIL 108   0.015  0.026  0.040  0.052  0.065  0.076
    ISU 257   0.016  0.026  0.038  0.051  0.064  0.075

>>> qc_lookup(table=""fc1_values"", select=[""genotype"", ""n_rounds""], where=""trait='Fv/Fm_Lss'"")
    imaging rounds behind each cell, one column per treatment.
    genotype  t0  t20  t40  t80  t160  t320
    --------  --  ---  ---  ---  ----  ----
    Esp30     9   8    2    4    6     7
    62        9   7    9    7    6     6
    NIL 108   4   8    9    5    8     9
    ISU 257   8   9    8    8    8     4

>>> db_lookup(table=""fc1_values"", select=[""genotype"", ""within_round""], where=""trait='Fv/Fm_Lss'"", group_by=[""genotype"", ""treatment""])
    within-round variance, one column per treatment.
    genotype  t0     t20    t40    t80    t160   t320
    --------  -----  -----  -----  -----  -----  -----
    Esp30     0.023  0.036  0.022  0.030  0.050  0.049
    62        0.031  0.052  0.049  0.079  0.052  0.054
    NIL 108   0.031  0.032  0.065  0.069  0.075  0.059
    ISU 257   0.024  0.014  0.010  0.033  0.054  0.060

OUTPUT FORMAT
Reply with exactly one line and nothing else:
ANSWER: <accession>@<dose>
","(db_lookup[111:293],qc_lookup[293:403],db_lookup[403:583])",Esp30@80,"(depends on: round 2 answer Esp30; comparing the two variance tables cell by cell, Esp30 first crosses at t40, but that cell rests on 2 imaging rounds, under the 3 needed, so the first comparable crossing is t80 -> Esp30@80; ablations: taking the largest round-to-round value without the within-round table gives Esp30@320; ignoring the round counts gives Esp30@40)"
exp40-chain-0071-hard,7,literature_audit,"ROUND 7 - TASK (literature_audit)
Three published claims are on file. Judge the one that concerns this
experiment's species against the accession identified in round 2, and say
which source you judged.

RULES
1. Exactly one source concerns the species under study here; the others
   are about different species and are not yours to judge.
2. OUT_OF_SCOPE if the source's studied dose range does not overlap
   this experiment's series: the claim cannot be tested here.
3. Otherwise SUPPORTED if the claimed peak matches that accession's own
   measured peak, CONTRADICTED if it does not.
4. Report the verdict and the source.

TOOL OUTPUTS

>>> db_lookup(table=""fc1_values"", select=[""genotype"", ""peak_treatment""], where=""trait='Fv/Fm_Lss'"", group_by=[""genotype""])
    the treatment at which each accession's own Fv/Fm_Lss is highest.
    genotype  peak_treatment
    --------  --------------
    Esp30     40
    62        80
    NIL 108   0
    ISU 257   20

>>> literature_lookup(species=""Arabidopsis thaliana"", property=""hormesis"")
    published peak-dose claims, with the dose range each study covered (mg kg-1).
    source            species               property  claimed_peak  range_studied
    ----------------  --------------------  --------  ------------  -------------
    lit:Ferreira2024  Brassica napus        hormesis  40            0-320
    lit:Ferreira2022  Camelina sativa       hormesis  0             0-320
    lit:Ferreira2015  Arabidopsis thaliana  hormesis  40            0-320

>>> design_lookup(aspect=""dose_series"")
    the design levels of this experiment, in order.
    level  treatment
    -----  ---------
    1      0
    2      20
    3      40
    4      80
    5      160
    6      320

OUTPUT FORMAT
Reply with exactly one line and nothing else:
ANSWER: <SUPPORTED, CONTRADICTED or OUT_OF_SCOPE>; <source id>
","(db_lookup[126:218],literature_lookup[218:360],design_lookup[360:409])",SUPPORTED; lit:Ferreira2015,"(depends on: round 2 answer Esp30; only lit:Ferreira2015 concerns Arabidopsis thaliana; it claims a peak at 40 mg kg-1 over 0-320, against a series topping out at 320 and a measured peak of 40 for that accession -> SUPPORTED; lit:Ferreira2015; ablations: judging a source about another species gives SUPPORTED; lit:Ferreira2024; skipping the scope check gives SUPPORTED; lit:Ferreira2015)"
exp197-chain-0072-low,1,dose_response_shape,"SESSION
You are analysing experiment 197 at the Hollandale phenotyping facility: a cobalt
(Co) dose series on 6 Thlaspi arvense (pennycress) accessions at 0, 50, 100, 200,
500 and 1000 mg kg-1, imaged over 28 days in six modalities.

This is a 2-round investigation. Each round gives you the results of the tool
calls it needs, already run; how many there are varies by round. Later rounds
build on what you established earlier and will not repeat it, so keep your own
answers.

TOOLS (results are inlined; you cannot issue new calls)
  db_lookup(table=, select=, where=, group_by=)   the measurement store
  schema_lookup(trait=)                           which modality records a trait, and in what unit
  qc_lookup(table=, select=, where=)              flags, exclusions, usable counts
  design_lookup(aspect=)                          the protocol: dose series, accession panel,
                                                  imaging rounds, replication plan
  literature_lookup(species=, property=)          published claims
  embedding_lookup(space=, query=, k=)            nearest accessions by profile similarity

TERMS
  treatment        the cobalt dose, in mg kg-1
  genotype         the accession label
  Fv/Fm_Lss        photosystem-II efficiency, from the fc1 modality
  area_mm2         leaf area
  n_plants         distinct plants behind a cell
  round_to_round   variance of an accession's per-round means
  within_round     variance between plants inside one imaging round

ROUND 1 - TASK (dose_response_shape)
At which cobalt dose does mean Fv/Fm_Lss peak across the panel?

RULES
1. Two rows in the store carry a similar trait name. Only the
   plant-level trait is the panel measurement; the dictionary says
   which that is.
2. Judge the curve as a whole, not a single cell.

TOOL OUTPUTS

>>> db_lookup(table=""fc1_values"", select=[""trait"", ""mean_value""], where=""experiment_id=197"", group_by=[""trait"", ""treatment""])
    mean value by trait, one column per treatment (mg kg-1).
    trait          t0     t50    t100   t200   t500   t1000
    -------------  -----  -----  -----  -----  -----  -----
    Fv/Fm_Lss      0.485  0.507  0.522  0.489  0.466  0.403
    avg_Fv/Fm_Lss  0.411  0.454  0.400  0.569  0.433  0.405

>>> schema_lookup(trait=""Fv/Fm_Lss"")
    trait dictionary: where the trait lives and at what entity level.
    trait          modality  table       unit  entity_level
    -------------  --------  ----------  ----  ------------
    Fv/Fm_Lss      fc1       fc1_values  a.u.  plant
    avg_Fv/Fm_Lss  fc1       fc1_values  a.u.  region

OUTPUT FORMAT
Reply with exactly one line and nothing else:
ANSWER: <dose in mg kg-1, digits only>
","(db_lookup[334:485],schema_lookup[485:583])",100,(depends on: -; the plant-level Fv/Fm_Lss row peaks at 0.522 on t100 -> 100; ablations: reading the alias row gives 200)
exp197-chain-0072-low,2,transition_sensitivity,"ROUND 2 - TASK (transition_sensitivity)
Starting from the cobalt dose you identified in round 1, which accession
loses the most Fv/Fm_Lss when the dose is raised to the next level of the
design series?

RULES
1. The store also holds a pilot dose that is not a level of the
   design series. The next level is the next one in the design
   table, which need not be the next column.
2. Compare each accession against itself across the two doses.

TOOL OUTPUTS

>>> design_lookup(aspect=""dose_series"")
    the design levels, in order. Doses absent here are pilot cells.
    level  treatment
    -----  ---------
    1      0
    2      50
    3      100
    4      200
    5      500
    6      1000

>>> db_lookup(table=""fc1_values"", select=[""genotype"", ""mean_value""], where=""trait='Fv/Fm_Lss'"", group_by=[""genotype"", ""treatment""])
    mean Fv/Fm_Lss by accession, one column per treatment in the store.
    genotype  t0     t100   t150   t200
    --------  -----  -----  -----  -----
    NIL 164   0.526  0.485  0.456  0.424
    91        0.539  0.515  0.501  0.476
    RIL 437   0.555  0.543  0.503  0.316
    Ecl20     0.549  0.544  0.376  0.358

OUTPUT FORMAT
Reply with exactly one line and nothing else:
ANSWER: <accession label exactly as it appears in the table>
","(design_lookup[94:147],db_lookup[147:296])",RIL 437,"(depends on: round 1 answer 100; the step is t100->t200, not the adjacent column t150 which is a pilot cell; per-accession drop RIL 437:+0.227  Ecl20:+0.186  NIL 164:+0.061  91:+0.039 -> RIL 437; ablations: stepping to the next column instead of the next design level gives Ecl20)"
exp173-chain-0073-low,1,dose_response_shape,"SESSION
You are analysing experiment 173 at the Ridgefield phenotyping facility: a nickel
(Ni) dose series on 6 Camelina sativa (camelina) accessions at 0, 20, 40, 80, 160
and 320 mg kg-1, imaged over 28 days in six modalities.

This is a 3-round investigation. Each round gives you the results of the tool
calls it needs, already run; how many there are varies by round. Later rounds
build on what you established earlier and will not repeat it, so keep your own
answers.

TOOLS (results are inlined; you cannot issue new calls)
  db_lookup(table=, select=, where=, group_by=)   the measurement store
  schema_lookup(trait=)                           which modality records a trait, and in what unit
  qc_lookup(table=, select=, where=)              flags, exclusions, usable counts
  design_lookup(aspect=)                          the protocol: dose series, accession panel,
                                                  imaging rounds, replication plan
  literature_lookup(species=, property=)          published claims
  embedding_lookup(space=, query=, k=)            nearest accessions by profile similarity

TERMS
  treatment        the nickel dose, in mg kg-1
  genotype         the accession label
  Fv/Fm_Lss        photosystem-II efficiency, from the fc1 modality
  area_mm2         leaf area
  n_plants         distinct plants behind a cell
  round_to_round   variance of an accession's per-round means
  within_round     variance between plants inside one imaging round

ROUND 1 - TASK (dose_response_shape)
At which nickel dose does mean Fv/Fm_Lss peak across the panel?

RULES
1. A treatment cell must clear the usable-plant floor in the quality
   gate before it can be called a peak.
2. Judge the curve as a whole, not a single cell.

TOOL OUTPUTS

>>> db_lookup(table=""fc1_values"", select=[""trait"", ""mean_value""], where=""experiment_id=173"", group_by=[""trait"", ""treatment""])
    mean value by trait, one column per treatment (mg kg-1).
    trait      t0     t20    t40    t80    t160   t320
    ---------  -----  -----  -----  -----  -----  -----
    Fv/Fm_Lss  0.480  0.494  0.497  0.516  0.535  0.438

>>> qc_lookup(table=""fc1_values"", select=[""treatment"", ""n_plants_usable""], where=""trait='Fv/Fm_Lss'"")
    plants surviving QC per treatment; the floor for a panel claim is 10.
    treatment  n_plants_usable
    ---------  ---------------
    0          57
    20         52
    40         57
    80         55
    160        7
    320        58

OUTPUT FORMAT
Reply with exactly one line and nothing else:
ANSWER: <dose in mg kg-1, digits only>
","(db_lookup[327:453],qc_lookup[453:541])",80,(depends on: -; the plant-level Fv/Fm_Lss row peaks at 0.516 on t80 -> 80; ablations: ignoring the quality gate gives 160 on 7 plants)
exp173-chain-0073-low,2,transition_sensitivity,"ROUND 2 - TASK (transition_sensitivity)
Starting from the nickel dose you identified in round 1, which accession
loses the most Fv/Fm_Lss when the dose is raised to the next level of the
design series?

RULES
1. Only accessions in the core panel can be ranked; observational
   ones are carried for reference.
2. Compare each accession against itself across the two doses.

TOOL OUTPUTS

>>> design_lookup(aspect=""accession_panel"")
    panel membership for this experiment.
    genotype   panel_role
    ---------  -------------
    89         core
    ISU 406    core
    RIL 434    observational
    MAGIC 226  core
    71         core

>>> db_lookup(table=""fc1_values"", select=[""genotype"", ""mean_value""], where=""trait='Fv/Fm_Lss'"", group_by=[""genotype"", ""treatment""])
    mean Fv/Fm_Lss by accession, one column per treatment in the store.
    genotype   t40    t80    t160   t320
    ---------  -----  -----  -----  -----
    89         0.554  0.533  0.510  0.465
    ISU 406    0.550  0.511  0.498  0.487
    RIL 434    0.541  0.497  0.187  0.160
    MAGIC 226  0.532  0.526  0.338  0.295
    71         0.530  0.515  0.489  0.470

OUTPUT FORMAT
Reply with exactly one line and nothing else:
ANSWER: <accession label exactly as it appears in the table>
","(design_lookup[74:128],db_lookup[128:292])",MAGIC 226,"(depends on: round 1 answer 80; the step is t80->t160; per-accession drop MAGIC 226:+0.188  71:+0.026  89:+0.023  ISU 406:+0.013 -> MAGIC 226; ablations: ranking without the panel table gives RIL 434, which is observational)"
exp173-chain-0073-low,3,cross_modality_peak,"ROUND 3 - TASK (cross_modality_peak)
For the accession identified in round 2: at which dose does its leaf area
(area_mm2) peak, and does that dose agree with where Fv/Fm_Lss peaked
in round 1?

RULES
1. The verdict is AGREES when the area peak falls on the dose from
   round 1, and DISAGREES otherwise. Report both parts.

TOOL OUTPUTS

>>> db_lookup(table=""features"", select=[""modality"", ""genotype"", ""mean_area_mm2""], where=""trait='area_mm2'"", group_by=[""modality"", ""genotype"", ""treatment""])
    mean area_mm2 by modality and accession, one column per treatment.
    modality  genotype   t0     t40    t80    t320
    --------  ---------  -----  -----  -----  -----
    rgb2      MAGIC 226  5.95   9.61   11.25  19.93
    rgb2      RIL 434    9.98   19.09  9.99   8.60
    rgb2      ISU 406    24.91  15.92  14.44  10.99
    rgb2      71         10.23  11.33  20.08  10.89

OUTPUT FORMAT
Reply with exactly one line and nothing else:
ANSWER: <dose in mg kg-1, digits only>; <AGREES or DISAGREES>
",(db_lookup[71:238]),320; DISAGREES,(depends on: round 2 answer MAGIC 226 and round 1 answer 80; on the rgb2 row for MAGIC 226 the largest usable cell is t320 -> 320; DISAGREES; no complications at this tier)
exp33-chain-0074-hard,1,dose_response_shape,"SESSION
You are analysing experiment 33 at the Ashfield phenotyping facility: a cadmium
(Cd) dose series on 6 Brassica napus (oilseed rape) accessions at 0, 10, 50, 100,
500 and 1000 mg kg-1, imaged over 28 days in six modalities.

This is a 6-round investigation. Each round gives you the results of the tool
calls it needs, already run; how many there are varies by round. Later rounds
build on what you established earlier and will not repeat it, so keep your own
answers.

TOOLS (results are inlined; you cannot issue new calls)
  db_lookup(table=, select=, where=, group_by=)   the measurement store
  schema_lookup(trait=)                           which modality records a trait, and in what unit
  qc_lookup(table=, select=, where=)              flags, exclusions, usable counts
  design_lookup(aspect=)                          the protocol: dose series, accession panel,
                                                  imaging rounds, replication plan
  literature_lookup(species=, property=)          published claims
  embedding_lookup(space=, query=, k=)            nearest accessions by profile similarity

TERMS
  treatment        the cadmium dose, in mg kg-1
  genotype         the accession label
  Fv/Fm_Lss        photosystem-II efficiency, from the fc1 modality
  area_mm2         leaf area
  n_plants         distinct plants behind a cell
  round_to_round   variance of an accession's per-round means
  within_round     variance between plants inside one imaging round

ROUND 1 - TASK (dose_response_shape)
At which cadmium dose does mean Fv/Fm_Lss peak across the panel?

RULES
1. Two rows in the store carry a similar trait name. Only the
   plant-level trait is the panel measurement; the dictionary says
   which that is.
2. A treatment cell must clear the usable-plant floor in the quality
   gate before it can be called a peak.
3. Judge the curve as a whole, not a single cell.

TOOL OUTPUTS

>>> db_lookup(table=""fc1_values"", select=[""trait"", ""mean_value""], where=""experiment_id=33"", group_by=[""trait"", ""treatment""])
    mean value by trait, one column per treatment (mg kg-1).
    trait          t0     t10    t50    t100   t500   t1000
    -------------  -----  -----  -----  -----  -----  -----
    Fv/Fm_Lss      0.543  0.510  0.521  0.490  0.453  0.424
    avg_Fv/Fm_Lss  0.392  0.459  0.449  0.405  0.574  0.459

>>> qc_lookup(table=""fc1_values"", select=[""treatment"", ""n_plants_usable""], where=""trait='Fv/Fm_Lss'"")
    plants surviving QC per treatment; the floor for a panel claim is 12.
    treatment  n_plants_usable
    ---------  ---------------
    0          9
    10         53
    50         60
    100        51
    500        58
    1000       56

>>> schema_lookup(trait=""Fv/Fm_Lss"")
    trait dictionary: where the trait lives and at what entity level.
    trait          modality  table       unit  entity_level
    -------------  --------  ----------  ----  ------------
    Fv/Fm_Lss      fc1       fc1_values  a.u.  plant
    avg_Fv/Fm_Lss  fc1       fc1_values  a.u.  region

OUTPUT FORMAT
Reply with exactly one line and nothing else:
ANSWER: <dose in mg kg-1, digits only>
","(db_lookup[359:510],qc_lookup[510:598],schema_lookup[598:696])",50,(depends on: -; the plant-level Fv/Fm_Lss row peaks at 0.521 on t50 -> 50; ablations: reading the alias row gives 500; ignoring the quality gate gives 0 on 9 plants)
exp33-chain-0074-hard,2,transition_sensitivity,"ROUND 2 - TASK (transition_sensitivity)
Starting from the cadmium dose you identified in round 1, which accession
loses the most Fv/Fm_Lss when the dose is raised to the next level of the
design series?

RULES
1. The store also holds a pilot dose that is not a level of the
   design series. The next level is the next one in the design
   table, which need not be the next column.
2. Only accessions in the core panel can be ranked; observational
   ones are carried for reference.
3. Compare each accession against itself across the two doses.

TOOL OUTPUTS

>>> design_lookup(aspect=""dose_series"")
    the design levels, in order. Doses absent here are pilot cells.
    level  treatment
    -----  ---------
    1      0
    2      10
    3      50
    4      100
    5      500
    6      1000

>>> design_lookup(aspect=""accession_panel"")
    panel membership for this experiment.
    genotype  panel_role
    --------  -------------
    ISU 80    core
    NIL 283   observational
    Ecl57     core
    51        core
    73        core

>>> db_lookup(table=""fc1_values"", select=[""genotype"", ""mean_value""], where=""trait='Fv/Fm_Lss'"", group_by=[""genotype"", ""treatment""])
    mean Fv/Fm_Lss by accession, one column per treatment in the store.
    genotype  t0     t50    t75    t100
    --------  -----  -----  -----  -----
    ISU 80    0.560  0.531  0.497  0.455
    NIL 283   0.555  0.547  0.527  0.218
    Ecl57     0.552  0.524  0.494  0.468
    51        0.551  0.523  0.486  0.296
    73        0.536  0.496  0.343  0.337

OUTPUT FORMAT
Reply with exactly one line and nothing else:
ANSWER: <accession label exactly as it appears in the table>
","(design_lookup[113:166],design_lookup[166:218],db_lookup[218:380])",51,"(depends on: round 1 answer 50; the step is t50->t100, not the adjacent column t75 which is a pilot cell; per-accession drop 51:+0.227  73:+0.159  ISU 80:+0.076  Ecl57:+0.056 -> 51; ablations: stepping to the next column instead of the next design level gives 73; ranking without the panel table gives NIL 283, which is observational)"
exp33-chain-0074-hard,3,cross_modality_peak,"ROUND 3 - TASK (cross_modality_peak)
For the accession identified in round 2: at which dose does its leaf area
(area_mm2) peak, and does that dose agree with where Fv/Fm_Lss peaked
in round 1?

RULES
1. More than one modality reports this trait. Use the one the
   dictionary marks primary; the other is a derived estimate.
2. A cell flagged empty_mask carries no usable area and cannot be
   the peak. low_mask_coverage is on nearly every row and is not a
   reason to discard.
3. The verdict is AGREES when the area peak falls on the dose from
   round 1, and DISAGREES otherwise. Report both parts.

TOOL OUTPUTS

>>> db_lookup(table=""features"", select=[""modality"", ""genotype"", ""mean_area_mm2""], where=""trait='area_mm2'"", group_by=[""modality"", ""genotype"", ""treatment""])
    mean area_mm2 by modality and accession, one column per treatment.
    modality  genotype  t0     t10    t50    t100
    --------  --------  -----  -----  -----  -----
    rgb2      51        27.59  23.09  14.21  13.26
    rgb2      NIL 283   7.78   10.71  19.36  10.01
    rgb2      73        5.39   8.26   10.25  18.83
    rgb2      ISU 80    20.26  11.08  9.20   7.40
    swir      51        17.27  9.99   8.99   7.03
    swir      NIL 283   14.65  6.92   5.12   3.83
    swir      73        5.85   7.13   14.28  7.14
    swir      ISU 80    6.69   7.67   15.28  7.55

>>> qc_lookup(table=""rgb2_features"", select=[""genotype"", ""treatment"", ""flag""], where=""flag='empty_mask'"")
    cells voided by empty_mask.
    genotype  treatment  flag
    --------  ---------  ----------
    51        0          empty_mask
    NIL 283   50         empty_mask

>>> schema_lookup(trait=""area_mm2"")
    modalities reporting this trait.
    trait     modality  modality_role       unit  trait_role
    --------  --------  ------------------  ----  ----------
    area_mm2  rgb2      top-view RGB        mm2   primary
    area_mm2  swir      SWIR hyperspectral  mm2   derived

OUTPUT FORMAT
Reply with exactly one line and nothing else:
ANSWER: <dose in mg kg-1, digits only>; <AGREES or DISAGREES>
","(db_lookup[126:349],qc_lookup[349:428],schema_lookup[428:511])",10; DISAGREES,(depends on: round 2 answer 51 and round 1 answer 50; on the rgb2 row for 51 the largest usable cell is t10 -> 10; DISAGREES; ablations: reading the swir rows gives 0; DISAGREES; ignoring empty_mask gives 0; DISAGREES)
exp33-chain-0074-hard,4,modality_coverage,"ROUND 4 - TASK (modality_coverage)
For the accession identified in round 2: which modalities hold usable feature
rows for it in this experiment?

RULES
1. A modality never scheduled for this experiment does not count,
   even if rows for it exist: those were carried over.
2. A modality whose rows are all flagged holds nothing usable.
3. List the modalities in the column order of the store table.

TOOL OUTPUTS

>>> db_lookup(table=""features"", select=[""genotype"", ""modality"", ""n_rows""], group_by=[""genotype"", ""modality""])
    feature rows per accession, one column per modality.
    genotype  fc1  rgb2  msc1  vnir  swir  s3d
    --------  ---  ----  ----  ----  ----  ---
    51        42   58    62    40    0     0
    NIL 283   0    55    58    0     22    46
    73        18   64    61    0     0     28
    ISU 80    14   55    56    0     0     0

>>> design_lookup(aspect=""imaging_rounds"")
    imaging rounds scheduled per modality for this experiment.
    modality  records                   rounds_scheduled
    --------  ------------------------  ----------------
    fc1       chlorophyll fluorescence  22
    rgb2      top-view RGB              40
    msc1      multispectral             42
    vnir      VNIR hyperspectral        0
    swir      SWIR hyperspectral        64
    s3d       3-D structural scan       59

>>> qc_lookup(table=""features"", select=[""genotype"", ""modality"", ""n_usable""], group_by=[""genotype"", ""modality""])
    rows surviving QC, one column per modality.
    genotype  fc1  rgb2  msc1  vnir  swir  s3d
    --------  ---  ----  ----  ----  ----  ---
    51        0    55    59    38    0     0
    NIL 283   0    54    57    0     21    43
    73        15   61    58    0     0     27
    ISU 80    11   52    54    0     0     0

OUTPUT FORMAT
Reply with exactly one line and nothing else:
ANSWER: <modalities, comma separated, in table column order>
","(db_lookup[82:198],design_lookup[198:297],qc_lookup[297:412])","rgb2, msc1","(depends on: round 2 answer 51; that row is non-zero for fc1, rgb2, msc1, vnir, but vnir was never scheduled and fc1 has nothing left after QC -> rgb2, msc1; ablations: ignoring the schedule gives rgb2, msc1, vnir; ignoring the quality gate gives fc1, rgb2, msc1)"
exp33-chain-0074-hard,5,power_check,"ROUND 5 - TASK (power_check)
For the accession identified in round 2, at the dose identified in round 1: is
that cell replicated well enough to carry a genotype-level claim, and on how
many plants does that verdict rest?

RULES
1. The count that matters is plants remaining after exclusions, not
   the raw count in the store.
2. The floor depends on the claim level and is set by this study's
   replication plan; do not assume a value.
3. Report the verdict and the count behind it.

TOOL OUTPUTS

>>> design_lookup(aspect=""replication_plan"")
    minimum usable plants per claim level in this study.
    claim_level     min_usable_plants
    --------------  -----------------
    genotype-level  6
    panel-level     22

>>> db_lookup(table=""fc1_values"", select=[""genotype"", ""n_plants""], group_by=[""genotype"", ""treatment""])
    plants recorded per accession, one column per treatment.
    genotype  t0  t50  t75  t100
    --------  --  ---  ---  ----
    51        28  14   12   47
    NIL 283   25  20   23   38
    73        45  26   17   55
    ISU 80    33  18   24   10

>>> qc_lookup(table=""fc1_values"", select=[""genotype"", ""n_plants_excluded""], where=""flag IN ('empty_mask', 'sentinel')"")
    plants excluded per cell, one column per treatment.
    genotype  t0  t50  t75  t100
    --------  --  ---  ---  ----
    51        2   5    3    2
    NIL 283   0   0    3    3
    73        0   4    1    4
    ISU 80    0   2    3    0

OUTPUT FORMAT
Reply with exactly one line and nothing else:
ANSWER: <WELL_REPLICATED or UNDERPOWERED>; <usable plants>
","(design_lookup[107:169],db_lookup[169:261],qc_lookup[261:357])",WELL_REPLICATED; 9,"(depends on: round 2 answer 51 and round 1 answer 50; the store holds 14 plants for that cell, qc_lookup removes 5, and the floor is 6 -> WELL_REPLICATED; 9; ablations: skipping the exclusions gives WELL_REPLICATED; 14; assuming the conventional floor of 10 gives UNDERPOWERED; 9)"
exp33-chain-0074-hard,6,variance_regime,"ROUND 6 - TASK (variance_regime)
Name the cell -- accession and dose -- at which the accession identified in
round 2 first shows round-to-round variance of Fv/Fm_Lss exceeding its
within-round variance.

RULES
1. The two variances come from separate queries; compare them cell by
   cell.
2. A cell built on fewer than 3 imaging rounds is not
   comparable and must be skipped, however its numbers look.
3. Report the first qualifying dose reading left to right, not the
   largest gap, and name the accession alongside it.

TOOL OUTPUTS

>>> qc_lookup(table=""fc1_values"", select=[""genotype"", ""n_rounds""], where=""trait='Fv/Fm_Lss'"")
    imaging rounds behind each cell, one column per treatment.
    genotype  t0  t10  t50  t100  t500  t1000
    --------  --  ---  ---  ----  ----  -----
    51        6   1    7    7     6     6
    NIL 283   7   8    6    8     6     4
    73        9   7    9    4     7     6
    ISU 80    6   6    9    5     8     7

>>> literature_lookup(species=""Brassica napus"", property=""metal hyperaccumulation"")
    published shoot-concentration ranges; no dose-response claim attached.
    source          species         property                 shoot_mg_kg
    --------------  --------------  -----------------------  -----------
    lit:Kramer2023  Brassica napus  metal hyperaccumulation  49-560

>>> db_lookup(table=""fc1_values"", select=[""genotype"", ""round_to_round""], where=""trait='Fv/Fm_Lss'"", group_by=[""genotype"", ""treatment""])
    round-to-round variance, one column per treatment.
    genotype  t0     t10    t50    t100   t500   t1000
    --------  -----  -----  -----  -----  -----  -----
    51        0.013  0.027  0.038  0.052  0.064  0.076
    NIL 283   0.015  0.029  0.039  0.051  0.062  0.075
    73        0.014  0.028  0.038  0.051  0.063  0.074
    ISU 80    0.013  0.028  0.037  0.050  0.065  0.077

>>> db_lookup(table=""fc1_values"", select=[""genotype"", ""within_round""], where=""trait='Fv/Fm_Lss'"", group_by=[""genotype"", ""treatment""])
    within-round variance, one column per treatment.
    genotype  t0     t10    t50    t100   t500   t1000
    --------  -----  -----  -----  -----  -----  -----
    51        0.040  0.010  0.017  0.035  0.037  0.066
    NIL 283   0.030  0.053  0.047  0.064  0.082  0.049
    73        0.035  0.053  0.055  0.025  0.036  0.062
    ISU 80    0.027  0.035  0.028  0.040  0.057  0.049

OUTPUT FORMAT
Reply with exactly one line and nothing else:
ANSWER: <accession>@<dose>
","(qc_lookup[111:223],literature_lookup[223:331],db_lookup[331:513],db_lookup[513:693])",51@50,"(depends on: round 2 answer 51; comparing the two variance tables cell by cell, 51 first crosses at t10, but that cell rests on 1 imaging round, under the 3 needed, so the first comparable crossing is t50 -> 51@50; ablations: taking the largest round-to-round value without the within-round table gives 51@1000; ignoring the round counts gives 51@10)"
exp120-chain-0075-low,1,dose_response_shape,"SESSION
You are analysing experiment 120 at the Hollandale phenotyping facility: a cadmium
(Cd) dose series on 6 Brassica napus (oilseed rape) accessions at 0, 25, 50, 100,
250 and 500 mg kg-1, imaged over 28 days in six modalities.

This is a 3-round investigation. Each round gives you the results of the tool
calls it needs, already run; how many there are varies by round. Later rounds
build on what you established earlier and will not repeat it, so keep your own
answers.

TOOLS (results are inlined; you cannot issue new calls)
  db_lookup(table=, select=, where=, group_by=)   the measurement store
  schema_lookup(trait=)                           which modality records a trait, and in what unit
  qc_lookup(table=, select=, where=)              flags, exclusions, usable counts
  design_lookup(aspect=)                          the protocol: dose series, accession panel,
                                                  imaging rounds, replication plan
  literature_lookup(species=, property=)          published claims
  embedding_lookup(space=, query=, k=)            nearest accessions by profile similarity

TERMS
  treatment        the cadmium dose, in mg kg-1
  genotype         the accession label
  Fv/Fm_Lss        photosystem-II efficiency, from the fc1 modality
  area_mm2         leaf area
  n_plants         distinct plants behind a cell
  round_to_round   variance of an accession's per-round means
  within_round     variance between plants inside one imaging round

ROUND 1 - TASK (dose_response_shape)
At which cadmium dose does mean Fv/Fm_Lss peak across the panel?

RULES
1. Judge the curve as a whole, not a single cell.

TOOL OUTPUTS

>>> db_lookup(table=""fc1_values"", select=[""trait"", ""mean_value""], where=""experiment_id=120"", group_by=[""trait"", ""treatment""])
    mean value by trait, one column per treatment (mg kg-1).
    trait      t0     t25    t50    t100   t250   t500
    ---------  -----  -----  -----  -----  -----  -----
    Fv/Fm_Lss  0.507  0.515  0.534  0.508  0.472  0.415

OUTPUT FORMAT
Reply with exactly one line and nothing else:
ANSWER: <dose in mg kg-1, digits only>
",(db_lookup[304:430]),50,(depends on: -; the plant-level Fv/Fm_Lss row peaks at 0.534 on t50 -> 50; no complications at this tier)
exp120-chain-0075-low,2,transition_sensitivity,"ROUND 2 - TASK (transition_sensitivity)
Starting from the cadmium dose you identified in round 1, which accession
loses the most Fv/Fm_Lss when the dose is raised to the next level of the
design series?

RULES
1. Only accessions in the core panel can be ranked; observational
   ones are carried for reference.
2. Compare each accession against itself across the two doses.

TOOL OUTPUTS

>>> design_lookup(aspect=""accession_panel"")
    panel membership for this experiment.
    genotype   panel_role
    ---------  -------------
    72         core
    61         observational
    Ecm44      core
    MAGIC 268  core
    MAGIC 170  core

>>> db_lookup(table=""fc1_values"", select=[""genotype"", ""mean_value""], where=""trait='Fv/Fm_Lss'"", group_by=[""genotype"", ""treatment""])
    mean Fv/Fm_Lss by accession, one column per treatment in the store.
    genotype   t0     t50    t100   t500
    ---------  -----  -----  -----  -----
    72         0.535  0.494  0.458  0.442
    61         0.556  0.535  0.218  0.209
    Ecm44      0.559  0.539  0.524  0.511
    MAGIC 268  0.544  0.518  0.307  0.289
    MAGIC 170  0.556  0.528  0.508  0.496

OUTPUT FORMAT
Reply with exactly one line and nothing else:
ANSWER: <accession label exactly as it appears in the table>
","(design_lookup[74:127],db_lookup[127:290])",MAGIC 268,"(depends on: round 1 answer 50; the step is t50->t100; per-accession drop MAGIC 268:+0.211  72:+0.036  MAGIC 170:+0.020  Ecm44:+0.015 -> MAGIC 268; ablations: ranking without the panel table gives 61, which is observational)"
exp120-chain-0075-low,3,cross_modality_peak,"ROUND 3 - TASK (cross_modality_peak)
For the accession identified in round 2: at which dose does its leaf area
(area_mm2) peak, and does that dose agree with where Fv/Fm_Lss peaked
in round 1?

RULES
1. The verdict is AGREES when the area peak falls on the dose from
   round 1, and DISAGREES otherwise. Report both parts.

TOOL OUTPUTS

>>> db_lookup(table=""features"", select=[""modality"", ""genotype"", ""mean_area_mm2""], where=""trait='area_mm2'"", group_by=[""modality"", ""genotype"", ""treatment""])
    mean area_mm2 by modality and accession, one column per treatment.
    modality  genotype   t25    t50    t100   t500
    --------  ---------  -----  -----  -----  -----
    rgb2      MAGIC 268  10.80  19.77  10.45  8.50
    rgb2      61         21.91  13.39  11.95  9.56
    rgb2      72         11.06  14.14  22.68  13.64
    rgb2      Ecm44      12.75  13.45  14.97  24.08

OUTPUT FORMAT
Reply with exactly one line and nothing else:
ANSWER: <dose in mg kg-1, digits only>; <AGREES or DISAGREES>
",(db_lookup[71:236]),50; AGREES,(depends on: round 2 answer MAGIC 268 and round 1 answer 50; on the rgb2 row for MAGIC 268 the largest usable cell is t50 -> 50; AGREES; no complications at this tier)
exp162-chain-0076-hard,1,dose_response_shape,"SESSION
You are analysing experiment 162 at the Ridgefield phenotyping facility: a zinc
(Zn) dose series on 6 Thlaspi arvense (pennycress) accessions at 0, 50, 100, 200,
500 and 1000 mg kg-1, imaged over 28 days in six modalities.

This is a 6-round investigation. Each round gives you the results of the tool
calls it needs, already run; how many there are varies by round. Later rounds
build on what you established earlier and will not repeat it, so keep your own
answers.

TOOLS (results are inlined; you cannot issue new calls)
  db_lookup(table=, select=, where=, group_by=)   the measurement store
  schema_lookup(trait=)                           which modality records a trait, and in what unit
  qc_lookup(table=, select=, where=)              flags, exclusions, usable counts
  design_lookup(aspect=)                          the protocol: dose series, accession panel,
                                                  imaging rounds, replication plan
  literature_lookup(species=, property=)          published claims
  embedding_lookup(space=, query=, k=)            nearest accessions by profile similarity

TERMS
  treatment        the zinc dose, in mg kg-1
  genotype         the accession label
  Fv/Fm_Lss        photosystem-II efficiency, from the fc1 modality
  area_mm2         leaf area
  n_plants         distinct plants behind a cell
  round_to_round   variance of an accession's per-round means
  within_round     variance between plants inside one imaging round

ROUND 1 - TASK (dose_response_shape)
At which zinc dose does mean Fv/Fm_Lss peak across the panel?

RULES
1. Two rows in the store carry a similar trait name. Only the
   plant-level trait is the panel measurement; the dictionary says
   which that is.
2. A treatment cell must clear the usable-plant floor in the quality
   gate before it can be called a peak.
3. Judge the curve as a whole, not a single cell.

TOOL OUTPUTS

>>> qc_lookup(table=""fc1_values"", select=[""treatment"", ""n_plants_usable""], where=""trait='Fv/Fm_Lss'"")
    plants surviving QC per treatment; the floor for a panel claim is 10.
    treatment  n_plants_usable
    ---------  ---------------
    0          49
    50         48
    100        48
    200        56
    500        3
    1000       48

>>> schema_lookup(trait=""plant_height_mm"")
    trait dictionary entry.
    trait            modality  table         unit  entity_level
    ---------------  --------  ------------  ----  ------------
    plant_height_mm  s3d       s3d_features  mm    plant

>>> db_lookup(table=""fc1_values"", select=[""trait"", ""mean_value""], where=""experiment_id=162"", group_by=[""trait"", ""treatment""])
    mean value by trait, one column per treatment (mg kg-1).
    trait          t0     t50    t100   t200   t500   t1000
    -------------  -----  -----  -----  -----  -----  -----
    Fv/Fm_Lss      0.485  0.503  0.525  0.492  0.554  0.434
    avg_Fv/Fm_Lss  0.443  0.445  0.447  0.557  0.461  0.432

>>> schema_lookup(trait=""Fv/Fm_Lss"")
    trait dictionary: where the trait lives and at what entity level.
    trait          modality  table       unit  entity_level
    -------------  --------  ----------  ----  ------------
    Fv/Fm_Lss      fc1       fc1_values  a.u.  plant
    avg_Fv/Fm_Lss  fc1       fc1_values  a.u.  region

OUTPUT FORMAT
Reply with exactly one line and nothing else:
ANSWER: <dose in mg kg-1, digits only>
","(qc_lookup[358:446],schema_lookup[446:522],db_lookup[522:673],schema_lookup[673:771])",100,(depends on: -; the plant-level Fv/Fm_Lss row peaks at 0.525 on t100 -> 100; ablations: reading the alias row gives 200; ignoring the quality gate gives 500 on 3 plants)
exp162-chain-0076-hard,2,transition_sensitivity,"ROUND 2 - TASK (transition_sensitivity)
Starting from the zinc dose you identified in round 1, which accession
loses the most Fv/Fm_Lss when the dose is raised to the next level of the
design series?

RULES
1. The store also holds a pilot dose that is not a level of the
   design series. The next level is the next one in the design
   table, which need not be the next column.
2. Only accessions in the core panel can be ranked; observational
   ones are carried for reference.
3. Compare each accession against itself across the two doses.

TOOL OUTPUTS

>>> db_lookup(table=""fc1_values"", select=[""genotype"", ""mean_value""], where=""trait='Fv/Fm_Lss'"", group_by=[""genotype"", ""treatment""])
    mean Fv/Fm_Lss by accession, one column per treatment in the store.
    genotype  t0     t100   t150   t200
    --------  -----  -----  -----  -----
    MAGIC 79  0.537  0.516  0.494  0.489
    RIL 315   0.559  0.535  0.516  0.206
    74        0.553  0.542  0.493  0.288
    49        0.530  0.522  0.369  0.352
    RIL 107   0.534  0.507  0.473  0.429

>>> design_lookup(aspect=""accession_panel"")
    panel membership for this experiment.
    genotype  panel_role
    --------  -------------
    MAGIC 79  core
    RIL 315   observational
    74        core
    49        core
    RIL 107   core

>>> design_lookup(aspect=""dose_series"")
    the design levels, in order. Doses absent here are pilot cells.
    level  treatment
    -----  ---------
    1      0
    2      50
    3      100
    4      200
    5      500
    6      1000

OUTPUT FORMAT
Reply with exactly one line and nothing else:
ANSWER: <accession label exactly as it appears in the table>
","(db_lookup[113:276],design_lookup[276:329],design_lookup[329:382])",74,"(depends on: round 1 answer 100; the step is t100->t200, not the adjacent column t150 which is a pilot cell; per-accession drop 74:+0.254  49:+0.170  RIL 107:+0.078  MAGIC 79:+0.027 -> 74; ablations: stepping to the next column instead of the next design level gives 49; ranking without the panel table gives RIL 315, which is observational)"
exp162-chain-0076-hard,3,cross_modality_peak,"ROUND 3 - TASK (cross_modality_peak)
For the accession identified in round 2: at which dose does its leaf area
(area_mm2) peak, and does that dose agree with where Fv/Fm_Lss peaked
in round 1?

RULES
1. More than one modality reports this trait. Use the one the
   dictionary marks primary; the other is a derived estimate.
2. A cell flagged empty_mask carries no usable area and cannot be
   the peak. low_mask_coverage is on nearly every row and is not a
   reason to discard.
3. The verdict is AGREES when the area peak falls on the dose from
   round 1, and DISAGREES otherwise. Report both parts.

TOOL OUTPUTS

>>> qc_lookup(table=""rgb2_features"", select=[""genotype"", ""treatment"", ""flag""], where=""flag='empty_mask'"")
    cells voided by empty_mask.
    genotype  treatment  flag
    --------  ---------  ----------
    74        100        empty_mask
    RIL 315   0          empty_mask

>>> schema_lookup(trait=""area_mm2"")
    modalities reporting this trait.
    trait     modality  modality_role       unit  trait_role
    --------  --------  ------------------  ----  ----------
    area_mm2  rgb2      top-view RGB        mm2   primary
    area_mm2  vnir      VNIR hyperspectral  mm2   derived

>>> db_lookup(table=""features"", select=[""modality"", ""genotype"", ""mean_area_mm2""], where=""trait='area_mm2'"", group_by=[""modality"", ""genotype"", ""treatment""])
    mean area_mm2 by modality and accession, one column per treatment.
    modality  genotype  t0     t100   t500
    --------  --------  -----  -----  -----
    rgb2      74        18.37  22.87  7.84
    rgb2      RIL 315   9.51   10.60  19.47
    rgb2      RIL 107   10.66  19.91  11.49
    rgb2      49        10.93  11.80  20.97
    vnir      74        5.87   6.53   13.96
    vnir      RIL 315   14.73  7.63   5.22
    vnir      RIL 107   6.57   7.71   15.04
    vnir      49        15.78  8.31   7.09

OUTPUT FORMAT
Reply with exactly one line and nothing else:
ANSWER: <dose in mg kg-1, digits only>; <AGREES or DISAGREES>
","(qc_lookup[126:205],schema_lookup[205:288],db_lookup[288:481])",0; DISAGREES,(depends on: round 2 answer 74 and round 1 answer 100; on the rgb2 row for 74 the largest usable cell is t0 -> 0; DISAGREES; ablations: reading the vnir rows gives 500; DISAGREES; ignoring empty_mask gives 100; AGREES)
exp162-chain-0076-hard,4,modality_coverage,"ROUND 4 - TASK (modality_coverage)
For the accession identified in round 2: which modalities hold usable feature
rows for it in this experiment?

RULES
1. A modality never scheduled for this experiment does not count,
   even if rows for it exist: those were carried over.
2. A modality whose rows are all flagged holds nothing usable.
3. List the modalities in the column order of the store table.

TOOL OUTPUTS

>>> qc_lookup(table=""features"", select=[""genotype"", ""modality"", ""n_usable""], group_by=[""genotype"", ""modality""])
    rows surviving QC, one column per modality.
    genotype  fc1  rgb2  msc1  vnir  swir  s3d
    --------  ---  ----  ----  ----  ----  ---
    74        23   56    54    35    0     0
    RIL 315   0    61    61    0     37    43
    RIL 107   0    62    59    0     14    0
    49        36   56    65    0     31    0

>>> design_lookup(aspect=""imaging_rounds"")
    imaging rounds scheduled per modality for this experiment.
    modality  records                   rounds_scheduled
    --------  ------------------------  ----------------
    fc1       chlorophyll fluorescence  39
    rgb2      top-view RGB              59
    msc1      multispectral             29
    vnir      VNIR hyperspectral        0
    swir      SWIR hyperspectral        21
    s3d       3-D structural scan       56

>>> db_lookup(table=""features"", select=[""genotype"", ""modality"", ""n_rows""], group_by=[""genotype"", ""modality""])
    feature rows per accession, one column per modality.
    genotype  fc1  rgb2  msc1  vnir  swir  s3d
    --------  ---  ----  ----  ----  ----  ---
    74        23   57    55    35    36    0
    RIL 315   0    62    64    0     37    46
    RIL 107   0    62    61    0     15    0
    49        39   58    66    0     31    0

OUTPUT FORMAT
Reply with exactly one line and nothing else:
ANSWER: <modalities, comma separated, in table column order>
","(qc_lookup[82:197],design_lookup[197:296],db_lookup[296:412])","fc1, rgb2, msc1","(depends on: round 2 answer 74; that row is non-zero for fc1, rgb2, msc1, vnir, swir, but vnir was never scheduled and swir has nothing left after QC -> fc1, rgb2, msc1; ablations: ignoring the schedule gives fc1, rgb2, msc1, vnir; ignoring the quality gate gives fc1, rgb2, msc1, swir)"
exp162-chain-0076-hard,5,power_check,"ROUND 5 - TASK (power_check)
For the accession identified in round 2, at the dose identified in round 1: is
that cell replicated well enough to carry a genotype-level claim, and on how
many plants does that verdict rest?

RULES
1. The count that matters is plants remaining after exclusions, not
   the raw count in the store.
2. The floor depends on the claim level and is set by this study's
   replication plan; do not assume a value.
3. Report the verdict and the count behind it.

TOOL OUTPUTS

>>> design_lookup(aspect=""replication_plan"")
    minimum usable plants per claim level in this study.
    claim_level     min_usable_plants
    --------------  -----------------
    genotype-level  15
    panel-level     28

>>> db_lookup(table=""fc1_values"", select=[""genotype"", ""n_plants""], group_by=[""genotype"", ""treatment""])
    plants recorded per accession, one column per treatment.
    genotype  t0  t100  t150  t200
    --------  --  ----  ----  ----
    74        51  17    35    55
    RIL 315   48  38    46    54
    RIL 107   36  58    9     6
    49        21  59    30    53

>>> qc_lookup(table=""fc1_values"", select=[""genotype"", ""n_plants_excluded""], where=""flag IN ('empty_mask', 'sentinel')"")
    plants excluded per cell, one column per treatment.
    genotype  t0  t100  t150  t200
    --------  --  ----  ----  ----
    74        0   5     4     4
    RIL 315   4   1     4     4
    RIL 107   0   2     3     1
    49        2   4     3     3

OUTPUT FORMAT
Reply with exactly one line and nothing else:
ANSWER: <WELL_REPLICATED or UNDERPOWERED>; <usable plants>
","(design_lookup[107:169],db_lookup[169:263],qc_lookup[263:361])",UNDERPOWERED; 12,"(depends on: round 2 answer 74 and round 1 answer 100; the store holds 17 plants for that cell, qc_lookup removes 5, and the floor is 15 -> UNDERPOWERED; 12; ablations: skipping the exclusions gives WELL_REPLICATED; 17; assuming the conventional floor of 10 gives WELL_REPLICATED; 12)"
exp162-chain-0076-hard,6,variance_regime,"ROUND 6 - TASK (variance_regime)
Name the cell -- accession and dose -- at which the accession identified in
round 2 first shows round-to-round variance of Fv/Fm_Lss exceeding its
within-round variance.

RULES
1. The two variances come from separate queries; compare them cell by
   cell.
2. A cell built on fewer than 3 imaging rounds is not
   comparable and must be skipped, however its numbers look.
3. Report the first qualifying dose reading left to right, not the
   largest gap, and name the accession alongside it.

TOOL OUTPUTS

>>> db_lookup(table=""fc1_values"", select=[""genotype"", ""round_to_round""], where=""trait='Fv/Fm_Lss'"", group_by=[""genotype"", ""treatment""])
    round-to-round variance, one column per treatment.
    genotype  t0     t50    t100   t200   t500   t1000
    --------  -----  -----  -----  -----  -----  -----
    74        0.013  0.026  0.040  0.051  0.063  0.074
    RIL 315   0.014  0.027  0.039  0.051  0.064  0.076
    RIL 107   0.013  0.028  0.039  0.050  0.065  0.076
    49        0.015  0.026  0.039  0.050  0.063  0.075

>>> db_lookup(table=""fc1_values"", select=[""genotype"", ""within_round""], where=""trait='Fv/Fm_Lss'"", group_by=[""genotype"", ""treatment""])
    within-round variance, one column per treatment.
    genotype  t0     t50    t100   t200   t500   t1000
    --------  -----  -----  -----  -----  -----  -----
    74        0.038  0.004  0.025  0.035  0.056  0.056
    RIL 315   0.029  0.035  0.055  0.069  0.072  0.052
    RIL 107   0.043  0.049  0.059  0.041  0.055  0.052
    49        0.031  0.046  0.058  0.061  0.044  0.060

>>> qc_lookup(table=""fc1_values"", select=[""genotype"", ""n_rounds""], where=""trait='Fv/Fm_Lss'"")
    imaging rounds behind each cell, one column per treatment.
    genotype  t0  t50  t100  t200  t500  t1000
    --------  --  ---  ----  ----  ----  -----
    74        5   2    4     7     6     6
    RIL 315   4   7    4     4     8     9
    RIL 107   7   9    6     4     8     7
    49        4   5    5     9     4     6

OUTPUT FORMAT
Reply with exactly one line and nothing else:
ANSWER: <accession>@<dose>
","(db_lookup[111:293],db_lookup[293:473],qc_lookup[473:586])",74@100,"(depends on: round 2 answer 74; comparing the two variance tables cell by cell, 74 first crosses at t50, but that cell rests on 2 imaging rounds, under the 3 needed, so the first comparable crossing is t100 -> 74@100; ablations: taking the largest round-to-round value without the within-round table gives 74@1000; ignoring the round counts gives 74@50)"
exp23-chain-0077-medium,1,dose_response_shape,"SESSION
You are analysing experiment 23 at the Norwood phenotyping facility: a cobalt (Co)
dose series on 6 Thlaspi arvense (pennycress) accessions at 0, 20, 40, 80, 160 and
320 mg kg-1, imaged over 28 days in six modalities.

This is a 4-round investigation. Each round gives you the results of the tool
calls it needs, already run; how many there are varies by round. Later rounds
build on what you established earlier and will not repeat it, so keep your own
answers.

TOOLS (results are inlined; you cannot issue new calls)
  db_lookup(table=, select=, where=, group_by=)   the measurement store
  schema_lookup(trait=)                           which modality records a trait, and in what unit
  qc_lookup(table=, select=, where=)              flags, exclusions, usable counts
  design_lookup(aspect=)                          the protocol: dose series, accession panel,
                                                  imaging rounds, replication plan
  literature_lookup(species=, property=)          published claims
  embedding_lookup(space=, query=, k=)            nearest accessions by profile similarity

TERMS
  treatment        the cobalt dose, in mg kg-1
  genotype         the accession label
  Fv/Fm_Lss        photosystem-II efficiency, from the fc1 modality
  area_mm2         leaf area
  n_plants         distinct plants behind a cell
  round_to_round   variance of an accession's per-round means
  within_round     variance between plants inside one imaging round

ROUND 1 - TASK (dose_response_shape)
At which cobalt dose does mean Fv/Fm_Lss peak across the panel?

RULES
1. Two rows in the store carry a similar trait name. Only the
   plant-level trait is the panel measurement; the dictionary says
   which that is.
2. A treatment cell must clear the usable-plant floor in the quality
   gate before it can be called a peak.
3. Judge the curve as a whole, not a single cell.

TOOL OUTPUTS

>>> schema_lookup(trait=""Fv/Fm_Lss"")
    trait dictionary: where the trait lives and at what entity level.
    trait          modality  table       unit  entity_level
    -------------  --------  ----------  ----  ------------
    Fv/Fm_Lss      fc1       fc1_values  a.u.  plant
    avg_Fv/Fm_Lss  fc1       fc1_values  a.u.  region

>>> qc_lookup(table=""fc1_values"", select=[""treatment"", ""n_plants_usable""], where=""trait='Fv/Fm_Lss'"")
    plants surviving QC per treatment; the floor for a panel claim is 12.
    treatment  n_plants_usable
    ---------  ---------------
    0          49
    20         52
    40         53
    80         57
    160        4
    320        53

>>> db_lookup(table=""fc1_values"", select=[""trait"", ""mean_value""], where=""experiment_id=23"", group_by=[""trait"", ""treatment""])
    mean value by trait, one column per treatment (mg kg-1).
    trait          t0     t20    t40    t80    t160   t320
    -------------  -----  -----  -----  -----  -----  -----
    Fv/Fm_Lss      0.497  0.505  0.516  0.530  0.548  0.474
    avg_Fv/Fm_Lss  0.444  0.552  0.447  0.413  0.433  0.422

OUTPUT FORMAT
Reply with exactly one line and nothing else:
ANSWER: <dose in mg kg-1, digits only>
","(schema_lookup[358:456],qc_lookup[456:544],db_lookup[544:695])",80,(depends on: -; the plant-level Fv/Fm_Lss row peaks at 0.530 on t80 -> 80; ablations: reading the alias row gives 20; ignoring the quality gate gives 160 on 4 plants)
exp23-chain-0077-medium,2,transition_sensitivity,"ROUND 2 - TASK (transition_sensitivity)
Starting from the cobalt dose you identified in round 1, which accession
loses the most Fv/Fm_Lss when the dose is raised to the next level of the
design series?

RULES
1. Only accessions in the core panel can be ranked; observational
   ones are carried for reference.
2. Compare each accession against itself across the two doses.

TOOL OUTPUTS

>>> design_lookup(aspect=""accession_panel"")
    panel membership for this experiment.
    genotype   panel_role
    ---------  -------------
    MAGIC 299  observational
    MAGIC 453  core
    RIL 279    core
    94         core
    46         core

>>> db_lookup(table=""fc1_values"", select=[""genotype"", ""mean_value""], where=""trait='Fv/Fm_Lss'"", group_by=[""genotype"", ""treatment""])
    mean Fv/Fm_Lss by accession, one column per treatment in the store.
    genotype   t0     t80    t160   t320
    ---------  -----  -----  -----  -----
    MAGIC 299  0.540  0.515  0.224  0.201
    MAGIC 453  0.527  0.519  0.494  0.458
    RIL 279    0.555  0.533  0.489  0.449
    94         0.522  0.481  0.286  0.258
    46         0.554  0.520  0.491  0.454

OUTPUT FORMAT
Reply with exactly one line and nothing else:
ANSWER: <accession label exactly as it appears in the table>
","(design_lookup[74:128],db_lookup[128:292])",94,"(depends on: round 1 answer 80; the step is t80->t160; per-accession drop 94:+0.195  RIL 279:+0.044  46:+0.029  MAGIC 453:+0.025 -> 94; ablations: ranking without the panel table gives MAGIC 299, which is observational)"
exp23-chain-0077-medium,3,cross_modality_peak,"ROUND 3 - TASK (cross_modality_peak)
For the accession identified in round 2: at which dose does its leaf area
(area_mm2) peak, and does that dose agree with where Fv/Fm_Lss peaked
in round 1?

RULES
1. More than one modality reports this trait. Use the one the
   dictionary marks primary; the other is a derived estimate.
2. The verdict is AGREES when the area peak falls on the dose from
   round 1, and DISAGREES otherwise. Report both parts.

TOOL OUTPUTS

>>> db_lookup(table=""features"", select=[""modality"", ""genotype"", ""mean_area_mm2""], where=""trait='area_mm2'"", group_by=[""modality"", ""genotype"", ""treatment""])
    mean area_mm2 by modality and accession, one column per treatment.
    modality  genotype   t20    t80    t160
    --------  ---------  -----  -----  -----
    rgb2      94         10.85  13.08  22.38
    rgb2      MAGIC 299  20.34  11.94  9.64
    rgb2      MAGIC 453  13.83  22.60  13.60
    rgb2      RIL 279    20.90  12.33  10.13
    vnir      94         9.40   16.77  9.49
    vnir      MAGIC 299  7.82   15.34  8.20
    vnir      MAGIC 453  8.66   9.34   16.92
    vnir      RIL 279    8.14   15.73  8.03

>>> schema_lookup(trait=""area_mm2"")
    modalities reporting this trait.
    trait     modality  modality_role       unit  trait_role
    --------  --------  ------------------  ----  ----------
    area_mm2  rgb2      top-view RGB        mm2   primary
    area_mm2  vnir      VNIR hyperspectral  mm2   derived

OUTPUT FORMAT
Reply with exactly one line and nothing else:
ANSWER: <dose in mg kg-1, digits only>; <AGREES or DISAGREES>
","(db_lookup[96:292],schema_lookup[292:375])",160; DISAGREES,(depends on: round 2 answer 94 and round 1 answer 80; on the rgb2 row for 94 the largest usable cell is t160 -> 160; DISAGREES; ablations: reading the vnir rows gives 80; AGREES)
exp23-chain-0077-medium,4,modality_coverage,"ROUND 4 - TASK (modality_coverage)
For the accession identified in round 2: which modalities hold usable feature
rows for it in this experiment?

RULES
1. A modality never scheduled for this experiment does not count,
   even if rows for it exist: those were carried over.
2. List the modalities in the column order of the store table.

TOOL OUTPUTS

>>> db_lookup(table=""features"", select=[""genotype"", ""modality"", ""n_rows""], group_by=[""genotype"", ""modality""])
    feature rows per accession, one column per modality.
    genotype   fc1  rgb2  msc1  vnir  swir  s3d
    ---------  ---  ----  ----  ----  ----  ---
    94         0    60    64    0     42    24
    MAGIC 299  0    56    61    24    0     0
    MAGIC 453  46   66    59    0     0     26
    RIL 279    0    60    57    0     0     31

>>> design_lookup(aspect=""imaging_rounds"")
    imaging rounds scheduled per modality for this experiment.
    modality  records                   rounds_scheduled
    --------  ------------------------  ----------------
    fc1       chlorophyll fluorescence  29
    rgb2      top-view RGB              22
    msc1      multispectral             35
    vnir      VNIR hyperspectral        23
    swir      SWIR hyperspectral        0
    s3d       3-D structural scan       48

OUTPUT FORMAT
Reply with exactly one line and nothing else:
ANSWER: <modalities, comma separated, in table column order>
","(db_lookup[69:187],design_lookup[187:286])","rgb2, msc1, s3d","(depends on: round 2 answer 94; that row is non-zero for rgb2, msc1, swir, s3d, but swir was never scheduled -> rgb2, msc1, s3d; ablations: ignoring the schedule gives rgb2, msc1, swir, s3d)"
exp87-chain-0078-low,1,dose_response_shape,"SESSION
You are analysing experiment 87 at the Norwood phenotyping facility: a cobalt (Co)
dose series on 6 Arabidopsis thaliana (arabidopsis) accessions at 0, 50, 100, 200,
500 and 1000 mg kg-1, imaged over 28 days in six modalities.

This is a 2-round investigation. Each round gives you the results of the tool
calls it needs, already run; how many there are varies by round. Later rounds
build on what you established earlier and will not repeat it, so keep your own
answers.

TOOLS (results are inlined; you cannot issue new calls)
  db_lookup(table=, select=, where=, group_by=)   the measurement store
  schema_lookup(trait=)                           which modality records a trait, and in what unit
  qc_lookup(table=, select=, where=)              flags, exclusions, usable counts
  design_lookup(aspect=)                          the protocol: dose series, accession panel,
                                                  imaging rounds, replication plan
  literature_lookup(species=, property=)          published claims
  embedding_lookup(space=, query=, k=)            nearest accessions by profile similarity

TERMS
  treatment        the cobalt dose, in mg kg-1
  genotype         the accession label
  Fv/Fm_Lss        photosystem-II efficiency, from the fc1 modality
  area_mm2         leaf area
  n_plants         distinct plants behind a cell
  round_to_round   variance of an accession's per-round means
  within_round     variance between plants inside one imaging round

ROUND 1 - TASK (dose_response_shape)
At which cobalt dose does mean Fv/Fm_Lss peak across the panel?

RULES
1. A treatment cell must clear the usable-plant floor in the quality
   gate before it can be called a peak.
2. Judge the curve as a whole, not a single cell.

TOOL OUTPUTS

>>> db_lookup(table=""fc1_values"", select=[""trait"", ""mean_value""], where=""experiment_id=87"", group_by=[""trait"", ""treatment""])
    mean value by trait, one column per treatment (mg kg-1).
    trait      t0     t50    t100   t200   t500   t1000
    ---------  -----  -----  -----  -----  -----  -----
    Fv/Fm_Lss  0.486  0.509  0.523  0.551  0.464  0.435

>>> qc_lookup(table=""fc1_values"", select=[""treatment"", ""n_plants_usable""], where=""trait='Fv/Fm_Lss'"")
    plants surviving QC per treatment; the floor for a panel claim is 10.
    treatment  n_plants_usable
    ---------  ---------------
    0          54
    50         50
    100        57
    200        4
    500        56
    1000       51

OUTPUT FORMAT
Reply with exactly one line and nothing else:
ANSWER: <dose in mg kg-1, digits only>
","(db_lookup[327:453],qc_lookup[453:541])",100,(depends on: -; the plant-level Fv/Fm_Lss row peaks at 0.523 on t100 -> 100; ablations: ignoring the quality gate gives 200 on 4 plants)
exp87-chain-0078-low,2,transition_sensitivity,"ROUND 2 - TASK (transition_sensitivity)
Starting from the cobalt dose you identified in round 1, which accession
loses the most Fv/Fm_Lss when the dose is raised to the next level of the
design series?

RULES
1. Only accessions in the core panel can be ranked; observational
   ones are carried for reference.
2. Compare each accession against itself across the two doses.

TOOL OUTPUTS

>>> db_lookup(table=""fc1_values"", select=[""genotype"", ""mean_value""], where=""trait='Fv/Fm_Lss'"", group_by=[""genotype"", ""treatment""])
    mean Fv/Fm_Lss by accession, one column per treatment in the store.
    genotype  t0     t100   t200   t1000
    --------  -----  -----  -----  -----
    69        0.543  0.505  0.492  0.482
    ISU 429   0.524  0.516  0.474  0.450
    47        0.537  0.509  0.218  0.179
    NIL 160   0.544  0.538  0.510  0.492
    RIL 403   0.551  0.539  0.337  0.328

>>> design_lookup(aspect=""accession_panel"")
    panel membership for this experiment.
    genotype  panel_role
    --------  -------------
    69        core
    ISU 429   core
    47        observational
    NIL 160   core
    RIL 403   core

OUTPUT FORMAT
Reply with exactly one line and nothing else:
ANSWER: <accession label exactly as it appears in the table>
","(db_lookup[74:237],design_lookup[237:290])",RIL 403,"(depends on: round 1 answer 100; the step is t100->t200; per-accession drop RIL 403:+0.202  ISU 429:+0.042  NIL 160:+0.028  69:+0.013 -> RIL 403; ablations: ranking without the panel table gives 47, which is observational)"
exp172-chain-0079-low,1,dose_response_shape,"SESSION
You are analysing experiment 172 at the Norwood phenotyping facility: a copper
(Cu) dose series on 6 Brassica napus (oilseed rape) accessions at 0, 20, 40, 80,
160 and 320 mg kg-1, imaged over 28 days in six modalities.

This is a 3-round investigation. Each round gives you the results of the tool
calls it needs, already run; how many there are varies by round. Later rounds
build on what you established earlier and will not repeat it, so keep your own
answers.

TOOLS (results are inlined; you cannot issue new calls)
  db_lookup(table=, select=, where=, group_by=)   the measurement store
  schema_lookup(trait=)                           which modality records a trait, and in what unit
  qc_lookup(table=, select=, where=)              flags, exclusions, usable counts
  design_lookup(aspect=)                          the protocol: dose series, accession panel,
                                                  imaging rounds, replication plan
  literature_lookup(species=, property=)          published claims
  embedding_lookup(space=, query=, k=)            nearest accessions by profile similarity

TERMS
  treatment        the copper dose, in mg kg-1
  genotype         the accession label
  Fv/Fm_Lss        photosystem-II efficiency, from the fc1 modality
  area_mm2         leaf area
  n_plants         distinct plants behind a cell
  round_to_round   variance of an accession's per-round means
  within_round     variance between plants inside one imaging round

ROUND 1 - TASK (dose_response_shape)
At which copper dose does mean Fv/Fm_Lss peak across the panel?

RULES
1. Judge the curve as a whole, not a single cell.

TOOL OUTPUTS

>>> db_lookup(table=""fc1_values"", select=[""trait"", ""mean_value""], where=""experiment_id=172"", group_by=[""trait"", ""treatment""])
    mean value by trait, one column per treatment (mg kg-1).
    trait      t0     t20    t40    t80    t160   t320
    ---------  -----  -----  -----  -----  -----  -----
    Fv/Fm_Lss  0.475  0.485  0.506  0.521  0.489  0.466

OUTPUT FORMAT
Reply with exactly one line and nothing else:
ANSWER: <dose in mg kg-1, digits only>
",(db_lookup[304:430]),80,(depends on: -; the plant-level Fv/Fm_Lss row peaks at 0.521 on t80 -> 80; no complications at this tier)
exp172-chain-0079-low,2,transition_sensitivity,"ROUND 2 - TASK (transition_sensitivity)
Starting from the copper dose you identified in round 1, which accession
loses the most Fv/Fm_Lss when the dose is raised to the next level of the
design series?

RULES
1. Only accessions in the core panel can be ranked; observational
   ones are carried for reference.
2. Compare each accession against itself across the two doses.

TOOL OUTPUTS

>>> db_lookup(table=""fc1_values"", select=[""genotype"", ""mean_value""], where=""trait='Fv/Fm_Lss'"", group_by=[""genotype"", ""treatment""])
    mean Fv/Fm_Lss by accession, one column per treatment in the store.
    genotype  t20    t80    t160   t320
    --------  -----  -----  -----  -----
    ISU 211   0.558  0.518  0.510  0.491
    67        0.544  0.530  0.223  0.187
    Esp41     0.538  0.497  0.484  0.442
    ISU 75    0.524  0.512  0.471  0.429
    RIL 208   0.523  0.516  0.328  0.289

>>> design_lookup(aspect=""accession_panel"")
    panel membership for this experiment.
    genotype  panel_role
    --------  -------------
    ISU 211   core
    67        observational
    Esp41     core
    ISU 75    core
    RIL 208   core

OUTPUT FORMAT
Reply with exactly one line and nothing else:
ANSWER: <accession label exactly as it appears in the table>
","(db_lookup[74:237],design_lookup[237:290])",RIL 208,"(depends on: round 1 answer 80; the step is t80->t160; per-accession drop RIL 208:+0.188  ISU 75:+0.041  Esp41:+0.013  ISU 211:+0.008 -> RIL 208; ablations: ranking without the panel table gives 67, which is observational)"
exp172-chain-0079-low,3,cross_modality_peak,"ROUND 3 - TASK (cross_modality_peak)
For the accession identified in round 2: at which dose does its leaf area
(area_mm2) peak, and does that dose agree with where Fv/Fm_Lss peaked
in round 1?

RULES
1. The verdict is AGREES when the area peak falls on the dose from
   round 1, and DISAGREES otherwise. Report both parts.

TOOL OUTPUTS

>>> db_lookup(table=""features"", select=[""modality"", ""genotype"", ""mean_area_mm2""], where=""trait='area_mm2'"", group_by=[""modality"", ""genotype"", ""treatment""])
    mean area_mm2 by modality and accession, one column per treatment.
    modality  genotype  t40    t80    t320
    --------  --------  -----  -----  -----
    rgb2      RIL 208   22.24  13.40  11.66
    rgb2      67        11.33  20.32  11.04
    rgb2      Esp41     9.50   11.74  20.23
    rgb2      ISU 75    15.13  23.70  14.71

OUTPUT FORMAT
Reply with exactly one line and nothing else:
ANSWER: <dose in mg kg-1, digits only>; <AGREES or DISAGREES>
",(db_lookup[71:218]),40; DISAGREES,(depends on: round 2 answer RIL 208 and round 1 answer 80; on the rgb2 row for RIL 208 the largest usable cell is t40 -> 40; DISAGREES; no complications at this tier)
exp42-chain-0080-low,1,dose_response_shape,"SESSION
You are analysing experiment 42 at the Ridgefield phenotyping facility: a cobalt
(Co) dose series on 6 Thlaspi arvense (pennycress) accessions at 0, 10, 50, 100,
500 and 1000 mg kg-1, imaged over 28 days in six modalities.

This is a 3-round investigation. Each round gives you the results of the tool
calls it needs, already run; how many there are varies by round. Later rounds
build on what you established earlier and will not repeat it, so keep your own
answers.

TOOLS (results are inlined; you cannot issue new calls)
  db_lookup(table=, select=, where=, group_by=)   the measurement store
  schema_lookup(trait=)                           which modality records a trait, and in what unit
  qc_lookup(table=, select=, where=)              flags, exclusions, usable counts
  design_lookup(aspect=)                          the protocol: dose series, accession panel,
                                                  imaging rounds, replication plan
  literature_lookup(species=, property=)          published claims
  embedding_lookup(space=, query=, k=)            nearest accessions by profile similarity

TERMS
  treatment        the cobalt dose, in mg kg-1
  genotype         the accession label
  Fv/Fm_Lss        photosystem-II efficiency, from the fc1 modality
  area_mm2         leaf area
  n_plants         distinct plants behind a cell
  round_to_round   variance of an accession's per-round means
  within_round     variance between plants inside one imaging round

ROUND 1 - TASK (dose_response_shape)
At which cobalt dose does mean Fv/Fm_Lss peak across the panel?

RULES
1. A treatment cell must clear the usable-plant floor in the quality
   gate before it can be called a peak.
2. Judge the curve as a whole, not a single cell.

TOOL OUTPUTS

>>> db_lookup(table=""fc1_values"", select=[""trait"", ""mean_value""], where=""experiment_id=42"", group_by=[""trait"", ""treatment""])
    mean value by trait, one column per treatment (mg kg-1).
    trait      t0     t10    t50    t100   t500   t1000
    ---------  -----  -----  -----  -----  -----  -----
    Fv/Fm_Lss  0.478  0.500  0.517  0.543  0.452  0.437

>>> qc_lookup(table=""fc1_values"", select=[""treatment"", ""n_plants_usable""], where=""trait='Fv/Fm_Lss'"")
    plants surviving QC per treatment; the floor for a panel claim is 15.
    treatment  n_plants_usable
    ---------  ---------------
    0          56
    10         48
    50         56
    100        6
    500        52
    1000       59

OUTPUT FORMAT
Reply with exactly one line and nothing else:
ANSWER: <dose in mg kg-1, digits only>
","(db_lookup[327:453],qc_lookup[453:541])",50,(depends on: -; the plant-level Fv/Fm_Lss row peaks at 0.517 on t50 -> 50; ablations: ignoring the quality gate gives 100 on 6 plants)
exp42-chain-0080-low,2,transition_sensitivity,"ROUND 2 - TASK (transition_sensitivity)
Starting from the cobalt dose you identified in round 1, which accession
loses the most Fv/Fm_Lss when the dose is raised to the next level of the
design series?

RULES
1. The store also holds a pilot dose that is not a level of the
   design series. The next level is the next one in the design
   table, which need not be the next column.
2. Compare each accession against itself across the two doses.

TOOL OUTPUTS

>>> design_lookup(aspect=""dose_series"")
    the design levels, in order. Doses absent here are pilot cells.
    level  treatment
    -----  ---------
    1      0
    2      10
    3      50
    4      100
    5      500
    6      1000

>>> db_lookup(table=""fc1_values"", select=[""genotype"", ""mean_value""], where=""trait='Fv/Fm_Lss'"", group_by=[""genotype"", ""treatment""])
    mean Fv/Fm_Lss by accession, one column per treatment in the store.
    genotype  t0     t50    t75    t100
    --------  -----  -----  -----  -----
    NIL 269   0.538  0.530  0.500  0.303
    ISU 141   0.553  0.540  0.521  0.505
    Ecm16     0.538  0.519  0.476  0.462
    90        0.543  0.529  0.376  0.370

OUTPUT FORMAT
Reply with exactly one line and nothing else:
ANSWER: <accession label exactly as it appears in the table>
","(design_lookup[94:147],db_lookup[147:296])",NIL 269,"(depends on: round 1 answer 50; the step is t50->t100, not the adjacent column t75 which is a pilot cell; per-accession drop NIL 269:+0.227  90:+0.159  Ecm16:+0.057  ISU 141:+0.035 -> NIL 269; ablations: stepping to the next column instead of the next design level gives 90)"
exp42-chain-0080-low,3,cross_modality_peak,"ROUND 3 - TASK (cross_modality_peak)
For the accession identified in round 2: at which dose does its leaf area
(area_mm2) peak, and does that dose agree with where Fv/Fm_Lss peaked
in round 1?

RULES
1. More than one modality reports this trait. Use the one the
   dictionary marks primary; the other is a derived estimate.
2. The verdict is AGREES when the area peak falls on the dose from
   round 1, and DISAGREES otherwise. Report both parts.

TOOL OUTPUTS

>>> db_lookup(table=""features"", select=[""modality"", ""genotype"", ""mean_area_mm2""], where=""trait='area_mm2'"", group_by=[""modality"", ""genotype"", ""treatment""])
    mean area_mm2 by modality and accession, one column per treatment.
    modality  genotype   t0     t10    t50    t100
    --------  ---------  -----  -----  -----  -----
    rgb2      NIL 269    20.44  11.86  8.72   6.98
    rgb2      MAGIC 153  14.67  23.44  15.02  13.23
    rgb2      90         11.00  13.20  21.67  12.85
    rgb2      ISU 141    10.40  12.36  14.21  23.45
    vnir      NIL 269    8.04   15.41  8.02   6.50
    vnir      MAGIC 153  8.46   8.18   10.30  17.51
    vnir      90         6.10   7.88   9.27   16.27
    vnir      ISU 141    10.24  17.51  10.06  8.07

>>> schema_lookup(trait=""area_mm2"")
    modalities reporting this trait.
    trait     modality  modality_role       unit  trait_role
    --------  --------  ------------------  ----  ----------
    area_mm2  rgb2      top-view RGB        mm2   primary
    area_mm2  vnir      VNIR hyperspectral  mm2   derived

OUTPUT FORMAT
Reply with exactly one line and nothing else:
ANSWER: <dose in mg kg-1, digits only>; <AGREES or DISAGREES>
","(db_lookup[96:322],schema_lookup[322:405])",0; DISAGREES,(depends on: round 2 answer NIL 269 and round 1 answer 50; on the rgb2 row for NIL 269 the largest usable cell is t0 -> 0; DISAGREES; ablations: reading the vnir rows gives 10; DISAGREES)
exp161-chain-0081-low,1,dose_response_shape,"SESSION
You are analysing experiment 161 at the Ashfield phenotyping facility: a copper
(Cu) dose series on 6 Camelina sativa (camelina) accessions at 0, 50, 100, 200,
500 and 1000 mg kg-1, imaged over 28 days in six modalities.

This is a 2-round investigation. Each round gives you the results of the tool
calls it needs, already run; how many there are varies by round. Later rounds
build on what you established earlier and will not repeat it, so keep your own
answers.

TOOLS (results are inlined; you cannot issue new calls)
  db_lookup(table=, select=, where=, group_by=)   the measurement store
  schema_lookup(trait=)                           which modality records a trait, and in what unit
  qc_lookup(table=, select=, where=)              flags, exclusions, usable counts
  design_lookup(aspect=)                          the protocol: dose series, accession panel,
                                                  imaging rounds, replication plan
  literature_lookup(species=, property=)          published claims
  embedding_lookup(space=, query=, k=)            nearest accessions by profile similarity

TERMS
  treatment        the copper dose, in mg kg-1
  genotype         the accession label
  Fv/Fm_Lss        photosystem-II efficiency, from the fc1 modality
  area_mm2         leaf area
  n_plants         distinct plants behind a cell
  round_to_round   variance of an accession's per-round means
  within_round     variance between plants inside one imaging round

ROUND 1 - TASK (dose_response_shape)
At which copper dose does mean Fv/Fm_Lss peak across the panel?

RULES
1. Judge the curve as a whole, not a single cell.

TOOL OUTPUTS

>>> db_lookup(table=""fc1_values"", select=[""trait"", ""mean_value""], where=""experiment_id=161"", group_by=[""trait"", ""treatment""])
    mean value by trait, one column per treatment (mg kg-1).
    trait      t0     t50    t100   t200   t500   t1000
    ---------  -----  -----  -----  -----  -----  -----
    Fv/Fm_Lss  0.495  0.515  0.530  0.498  0.452  0.427

OUTPUT FORMAT
Reply with exactly one line and nothing else:
ANSWER: <dose in mg kg-1, digits only>
",(db_lookup[303:429]),100,(depends on: -; the plant-level Fv/Fm_Lss row peaks at 0.530 on t100 -> 100; no complications at this tier)
exp161-chain-0081-low,2,transition_sensitivity,"ROUND 2 - TASK (transition_sensitivity)
Starting from the copper dose you identified in round 1, which accession
loses the most Fv/Fm_Lss when the dose is raised to the next level of the
design series?

RULES
1. The store also holds a pilot dose that is not a level of the
   design series. The next level is the next one in the design
   table, which need not be the next column.
2. Compare each accession against itself across the two doses.

TOOL OUTPUTS

>>> db_lookup(table=""fc1_values"", select=[""genotype"", ""mean_value""], where=""trait='Fv/Fm_Lss'"", group_by=[""genotype"", ""treatment""])
    mean Fv/Fm_Lss by accession, one column per treatment in the store.
    genotype  t50    t100   t150   t200
    --------  -----  -----  -----  -----
    RIL 352   0.521  0.493  0.483  0.449
    93        0.523  0.501  0.482  0.470
    Ecm35     0.541  0.528  0.476  0.266
    RIL 224   0.554  0.523  0.366  0.349

>>> design_lookup(aspect=""dose_series"")
    the design levels, in order. Doses absent here are pilot cells.
    level  treatment
    -----  ---------
    1      0
    2      50
    3      100
    4      200
    5      500
    6      1000

OUTPUT FORMAT
Reply with exactly one line and nothing else:
ANSWER: <accession label exactly as it appears in the table>
","(db_lookup[94:243],design_lookup[243:296])",Ecm35,"(depends on: round 1 answer 100; the step is t100->t200, not the adjacent column t150 which is a pilot cell; per-accession drop Ecm35:+0.262  RIL 224:+0.174  RIL 352:+0.044  93:+0.031 -> Ecm35; ablations: stepping to the next column instead of the next design level gives RIL 224)"
exp130-chain-0082-hard,1,dose_response_shape,"SESSION
You are analysing experiment 130 at the Weston phenotyping facility: a cobalt (Co)
dose series on 6 Camelina sativa (camelina) accessions at 0, 10, 50, 100, 500 and
1000 mg kg-1, imaged over 28 days in six modalities.

This is a 7-round investigation. Each round gives you the results of the tool
calls it needs, already run; how many there are varies by round. Later rounds
build on what you established earlier and will not repeat it, so keep your own
answers.

TOOLS (results are inlined; you cannot issue new calls)
  db_lookup(table=, select=, where=, group_by=)   the measurement store
  schema_lookup(trait=)                           which modality records a trait, and in what unit
  qc_lookup(table=, select=, where=)              flags, exclusions, usable counts
  design_lookup(aspect=)                          the protocol: dose series, accession panel,
                                                  imaging rounds, replication plan
  literature_lookup(species=, property=)          published claims
  embedding_lookup(space=, query=, k=)            nearest accessions by profile similarity

TERMS
  treatment        the cobalt dose, in mg kg-1
  genotype         the accession label
  Fv/Fm_Lss        photosystem-II efficiency, from the fc1 modality
  area_mm2         leaf area
  n_plants         distinct plants behind a cell
  round_to_round   variance of an accession's per-round means
  within_round     variance between plants inside one imaging round

ROUND 1 - TASK (dose_response_shape)
At which cobalt dose does mean Fv/Fm_Lss peak across the panel?

RULES
1. Two rows in the store carry a similar trait name. Only the
   plant-level trait is the panel measurement; the dictionary says
   which that is.
2. A treatment cell must clear the usable-plant floor in the quality
   gate before it can be called a peak.
3. Judge the curve as a whole, not a single cell.

TOOL OUTPUTS

>>> db_lookup(table=""fc1_values"", select=[""trait"", ""mean_value""], where=""experiment_id=130"", group_by=[""trait"", ""treatment""])
    mean value by trait, one column per treatment (mg kg-1).
    trait          t0     t10    t50    t100   t500   t1000
    -------------  -----  -----  -----  -----  -----  -----
    Fv/Fm_Lss      0.468  0.504  0.512  0.527  0.543  0.467
    avg_Fv/Fm_Lss  0.581  0.453  0.453  0.432  0.393  0.438

>>> schema_lookup(trait=""Fv/Fm_Lss"")
    trait dictionary: where the trait lives and at what entity level.
    trait          modality  table       unit  entity_level
    -------------  --------  ----------  ----  ------------
    Fv/Fm_Lss      fc1       fc1_values  a.u.  plant
    avg_Fv/Fm_Lss  fc1       fc1_values  a.u.  region

>>> qc_lookup(table=""fc1_values"", select=[""treatment"", ""n_plants_usable""], where=""trait='Fv/Fm_Lss'"")
    plants surviving QC per treatment; the floor for a panel claim is 15.
    treatment  n_plants_usable
    ---------  ---------------
    0          52
    10         50
    50         60
    100        58
    500        6
    1000       49

OUTPUT FORMAT
Reply with exactly one line and nothing else:
ANSWER: <dose in mg kg-1, digits only>
","(db_lookup[358:509],schema_lookup[509:607],qc_lookup[607:695])",100,(depends on: -; the plant-level Fv/Fm_Lss row peaks at 0.527 on t100 -> 100; ablations: reading the alias row gives 0; ignoring the quality gate gives 500 on 6 plants)
exp130-chain-0082-hard,2,transition_sensitivity,"ROUND 2 - TASK (transition_sensitivity)
Starting from the cobalt dose you identified in round 1, which accession
loses the most Fv/Fm_Lss when the dose is raised to the next level of the
design series?

RULES
1. The store also holds a pilot dose that is not a level of the
   design series. The next level is the next one in the design
   table, which need not be the next column.
2. Only accessions in the core panel can be ranked; observational
   ones are carried for reference.
3. Compare each accession against itself across the two doses.

TOOL OUTPUTS

>>> db_lookup(table=""fc1_values"", select=[""genotype"", ""mean_value""], where=""trait='Fv/Fm_Lss'"", group_by=[""genotype"", ""treatment""])
    mean Fv/Fm_Lss by accession, one column per treatment in the store.
    genotype   t0     t100   t300   t500
    ---------  -----  -----  -----  -----
    53         0.522  0.478  0.441  0.406
    MAGIC 428  0.546  0.516  0.477  0.186
    RIL 441    0.559  0.540  0.530  0.504
    MAGIC 266  0.531  0.505  0.349  0.342
    Ecm39      0.555  0.545  0.507  0.306

>>> design_lookup(aspect=""dose_series"")
    the design levels, in order. Doses absent here are pilot cells.
    level  treatment
    -----  ---------
    1      0
    2      10
    3      50
    4      100
    5      500
    6      1000

>>> design_lookup(aspect=""accession_panel"")
    panel membership for this experiment.
    genotype   panel_role
    ---------  -------------
    53         core
    MAGIC 428  observational
    RIL 441    core
    MAGIC 266  core
    Ecm39      core

OUTPUT FORMAT
Reply with exactly one line and nothing else:
ANSWER: <accession label exactly as it appears in the table>
","(db_lookup[113:277],design_lookup[277:330],design_lookup[330:384])",Ecm39,"(depends on: round 1 answer 100; the step is t100->t500, not the adjacent column t300 which is a pilot cell; per-accession drop Ecm39:+0.239  MAGIC 266:+0.163  53:+0.072  RIL 441:+0.036 -> Ecm39; ablations: stepping to the next column instead of the next design level gives MAGIC 266; ranking without the panel table gives MAGIC 428, which is observational)"
exp130-chain-0082-hard,3,cross_modality_peak,"ROUND 3 - TASK (cross_modality_peak)
For the accession identified in round 2: at which dose does its leaf area
(area_mm2) peak, and does that dose agree with where Fv/Fm_Lss peaked
in round 1?

RULES
1. More than one modality reports this trait. Use the one the
   dictionary marks primary; the other is a derived estimate.
2. A cell flagged empty_mask carries no usable area and cannot be
   the peak. low_mask_coverage is on nearly every row and is not a
   reason to discard.
3. The verdict is AGREES when the area peak falls on the dose from
   round 1, and DISAGREES otherwise. Report both parts.

TOOL OUTPUTS

>>> db_lookup(table=""features"", select=[""modality"", ""genotype"", ""mean_area_mm2""], where=""trait='area_mm2'"", group_by=[""modality"", ""genotype"", ""treatment""])
    mean area_mm2 by modality and accession, one column per treatment.
    modality  genotype   t50    t100   t500   t1000
    --------  ---------  -----  -----  -----  -----
    rgb2      Ecm39      8.05   25.39  11.56  20.89
    rgb2      MAGIC 428  22.43  13.21  11.96  8.76
    rgb2      MAGIC 266  8.57   10.19  19.08  9.69
    rgb2      RIL 441    11.26  20.20  11.70  8.85
    vnir      Ecm39      7.30   8.22   15.72  8.68
    vnir      MAGIC 428  7.21   7.85   9.15   16.80
    vnir      MAGIC 266  14.46  7.18   5.19   3.78
    vnir      RIL 441    5.70   7.74   15.24  8.07

>>> schema_lookup(trait=""area_mm2"")
    modalities reporting this trait.
    trait     modality  modality_role       unit  trait_role
    --------  --------  ------------------  ----  ----------
    area_mm2  rgb2      top-view RGB        mm2   primary
    area_mm2  vnir      VNIR hyperspectral  mm2   derived

>>> qc_lookup(table=""rgb2_features"", select=[""genotype"", ""treatment"", ""flag""], where=""flag='empty_mask'"")
    cells voided by empty_mask.
    genotype   treatment  flag
    ---------  ---------  ----------
    Ecm39      100        empty_mask
    MAGIC 428  1000       empty_mask

OUTPUT FORMAT
Reply with exactly one line and nothing else:
ANSWER: <dose in mg kg-1, digits only>; <AGREES or DISAGREES>
","(db_lookup[126:352],schema_lookup[352:435],qc_lookup[435:515])",1000; DISAGREES,(depends on: round 2 answer Ecm39 and round 1 answer 100; on the rgb2 row for Ecm39 the largest usable cell is t1000 -> 1000; DISAGREES; ablations: reading the vnir rows gives 500; DISAGREES; ignoring empty_mask gives 100; AGREES)
exp130-chain-0082-hard,4,modality_coverage,"ROUND 4 - TASK (modality_coverage)
For the accession identified in round 2: which modalities hold usable feature
rows for it in this experiment?

RULES
1. A modality never scheduled for this experiment does not count,
   even if rows for it exist: those were carried over.
2. A modality whose rows are all flagged holds nothing usable.
3. List the modalities in the column order of the store table.

TOOL OUTPUTS

>>> qc_lookup(table=""features"", select=[""genotype"", ""modality"", ""n_usable""], group_by=[""genotype"", ""modality""])
    rows surviving QC, one column per modality.
    genotype   fc1  rgb2  msc1  vnir  swir  s3d
    ---------  ---  ----  ----  ----  ----  ---
    Ecm39      0    66    67    0     0     15
    MAGIC 428  0    63    61    22    0     0
    MAGIC 266  45   63    58    38    0     0
    RIL 441    26   62    54    44    0     0

>>> design_lookup(aspect=""imaging_rounds"")
    imaging rounds scheduled per modality for this experiment.
    modality  records                   rounds_scheduled
    --------  ------------------------  ----------------
    fc1       chlorophyll fluorescence  51
    rgb2      top-view RGB              61
    msc1      multispectral             55
    vnir      VNIR hyperspectral        37
    swir      SWIR hyperspectral        39
    s3d       3-D structural scan       0

>>> db_lookup(table=""features"", select=[""genotype"", ""modality"", ""n_rows""], group_by=[""genotype"", ""modality""])
    feature rows per accession, one column per modality.
    genotype   fc1  rgb2  msc1  vnir  swir  s3d
    ---------  ---  ----  ----  ----  ----  ---
    Ecm39      0    66    67    0     19    16
    MAGIC 428  0    65    61    25    0     0
    MAGIC 266  48   63    58    41    0     0
    RIL 441    26   65    55    44    0     0

OUTPUT FORMAT
Reply with exactly one line and nothing else:
ANSWER: <modalities, comma separated, in table column order>
","(qc_lookup[82:199],design_lookup[199:298],db_lookup[298:416])","rgb2, msc1","(depends on: round 2 answer Ecm39; that row is non-zero for rgb2, msc1, swir, s3d, but s3d was never scheduled and swir has nothing left after QC -> rgb2, msc1; ablations: ignoring the schedule gives rgb2, msc1, s3d; ignoring the quality gate gives rgb2, msc1, swir)"
exp130-chain-0082-hard,5,power_check,"ROUND 5 - TASK (power_check)
For the accession identified in round 2, at the dose identified in round 1: is
that cell replicated well enough to carry a genotype-level claim, and on how
many plants does that verdict rest?

RULES
1. The count that matters is plants remaining after exclusions, not
   the raw count in the store.
2. The floor depends on the claim level and is set by this study's
   replication plan; do not assume a value.
3. Report the verdict and the count behind it.

TOOL OUTPUTS

>>> design_lookup(aspect=""replication_plan"")
    minimum usable plants per claim level in this study.
    claim_level     min_usable_plants
    --------------  -----------------
    genotype-level  6
    panel-level     22

>>> db_lookup(table=""fc1_values"", select=[""genotype"", ""n_plants""], group_by=[""genotype"", ""treatment""])
    plants recorded per accession, one column per treatment.
    genotype   t0  t100  t300  t500
    ---------  --  ----  ----  ----
    Ecm39      33  15    48    38
    MAGIC 428  23  35    58    51
    MAGIC 266  11  52    42    19
    RIL 441    45  31    18    44

>>> qc_lookup(table=""fc1_values"", select=[""genotype"", ""n_plants_excluded""], where=""flag IN ('empty_mask', 'sentinel')"")
    plants excluded per cell, one column per treatment.
    genotype   t0  t100  t300  t500
    ---------  --  ----  ----  ----
    Ecm39      1   6     0     4
    MAGIC 428  4   3     3     0
    MAGIC 266  0   4     1     3
    RIL 441    3   1     4     0

OUTPUT FORMAT
Reply with exactly one line and nothing else:
ANSWER: <WELL_REPLICATED or UNDERPOWERED>; <usable plants>
","(design_lookup[107:169],db_lookup[169:265],qc_lookup[265:365])",WELL_REPLICATED; 9,"(depends on: round 2 answer Ecm39 and round 1 answer 100; the store holds 15 plants for that cell, qc_lookup removes 6, and the floor is 6 -> WELL_REPLICATED; 9; ablations: skipping the exclusions gives WELL_REPLICATED; 15; assuming the conventional floor of 10 gives UNDERPOWERED; 9)"
exp130-chain-0082-hard,6,variance_regime,"ROUND 6 - TASK (variance_regime)
Name the cell -- accession and dose -- at which the accession identified in
round 2 first shows round-to-round variance of Fv/Fm_Lss exceeding its
within-round variance.

RULES
1. The two variances come from separate queries; compare them cell by
   cell.
2. A cell built on fewer than 3 imaging rounds is not
   comparable and must be skipped, however its numbers look.
3. Report the first qualifying dose reading left to right, not the
   largest gap, and name the accession alongside it.

TOOL OUTPUTS

>>> db_lookup(table=""fc1_values"", select=[""genotype"", ""round_to_round""], where=""trait='Fv/Fm_Lss'"", group_by=[""genotype"", ""treatment""])
    round-to-round variance, one column per treatment.
    genotype   t0     t10    t50    t100   t500   t1000
    ---------  -----  -----  -----  -----  -----  -----
    Ecm39      0.013  0.029  0.038  0.049  0.062  0.073
    MAGIC 428  0.017  0.027  0.037  0.050  0.062  0.075
    MAGIC 266  0.015  0.027  0.039  0.050  0.063  0.075
    RIL 441    0.016  0.029  0.038  0.051  0.064  0.074

>>> qc_lookup(table=""fc1_values"", select=[""genotype"", ""n_rounds""], where=""trait='Fv/Fm_Lss'"")
    imaging rounds behind each cell, one column per treatment.
    genotype   t0  t10  t50  t100  t500  t1000
    ---------  --  ---  ---  ----  ----  -----
    Ecm39      8   2    9    5     4     6
    MAGIC 428  6   4    7    9     6     7
    MAGIC 266  7   9    7    6     6     6
    RIL 441    8   9    8    4     9     6

>>> embedding_lookup(space=""spectral_signature"", query=""panel"", k=2)
    nearest accessions by mean spectral signature.
    genotype   neighbour_1
    ---------  ---------------
    MAGIC 428  53 (0.843)
    MAGIC 266  RIL 441 (0.841)
    Ecm39      83 (0.664)

>>> db_lookup(table=""fc1_values"", select=[""genotype"", ""within_round""], where=""trait='Fv/Fm_Lss'"", group_by=[""genotype"", ""treatment""])
    within-round variance, one column per treatment.
    genotype   t0     t10    t50    t100   t500   t1000
    ---------  -----  -----  -----  -----  -----  -----
    Ecm39      0.035  0.004  0.018  0.038  0.051  0.060
    MAGIC 428  0.041  0.039  0.065  0.060  0.050  0.062
    MAGIC 266  0.029  0.053  0.011  0.026  0.039  0.053
    RIL 441    0.035  0.047  0.046  0.067  0.086  0.063

OUTPUT FORMAT
Reply with exactly one line and nothing else:
ANSWER: <accession>@<dose>
","(db_lookup[111:295],qc_lookup[295:409],embedding_lookup[409:487],db_lookup[487:669])",Ecm39@50,"(depends on: round 2 answer Ecm39; comparing the two variance tables cell by cell, Ecm39 first crosses at t10, but that cell rests on 2 imaging rounds, under the 3 needed, so the first comparable crossing is t50 -> Ecm39@50; ablations: taking the largest round-to-round value without the within-round table gives Ecm39@1000; ignoring the round counts gives Ecm39@10)"
exp130-chain-0082-hard,7,literature_audit,"ROUND 7 - TASK (literature_audit)
Three published claims are on file. Judge the one that concerns this
experiment's species against the accession identified in round 2, and say
which source you judged.

RULES
1. Exactly one source concerns the species under study here; the others
   are about different species and are not yours to judge.
2. OUT_OF_SCOPE if the source's studied dose range does not overlap
   this experiment's series: the claim cannot be tested here.
3. Otherwise SUPPORTED if the claimed peak matches that accession's own
   measured peak, CONTRADICTED if it does not.
4. Report the verdict and the source.

TOOL OUTPUTS

>>> db_lookup(table=""fc1_values"", select=[""genotype"", ""peak_treatment""], where=""trait='Fv/Fm_Lss'"", group_by=[""genotype""])
    the treatment at which each accession's own Fv/Fm_Lss is highest.
    genotype   peak_treatment
    ---------  --------------
    Ecm39      500
    MAGIC 428  10
    MAGIC 266  100
    RIL 441    0

>>> literature_lookup(species=""Camelina sativa"", property=""hormesis"")
    published peak-dose claims, with the dose range each study covered (mg kg-1).
    source             species               property  claimed_peak  range_studied
    -----------------  --------------------  --------  ------------  -------------
    lit:Lindqvist2022  Thlaspi arvense       hormesis  0             0-1000
    lit:Thorne2021     Arabidopsis thaliana  hormesis  50            0-1000
    lit:Nakagawa2019   Camelina sativa       hormesis  2000          2000-8000

>>> design_lookup(aspect=""dose_series"")
    the design levels of this experiment, in order.
    level  treatment
    -----  ---------
    1      0
    2      10
    3      50
    4      100
    5      500
    6      1000

OUTPUT FORMAT
Reply with exactly one line and nothing else:
ANSWER: <SUPPORTED, CONTRADICTED or OUT_OF_SCOPE>; <source id>
","(db_lookup[126:220],literature_lookup[220:363],design_lookup[363:412])",OUT_OF_SCOPE; lit:Nakagawa2019,"(depends on: round 2 answer Ecm39; only lit:Nakagawa2019 concerns Camelina sativa; it claims a peak at 2000 mg kg-1 over 2000-8000, against a series topping out at 1000 and a measured peak of 500 for that accession -> OUT_OF_SCOPE; lit:Nakagawa2019; ablations: judging a source about another species gives CONTRADICTED; lit:Lindqvist2022; skipping the scope check gives CONTRADICTED; lit:Nakagawa2019)"
exp60-chain-0083-medium,1,dose_response_shape,"SESSION
You are analysing experiment 60 at the Ridgefield phenotyping facility: a nickel
(Ni) dose series on 6 Camelina sativa (camelina) accessions at 0, 50, 100, 200,
500 and 1000 mg kg-1, imaged over 28 days in six modalities.

This is a 4-round investigation. Each round gives you the results of the tool
calls it needs, already run; how many there are varies by round. Later rounds
build on what you established earlier and will not repeat it, so keep your own
answers.

TOOLS (results are inlined; you cannot issue new calls)
  db_lookup(table=, select=, where=, group_by=)   the measurement store
  schema_lookup(trait=)                           which modality records a trait, and in what unit
  qc_lookup(table=, select=, where=)              flags, exclusions, usable counts
  design_lookup(aspect=)                          the protocol: dose series, accession panel,
                                                  imaging rounds, replication plan
  literature_lookup(species=, property=)          published claims
  embedding_lookup(space=, query=, k=)            nearest accessions by profile similarity

TERMS
  treatment        the nickel dose, in mg kg-1
  genotype         the accession label
  Fv/Fm_Lss        photosystem-II efficiency, from the fc1 modality
  area_mm2         leaf area
  n_plants         distinct plants behind a cell
  round_to_round   variance of an accession's per-round means
  within_round     variance between plants inside one imaging round

ROUND 1 - TASK (dose_response_shape)
At which nickel dose does mean Fv/Fm_Lss peak across the panel?

RULES
1. A treatment cell must clear the usable-plant floor in the quality
   gate before it can be called a peak.
2. Judge the curve as a whole, not a single cell.

TOOL OUTPUTS

>>> qc_lookup(table=""fc1_values"", select=[""treatment"", ""n_plants_usable""], where=""trait='Fv/Fm_Lss'"")
    plants surviving QC per treatment; the floor for a panel claim is 10.
    treatment  n_plants_usable
    ---------  ---------------
    0          51
    50         5
    100        58
    200        59
    500        56
    1000       58

>>> db_lookup(table=""fc1_values"", select=[""trait"", ""mean_value""], where=""experiment_id=60"", group_by=[""trait"", ""treatment""])
    mean value by trait, one column per treatment (mg kg-1).
    trait      t0     t50    t100   t200   t500   t1000
    ---------  -----  -----  -----  -----  -----  -----
    Fv/Fm_Lss  0.480  0.548  0.502  0.516  0.479  0.439

OUTPUT FORMAT
Reply with exactly one line and nothing else:
ANSWER: <dose in mg kg-1, digits only>
","(qc_lookup[327:415],db_lookup[415:541])",200,(depends on: -; the plant-level Fv/Fm_Lss row peaks at 0.516 on t200 -> 200; ablations: ignoring the quality gate gives 50 on 5 plants)
exp60-chain-0083-medium,2,transition_sensitivity,"ROUND 2 - TASK (transition_sensitivity)
Starting from the nickel dose you identified in round 1, which accession
loses the most Fv/Fm_Lss when the dose is raised to the next level of the
design series?

RULES
1. The store also holds a pilot dose that is not a level of the
   design series. The next level is the next one in the design
   table, which need not be the next column.
2. Only accessions in the core panel can be ranked; observational
   ones are carried for reference.
3. Compare each accession against itself across the two doses.

TOOL OUTPUTS

>>> design_lookup(aspect=""accession_panel"")
    panel membership for this experiment.
    genotype   panel_role
    ---------  -------------
    63         observational
    RIL 128    core
    45         core
    MAGIC 109  core
    ISU 387    core

>>> db_lookup(table=""fc1_values"", select=[""genotype"", ""mean_value""], where=""trait='Fv/Fm_Lss'"", group_by=[""genotype"", ""treatment""])
    mean Fv/Fm_Lss by accession, one column per treatment in the store.
    genotype   t100   t200   t350   t500
    ---------  -----  -----  -----  -----
    63         0.560  0.538  0.507  0.200
    RIL 128    0.529  0.507  0.340  0.325
    45         0.546  0.538  0.510  0.500
    MAGIC 109  0.530  0.491  0.454  0.239
    ISU 387    0.554  0.544  0.538  0.520

>>> design_lookup(aspect=""dose_series"")
    the design levels, in order. Doses absent here are pilot cells.
    level  treatment
    -----  ---------
    1      0
    2      50
    3      100
    4      200
    5      500
    6      1000

OUTPUT FORMAT
Reply with exactly one line and nothing else:
ANSWER: <accession label exactly as it appears in the table>
","(design_lookup[113:167],db_lookup[167:331],design_lookup[331:384])",MAGIC 109,"(depends on: round 1 answer 200; the step is t200->t500, not the adjacent column t350 which is a pilot cell; per-accession drop MAGIC 109:+0.252  RIL 128:+0.182  45:+0.038  ISU 387:+0.024 -> MAGIC 109; ablations: stepping to the next column instead of the next design level gives RIL 128; ranking without the panel table gives 63, which is observational)"
exp60-chain-0083-medium,3,cross_modality_peak,"ROUND 3 - TASK (cross_modality_peak)
For the accession identified in round 2: at which dose does its leaf area
(area_mm2) peak, and does that dose agree with where Fv/Fm_Lss peaked
in round 1?

RULES
1. More than one modality reports this trait. Use the one the
   dictionary marks primary; the other is a derived estimate.
2. A cell flagged empty_mask carries no usable area and cannot be
   the peak. low_mask_coverage is on nearly every row and is not a
   reason to discard.
3. The verdict is AGREES when the area peak falls on the dose from
   round 1, and DISAGREES otherwise. Report both parts.

TOOL OUTPUTS

>>> schema_lookup(trait=""area_mm2"")
    modalities reporting this trait.
    trait     modality  modality_role       unit  trait_role
    --------  --------  ------------------  ----  ----------
    area_mm2  rgb2      top-view RGB        mm2   primary
    area_mm2  vnir      VNIR hyperspectral  mm2   derived

>>> db_lookup(table=""features"", select=[""modality"", ""genotype"", ""mean_area_mm2""], where=""trait='area_mm2'"", group_by=[""modality"", ""genotype"", ""treatment""])
    mean area_mm2 by modality and accession, one column per treatment.
    modality  genotype   t0     t200   t500   t1000
    --------  ---------  -----  -----  -----  -----
    rgb2      MAGIC 109  20.41  11.14  10.35  24.91
    rgb2      63         8.59   11.28  12.13  21.21
    rgb2      ISU 387    8.48   9.76   18.89  10.16
    rgb2      RIL 128    13.38  22.56  13.91  12.31
    vnir      MAGIC 109  7.89   15.39  7.95   6.55
    vnir      63         15.95  8.88   7.75   6.57
    vnir      ISU 387    6.58   14.32  6.60   5.18
    vnir      RIL 128    6.53   7.98   9.35   16.89

>>> qc_lookup(table=""rgb2_features"", select=[""genotype"", ""treatment"", ""flag""], where=""flag='empty_mask'"")
    cells voided by empty_mask.
    genotype   treatment  flag
    ---------  ---------  ----------
    MAGIC 109  1000       empty_mask
    63         500        empty_mask

OUTPUT FORMAT
Reply with exactly one line and nothing else:
ANSWER: <dose in mg kg-1, digits only>; <AGREES or DISAGREES>
","(schema_lookup[126:209],db_lookup[209:435],qc_lookup[435:515])",0; DISAGREES,(depends on: round 2 answer MAGIC 109 and round 1 answer 200; on the rgb2 row for MAGIC 109 the largest usable cell is t0 -> 0; DISAGREES; ablations: reading the vnir rows gives 200; AGREES; ignoring empty_mask gives 1000; DISAGREES)
exp60-chain-0083-medium,4,modality_coverage,"ROUND 4 - TASK (modality_coverage)
For the accession identified in round 2: which modalities hold usable feature
rows for it in this experiment?

RULES
1. A modality never scheduled for this experiment does not count,
   even if rows for it exist: those were carried over.
2. A modality whose rows are all flagged holds nothing usable.
3. List the modalities in the column order of the store table.

TOOL OUTPUTS

>>> qc_lookup(table=""features"", select=[""genotype"", ""modality"", ""n_usable""], group_by=[""genotype"", ""modality""])
    rows surviving QC, one column per modality.
    genotype   fc1  rgb2  msc1  vnir  swir  s3d
    ---------  ---  ----  ----  ----  ----  ---
    MAGIC 109  0    55    60    34    0     0
    63         35   58    60    0     0     0
    ISU 387    17   64    58    0     18    0
    RIL 128    0    63    57    0     40    20

>>> design_lookup(aspect=""imaging_rounds"")
    imaging rounds scheduled per modality for this experiment.
    modality  records                   rounds_scheduled
    --------  ------------------------  ----------------
    fc1       chlorophyll fluorescence  23
    rgb2      top-view RGB              43
    msc1      multispectral             23
    vnir      VNIR hyperspectral        0
    swir      SWIR hyperspectral        44
    s3d       3-D structural scan       65

>>> db_lookup(table=""features"", select=[""genotype"", ""modality"", ""n_rows""], group_by=[""genotype"", ""modality""])
    feature rows per accession, one column per modality.
    genotype   fc1  rgb2  msc1  vnir  swir  s3d
    ---------  ---  ----  ----  ----  ----  ---
    MAGIC 109  0    55    61    34    19    0
    63         36   61    62    0     0     0
    ISU 387    17   66    60    0     20    0
    RIL 128    0    65    60    0     40    20

OUTPUT FORMAT
Reply with exactly one line and nothing else:
ANSWER: <modalities, comma separated, in table column order>
","(qc_lookup[82:199],design_lookup[199:298],db_lookup[298:416])","rgb2, msc1","(depends on: round 2 answer MAGIC 109; that row is non-zero for rgb2, msc1, vnir, swir, but vnir was never scheduled and swir has nothing left after QC -> rgb2, msc1; ablations: ignoring the schedule gives rgb2, msc1, vnir; ignoring the quality gate gives rgb2, msc1, swir)"
exp34-chain-0084-medium,1,dose_response_shape,"SESSION
You are analysing experiment 34 at the Hollandale phenotyping facility: a cadmium
(Cd) dose series on 6 Arabidopsis thaliana (arabidopsis) accessions at 0, 10, 50,
100, 500 and 1000 mg kg-1, imaged over 28 days in six modalities.

This is a 4-round investigation. Each round gives you the results of the tool
calls it needs, already run; how many there are varies by round. Later rounds
build on what you established earlier and will not repeat it, so keep your own
answers.

TOOLS (results are inlined; you cannot issue new calls)
  db_lookup(table=, select=, where=, group_by=)   the measurement store
  schema_lookup(trait=)                           which modality records a trait, and in what unit
  qc_lookup(table=, select=, where=)              flags, exclusions, usable counts
  design_lookup(aspect=)                          the protocol: dose series, accession panel,
                                                  imaging rounds, replication plan
  literature_lookup(species=, property=)          published claims
  embedding_lookup(space=, query=, k=)            nearest accessions by profile similarity

TERMS
  treatment        the cadmium dose, in mg kg-1
  genotype         the accession label
  Fv/Fm_Lss        photosystem-II efficiency, from the fc1 modality
  area_mm2         leaf area
  n_plants         distinct plants behind a cell
  round_to_round   variance of an accession's per-round means
  within_round     variance between plants inside one imaging round

ROUND 1 - TASK (dose_response_shape)
At which cadmium dose does mean Fv/Fm_Lss peak across the panel?

RULES
1. A treatment cell must clear the usable-plant floor in the quality
   gate before it can be called a peak.
2. Judge the curve as a whole, not a single cell.

TOOL OUTPUTS

>>> db_lookup(table=""fc1_values"", select=[""trait"", ""mean_value""], where=""experiment_id=34"", group_by=[""trait"", ""treatment""])
    mean value by trait, one column per treatment (mg kg-1).
    trait      t0     t10    t50    t100   t500   t1000
    ---------  -----  -----  -----  -----  -----  -----
    Fv/Fm_Lss  0.478  0.496  0.515  0.481  0.436  0.539

>>> qc_lookup(table=""fc1_values"", select=[""treatment"", ""n_plants_usable""], where=""trait='Fv/Fm_Lss'"")
    plants surviving QC per treatment; the floor for a panel claim is 8.
    treatment  n_plants_usable
    ---------  ---------------
    0          54
    10         50
    50         51
    100        53
    500        57
    1000       5

OUTPUT FORMAT
Reply with exactly one line and nothing else:
ANSWER: <dose in mg kg-1, digits only>
","(db_lookup[327:453],qc_lookup[453:541])",50,(depends on: -; the plant-level Fv/Fm_Lss row peaks at 0.515 on t50 -> 50; ablations: ignoring the quality gate gives 1000 on 5 plants)
exp34-chain-0084-medium,2,transition_sensitivity,"ROUND 2 - TASK (transition_sensitivity)
Starting from the cadmium dose you identified in round 1, which accession
loses the most Fv/Fm_Lss when the dose is raised to the next level of the
design series?

RULES
1. The store also holds a pilot dose that is not a level of the
   design series. The next level is the next one in the design
   table, which need not be the next column.
2. Compare each accession against itself across the two doses.

TOOL OUTPUTS

>>> design_lookup(aspect=""dose_series"")
    the design levels, in order. Doses absent here are pilot cells.
    level  treatment
    -----  ---------
    1      0
    2      10
    3      50
    4      100
    5      500
    6      1000

>>> db_lookup(table=""fc1_values"", select=[""genotype"", ""mean_value""], where=""trait='Fv/Fm_Lss'"", group_by=[""genotype"", ""treatment""])
    mean Fv/Fm_Lss by accession, one column per treatment in the store.
    genotype  t0     t50    t75    t100
    --------  -----  -----  -----  -----
    ISU 456   0.560  0.519  0.464  0.253
    ISU 134   0.551  0.521  0.355  0.345
    RIL 96    0.551  0.516  0.490  0.459
    87        0.535  0.492  0.449  0.440

OUTPUT FORMAT
Reply with exactly one line and nothing else:
ANSWER: <accession label exactly as it appears in the table>
","(design_lookup[94:147],db_lookup[147:297])",ISU 456,"(depends on: round 1 answer 50; the step is t50->t100, not the adjacent column t75 which is a pilot cell; per-accession drop ISU 456:+0.266  ISU 134:+0.176  RIL 96:+0.057  87:+0.052 -> ISU 456; ablations: stepping to the next column instead of the next design level gives ISU 134)"
exp34-chain-0084-medium,3,cross_modality_peak,"ROUND 3 - TASK (cross_modality_peak)
For the accession identified in round 2: at which dose does its leaf area
(area_mm2) peak, and does that dose agree with where Fv/Fm_Lss peaked
in round 1?

RULES
1. A cell flagged empty_mask carries no usable area and cannot be
   the peak. low_mask_coverage is on nearly every row and is not a
   reason to discard.
2. The verdict is AGREES when the area peak falls on the dose from
   round 1, and DISAGREES otherwise. Report both parts.

TOOL OUTPUTS

>>> qc_lookup(table=""rgb2_features"", select=[""genotype"", ""treatment"", ""flag""], where=""flag='empty_mask'"")
    cells voided by empty_mask.
    genotype  treatment  flag
    --------  ---------  ----------
    ISU 456   100        empty_mask
    64        1000       empty_mask

>>> db_lookup(table=""features"", select=[""modality"", ""genotype"", ""mean_area_mm2""], where=""trait='area_mm2'"", group_by=[""modality"", ""genotype"", ""treatment""])
    mean area_mm2 by modality and accession, one column per treatment.
    modality  genotype  t50    t100   t500   t1000
    --------  --------  -----  -----  -----  -----
    rgb2      ISU 456   10.41  26.62  22.12  12.89
    rgb2      64        6.95   7.28   9.79   18.49
    rgb2      RIL 96    18.80  10.00  8.73   5.27
    rgb2      87        15.87  24.80  15.41  13.60

OUTPUT FORMAT
Reply with exactly one line and nothing else:
ANSWER: <dose in mg kg-1, digits only>; <AGREES or DISAGREES>
","(qc_lookup[101:180],db_lookup[180:345])",500; DISAGREES,(depends on: round 2 answer ISU 456 and round 1 answer 50; on the rgb2 row for ISU 456 the largest usable cell is t500 -> 500; DISAGREES; ablations: ignoring empty_mask gives 100; DISAGREES)
exp34-chain-0084-medium,4,modality_coverage,"ROUND 4 - TASK (modality_coverage)
For the accession identified in round 2: which modalities hold usable feature
rows for it in this experiment?

RULES
1. A modality never scheduled for this experiment does not count,
   even if rows for it exist: those were carried over.
2. List the modalities in the column order of the store table.

TOOL OUTPUTS

>>> design_lookup(aspect=""imaging_rounds"")
    imaging rounds scheduled per modality for this experiment.
    modality  records                   rounds_scheduled
    --------  ------------------------  ----------------
    fc1       chlorophyll fluorescence  29
    rgb2      top-view RGB              31
    msc1      multispectral             61
    vnir      VNIR hyperspectral        23
    swir      SWIR hyperspectral        21
    s3d       3-D structural scan       0

>>> db_lookup(table=""features"", select=[""genotype"", ""modality"", ""n_rows""], group_by=[""genotype"", ""modality""])
    feature rows per accession, one column per modality.
    genotype  fc1  rgb2  msc1  vnir  swir  s3d
    --------  ---  ----  ----  ----  ----  ---
    ISU 456   0    65    65    0     19    39
    64        0    65    55    40    36    0
    RIL 96    36   67    56    25    0     0
    87        18   67    55    0     0     0

OUTPUT FORMAT
Reply with exactly one line and nothing else:
ANSWER: <modalities, comma separated, in table column order>
","(design_lookup[69:168],db_lookup[168:284])","rgb2, msc1, swir","(depends on: round 2 answer ISU 456; that row is non-zero for rgb2, msc1, swir, s3d, but s3d was never scheduled -> rgb2, msc1, swir; ablations: ignoring the schedule gives rgb2, msc1, swir, s3d)"
exp129-chain-0085-hard,1,dose_response_shape,"SESSION
You are analysing experiment 129 at the Ridgefield phenotyping facility: a cobalt
(Co) dose series on 6 Arabidopsis thaliana (arabidopsis) accessions at 0, 20, 40,
80, 160 and 320 mg kg-1, imaged over 28 days in six modalities.

This is a 7-round investigation. Each round gives you the results of the tool
calls it needs, already run; how many there are varies by round. Later rounds
build on what you established earlier and will not repeat it, so keep your own
answers.

TOOLS (results are inlined; you cannot issue new calls)
  db_lookup(table=, select=, where=, group_by=)   the measurement store
  schema_lookup(trait=)                           which modality records a trait, and in what unit
  qc_lookup(table=, select=, where=)              flags, exclusions, usable counts
  design_lookup(aspect=)                          the protocol: dose series, accession panel,
                                                  imaging rounds, replication plan
  literature_lookup(species=, property=)          published claims
  embedding_lookup(space=, query=, k=)            nearest accessions by profile similarity

TERMS
  treatment        the cobalt dose, in mg kg-1
  genotype         the accession label
  Fv/Fm_Lss        photosystem-II efficiency, from the fc1 modality
  area_mm2         leaf area
  n_plants         distinct plants behind a cell
  round_to_round   variance of an accession's per-round means
  within_round     variance between plants inside one imaging round

ROUND 1 - TASK (dose_response_shape)
At which cobalt dose does mean Fv/Fm_Lss peak across the panel?

RULES
1. Two rows in the store carry a similar trait name. Only the
   plant-level trait is the panel measurement; the dictionary says
   which that is.
2. A treatment cell must clear the usable-plant floor in the quality
   gate before it can be called a peak.
3. Judge the curve as a whole, not a single cell.

TOOL OUTPUTS

>>> schema_lookup(trait=""Fv/Fm_Lss"")
    trait dictionary: where the trait lives and at what entity level.
    trait          modality  table       unit  entity_level
    -------------  --------  ----------  ----  ------------
    Fv/Fm_Lss      fc1       fc1_values  a.u.  plant
    avg_Fv/Fm_Lss  fc1       fc1_values  a.u.  region

>>> qc_lookup(table=""fc1_values"", select=[""treatment"", ""n_plants_usable""], where=""trait='Fv/Fm_Lss'"")
    plants surviving QC per treatment; the floor for a panel claim is 15.
    treatment  n_plants_usable
    ---------  ---------------
    0          59
    20         10
    40         51
    80         50
    160        56
    320        57

>>> db_lookup(table=""fc1_values"", select=[""trait"", ""mean_value""], where=""experiment_id=129"", group_by=[""trait"", ""treatment""])
    mean value by trait, one column per treatment (mg kg-1).
    trait          t0     t20    t40    t80    t160   t320
    -------------  -----  -----  -----  -----  -----  -----
    Fv/Fm_Lss      0.498  0.545  0.526  0.498  0.473  0.443
    avg_Fv/Fm_Lss  0.406  0.440  0.438  0.456  0.446  0.574

OUTPUT FORMAT
Reply with exactly one line and nothing else:
ANSWER: <dose in mg kg-1, digits only>
","(schema_lookup[358:456],qc_lookup[456:544],db_lookup[544:695])",40,(depends on: -; the plant-level Fv/Fm_Lss row peaks at 0.526 on t40 -> 40; ablations: reading the alias row gives 320; ignoring the quality gate gives 20 on 10 plants)
exp129-chain-0085-hard,2,transition_sensitivity,"ROUND 2 - TASK (transition_sensitivity)
Starting from the cobalt dose you identified in round 1, which accession
loses the most Fv/Fm_Lss when the dose is raised to the next level of the
design series?

RULES
1. The store also holds a pilot dose that is not a level of the
   design series. The next level is the next one in the design
   table, which need not be the next column.
2. Only accessions in the core panel can be ranked; observational
   ones are carried for reference.
3. Compare each accession against itself across the two doses.

TOOL OUTPUTS

>>> db_lookup(table=""fc1_values"", select=[""genotype"", ""mean_value""], where=""trait='Fv/Fm_Lss'"", group_by=[""genotype"", ""treatment""])
    mean Fv/Fm_Lss by accession, one column per treatment in the store.
    genotype  t20    t40    t60    t80
    --------  -----  -----  -----  -----
    Ecl11     0.554  0.511  0.498  0.172
    NIL 159   0.549  0.507  0.481  0.476
    62        0.537  0.503  0.463  0.271
    RIL 322   0.537  0.508  0.345  0.339
    NIL 408   0.521  0.483  0.467  0.446

>>> design_lookup(aspect=""dose_series"")
    the design levels, in order. Doses absent here are pilot cells.
    level  treatment
    -----  ---------
    1      0
    2      20
    3      40
    4      80
    5      160
    6      320

>>> design_lookup(aspect=""accession_panel"")
    panel membership for this experiment.
    genotype  panel_role
    --------  -------------
    Ecl11     observational
    NIL 159   core
    62        core
    RIL 322   core
    NIL 408   core

OUTPUT FORMAT
Reply with exactly one line and nothing else:
ANSWER: <accession label exactly as it appears in the table>
","(db_lookup[113:276],design_lookup[276:329],design_lookup[329:382])",62,"(depends on: round 1 answer 40; the step is t40->t80, not the adjacent column t60 which is a pilot cell; per-accession drop 62:+0.232  RIL 322:+0.169  NIL 408:+0.037  NIL 159:+0.031 -> 62; ablations: stepping to the next column instead of the next design level gives RIL 322; ranking without the panel table gives Ecl11, which is observational)"
exp129-chain-0085-hard,3,cross_modality_peak,"ROUND 3 - TASK (cross_modality_peak)
For the accession identified in round 2: at which dose does its leaf area
(area_mm2) peak, and does that dose agree with where Fv/Fm_Lss peaked
in round 1?

RULES
1. More than one modality reports this trait. Use the one the
   dictionary marks primary; the other is a derived estimate.
2. A cell flagged empty_mask carries no usable area and cannot be
   the peak. low_mask_coverage is on nearly every row and is not a
   reason to discard.
3. The verdict is AGREES when the area peak falls on the dose from
   round 1, and DISAGREES otherwise. Report both parts.

TOOL OUTPUTS

>>> qc_lookup(table=""rgb2_features"", select=[""genotype"", ""treatment"", ""flag""], where=""flag='empty_mask'"")
    cells voided by empty_mask.
    genotype  treatment  flag
    --------  ---------  ----------
    62        160        empty_mask
    Ecl11     40         empty_mask

>>> schema_lookup(trait=""area_mm2"")
    modalities reporting this trait.
    trait     modality  modality_role       unit  trait_role
    --------  --------  ------------------  ----  ----------
    area_mm2  rgb2      top-view RGB        mm2   primary
    area_mm2  swir      SWIR hyperspectral  mm2   derived

>>> db_lookup(table=""features"", select=[""modality"", ""genotype"", ""mean_area_mm2""], where=""trait='area_mm2'"", group_by=[""modality"", ""genotype"", ""treatment""])
    mean area_mm2 by modality and accession, one column per treatment.
    modality  genotype  t0     t40    t160
    --------  --------  -----  -----  -----
    rgb2      62        14.37  23.50  28.00
    rgb2      Ecl11     12.66  14.55  23.86
    rgb2      NIL 159   24.27  15.29  13.53
    rgb2      RIL 322   14.55  15.32  24.43
    swir      62        17.55  10.22  8.30
    swir      Ecl11     17.80  10.40  8.34
    swir      NIL 159   11.04  18.09  10.91
    swir      RIL 322   18.20  10.53  10.14

OUTPUT FORMAT
Reply with exactly one line and nothing else:
ANSWER: <dose in mg kg-1, digits only>; <AGREES or DISAGREES>
","(qc_lookup[126:204],schema_lookup[204:287],db_lookup[287:480])",40; AGREES,(depends on: round 2 answer 62 and round 1 answer 40; on the rgb2 row for 62 the largest usable cell is t40 -> 40; AGREES; ablations: reading the swir rows gives 0; DISAGREES; ignoring empty_mask gives 160; DISAGREES)
exp129-chain-0085-hard,4,modality_coverage,"ROUND 4 - TASK (modality_coverage)
For the accession identified in round 2: which modalities hold usable feature
rows for it in this experiment?

RULES
1. A modality never scheduled for this experiment does not count,
   even if rows for it exist: those were carried over.
2. A modality whose rows are all flagged holds nothing usable.
3. List the modalities in the column order of the store table.

TOOL OUTPUTS

>>> qc_lookup(table=""features"", select=[""genotype"", ""modality"", ""n_usable""], group_by=[""genotype"", ""modality""])
    rows surviving QC, one column per modality.
    genotype  fc1  rgb2  msc1  vnir  swir  s3d
    --------  ---  ----  ----  ----  ----  ---
    62        0    52    64    0     15    0
    Ecl11     43   62    56    0     0     27
    NIL 159   33   64    64    0     0     22
    RIL 322   0    57    65    0     0     35

>>> design_lookup(aspect=""imaging_rounds"")
    imaging rounds scheduled per modality for this experiment.
    modality  records                   rounds_scheduled
    --------  ------------------------  ----------------
    fc1       chlorophyll fluorescence  27
    rgb2      top-view RGB              53
    msc1      multispectral             65
    vnir      VNIR hyperspectral        57
    swir      SWIR hyperspectral        0
    s3d       3-D structural scan       57

>>> db_lookup(table=""features"", select=[""genotype"", ""modality"", ""n_rows""], group_by=[""genotype"", ""modality""])
    feature rows per accession, one column per modality.
    genotype  fc1  rgb2  msc1  vnir  swir  s3d
    --------  ---  ----  ----  ----  ----  ---
    62        0    55    65    0     17    35
    Ecl11     45   64    57    0     0     29
    NIL 159   34   67    66    0     0     23
    RIL 322   0    59    66    0     0     35

OUTPUT FORMAT
Reply with exactly one line and nothing else:
ANSWER: <modalities, comma separated, in table column order>
","(qc_lookup[82:197],design_lookup[197:296],db_lookup[296:412])","rgb2, msc1","(depends on: round 2 answer 62; that row is non-zero for rgb2, msc1, swir, s3d, but swir was never scheduled and s3d has nothing left after QC -> rgb2, msc1; ablations: ignoring the schedule gives rgb2, msc1, swir; ignoring the quality gate gives rgb2, msc1, s3d)"
exp129-chain-0085-hard,5,power_check,"ROUND 5 - TASK (power_check)
For the accession identified in round 2, at the dose identified in round 1: is
that cell replicated well enough to carry a genotype-level claim, and on how
many plants does that verdict rest?

RULES
1. The count that matters is plants remaining after exclusions, not
   the raw count in the store.
2. The floor depends on the claim level and is set by this study's
   replication plan; do not assume a value.
3. Report the verdict and the count behind it.

TOOL OUTPUTS

>>> qc_lookup(table=""fc1_values"", select=[""genotype"", ""n_plants_excluded""], where=""flag IN ('empty_mask', 'sentinel')"")
    plants excluded per cell, one column per treatment.
    genotype  t20  t40  t60  t80
    --------  ---  ---  ---  ---
    62        4    4    3    3
    Ecl11     1    1    2    4
    NIL 159   2    0    3    2
    RIL 322   2    4    2    2

>>> design_lookup(aspect=""replication_plan"")
    minimum usable plants per claim level in this study.
    claim_level     min_usable_plants
    --------------  -----------------
    genotype-level  6
    panel-level     24

>>> db_lookup(table=""fc1_values"", select=[""genotype"", ""n_plants""], group_by=[""genotype"", ""treatment""])
    plants recorded per accession, one column per treatment.
    genotype  t20  t40  t60  t80
    --------  ---  ---  ---  ---
    62        52   12   27   25
    Ecl11     40   34   15   20
    NIL 159   23   36   13   45
    RIL 322   6    12   7    49

OUTPUT FORMAT
Reply with exactly one line and nothing else:
ANSWER: <WELL_REPLICATED or UNDERPOWERED>; <usable plants>
","(qc_lookup[107:203],design_lookup[203:265],db_lookup[265:357])",WELL_REPLICATED; 8,"(depends on: round 2 answer 62 and round 1 answer 40; the store holds 12 plants for that cell, qc_lookup removes 4, and the floor is 6 -> WELL_REPLICATED; 8; ablations: skipping the exclusions gives WELL_REPLICATED; 12; assuming the conventional floor of 10 gives UNDERPOWERED; 8)"
exp129-chain-0085-hard,6,variance_regime,"ROUND 6 - TASK (variance_regime)
Name the cell -- accession and dose -- at which the accession identified in
round 2 first shows round-to-round variance of Fv/Fm_Lss exceeding its
within-round variance.

RULES
1. The two variances come from separate queries; compare them cell by
   cell.
2. A cell built on fewer than 3 imaging rounds is not
   comparable and must be skipped, however its numbers look.
3. Report the first qualifying dose reading left to right, not the
   largest gap, and name the accession alongside it.

TOOL OUTPUTS

>>> qc_lookup(table=""fc1_values"", select=[""genotype"", ""n_rounds""], where=""trait='Fv/Fm_Lss'"")
    imaging rounds behind each cell, one column per treatment.
    genotype  t0  t20  t40  t80  t160  t320
    --------  --  ---  ---  ---  ----  ----
    62        8   1    8    4    4     6
    Ecl11     6   8    6    7    6     6
    NIL 159   8   6    8    4    4     4
    RIL 322   7   4    5    7    7     6

>>> db_lookup(table=""fc1_values"", select=[""genotype"", ""within_round""], where=""trait='Fv/Fm_Lss'"", group_by=[""genotype"", ""treatment""])
    within-round variance, one column per treatment.
    genotype  t0     t20    t40    t80    t160   t320
    --------  -----  -----  -----  -----  -----  -----
    62        0.033  0.015  0.015  0.036  0.035  0.067
    Ecl11     0.027  0.050  0.069  0.042  0.043  0.066
    NIL 159   0.024  0.058  0.019  0.027  0.041  0.047
    RIL 322   0.038  0.046  0.052  0.080  0.047  0.069

>>> db_lookup(table=""fc1_values"", select=[""genotype"", ""round_to_round""], where=""trait='Fv/Fm_Lss'"", group_by=[""genotype"", ""treatment""])
    round-to-round variance, one column per treatment.
    genotype  t0     t20    t40    t80    t160   t320
    --------  -----  -----  -----  -----  -----  -----
    62        0.015  0.027  0.039  0.050  0.061  0.077
    Ecl11     0.016  0.028  0.039  0.051  0.063  0.073
    NIL 159   0.014  0.029  0.041  0.052  0.061  0.074
    RIL 322   0.015  0.025  0.038  0.051  0.064  0.076

OUTPUT FORMAT
Reply with exactly one line and nothing else:
ANSWER: <accession>@<dose>
","(qc_lookup[111:221],db_lookup[221:401],db_lookup[401:583])",62@40,"(depends on: round 2 answer 62; comparing the two variance tables cell by cell, 62 first crosses at t20, but that cell rests on 1 imaging round, under the 3 needed, so the first comparable crossing is t40 -> 62@40; ablations: taking the largest round-to-round value without the within-round table gives 62@320; ignoring the round counts gives 62@20)"
exp129-chain-0085-hard,7,literature_audit,"ROUND 7 - TASK (literature_audit)
Three published claims are on file. Judge the one that concerns this
experiment's species against the accession identified in round 2, and say
which source you judged.

RULES
1. Exactly one source concerns the species under study here; the others
   are about different species and are not yours to judge.
2. OUT_OF_SCOPE if the source's studied dose range does not overlap
   this experiment's series: the claim cannot be tested here.
3. Otherwise SUPPORTED if the claimed peak matches that accession's own
   measured peak, CONTRADICTED if it does not.
4. Report the verdict and the source.

TOOL OUTPUTS

>>> literature_lookup(species=""Arabidopsis thaliana"", property=""hormesis"")
    published peak-dose claims, with the dose range each study covered (mg kg-1).
    source             species               property  claimed_peak  range_studied
    -----------------  --------------------  --------  ------------  -------------
    lit:Baumann2016    Thlaspi arvense       hormesis  160           0-320
    lit:Nakagawa2015   Brassica napus        hormesis  160           0-320
    lit:Lindqvist2020  Arabidopsis thaliana  hormesis  20            0-320

>>> design_lookup(aspect=""dose_series"")
    the design levels of this experiment, in order.
    level  treatment
    -----  ---------
    1      0
    2      20
    3      40
    4      80
    5      160
    6      320

>>> db_lookup(table=""fc1_values"", select=[""genotype"", ""peak_treatment""], where=""trait='Fv/Fm_Lss'"", group_by=[""genotype""])
    the treatment at which each accession's own Fv/Fm_Lss is highest.
    genotype  peak_treatment
    --------  --------------
    62        20
    Ecl11     320
    NIL 159   80
    RIL 322   40

OUTPUT FORMAT
Reply with exactly one line and nothing else:
ANSWER: <SUPPORTED, CONTRADICTED or OUT_OF_SCOPE>; <source id>
","(literature_lookup[126:269],design_lookup[269:318],db_lookup[318:410])",SUPPORTED; lit:Lindqvist2020,"(depends on: round 2 answer 62; only lit:Lindqvist2020 concerns Arabidopsis thaliana; it claims a peak at 20 mg kg-1 over 0-320, against a series topping out at 320 and a measured peak of 20 for that accession -> SUPPORTED; lit:Lindqvist2020; ablations: judging a source about another species gives CONTRADICTED; lit:Baumann2016; skipping the scope check gives SUPPORTED; lit:Lindqvist2020)"
exp101-chain-0086-hard,1,dose_response_shape,"SESSION
You are analysing experiment 101 at the Weston phenotyping facility: a copper (Cu)
dose series on 6 Arabidopsis thaliana (arabidopsis) accessions at 0, 20, 40, 80,
160 and 320 mg kg-1, imaged over 28 days in six modalities.

This is a 6-round investigation. Each round gives you the results of the tool
calls it needs, already run; how many there are varies by round. Later rounds
build on what you established earlier and will not repeat it, so keep your own
answers.

TOOLS (results are inlined; you cannot issue new calls)
  db_lookup(table=, select=, where=, group_by=)   the measurement store
  schema_lookup(trait=)                           which modality records a trait, and in what unit
  qc_lookup(table=, select=, where=)              flags, exclusions, usable counts
  design_lookup(aspect=)                          the protocol: dose series, accession panel,
                                                  imaging rounds, replication plan
  literature_lookup(species=, property=)          published claims
  embedding_lookup(space=, query=, k=)            nearest accessions by profile similarity

TERMS
  treatment        the copper dose, in mg kg-1
  genotype         the accession label
  Fv/Fm_Lss        photosystem-II efficiency, from the fc1 modality
  area_mm2         leaf area
  n_plants         distinct plants behind a cell
  round_to_round   variance of an accession's per-round means
  within_round     variance between plants inside one imaging round

ROUND 1 - TASK (dose_response_shape)
At which copper dose does mean Fv/Fm_Lss peak across the panel?

RULES
1. Two rows in the store carry a similar trait name. Only the
   plant-level trait is the panel measurement; the dictionary says
   which that is.
2. A treatment cell must clear the usable-plant floor in the quality
   gate before it can be called a peak.
3. Judge the curve as a whole, not a single cell.

TOOL OUTPUTS

>>> qc_lookup(table=""fc1_values"", select=[""treatment"", ""n_plants_usable""], where=""trait='Fv/Fm_Lss'"")
    plants surviving QC per treatment; the floor for a panel claim is 15.
    treatment  n_plants_usable
    ---------  ---------------
    0          49
    20         51
    40         49
    80         49
    160        51
    320        6

>>> schema_lookup(trait=""Fv/Fm_Lss"")
    trait dictionary: where the trait lives and at what entity level.
    trait          modality  table       unit  entity_level
    -------------  --------  ----------  ----  ------------
    Fv/Fm_Lss      fc1       fc1_values  a.u.  plant
    avg_Fv/Fm_Lss  fc1       fc1_values  a.u.  region

>>> db_lookup(table=""fc1_values"", select=[""trait"", ""mean_value""], where=""experiment_id=101"", group_by=[""trait"", ""treatment""])
    mean value by trait, one column per treatment (mg kg-1).
    trait          t0     t20    t40    t80    t160   t320
    -------------  -----  -----  -----  -----  -----  -----
    Fv/Fm_Lss      0.481  0.481  0.505  0.518  0.489  0.540
    avg_Fv/Fm_Lss  0.428  0.455  0.570  0.431  0.460  0.425

OUTPUT FORMAT
Reply with exactly one line and nothing else:
ANSWER: <dose in mg kg-1, digits only>
","(qc_lookup[358:446],schema_lookup[446:544],db_lookup[544:695])",80,(depends on: -; the plant-level Fv/Fm_Lss row peaks at 0.518 on t80 -> 80; ablations: reading the alias row gives 40; ignoring the quality gate gives 320 on 6 plants)
exp101-chain-0086-hard,2,transition_sensitivity,"ROUND 2 - TASK (transition_sensitivity)
Starting from the copper dose you identified in round 1, which accession
loses the most Fv/Fm_Lss when the dose is raised to the next level of the
design series?

RULES
1. The store also holds a pilot dose that is not a level of the
   design series. The next level is the next one in the design
   table, which need not be the next column.
2. Only accessions in the core panel can be ranked; observational
   ones are carried for reference.
3. Compare each accession against itself across the two doses.

TOOL OUTPUTS

>>> db_lookup(table=""fc1_values"", select=[""genotype"", ""mean_value""], where=""trait='Fv/Fm_Lss'"", group_by=[""genotype"", ""treatment""])
    mean Fv/Fm_Lss by accession, one column per treatment in the store.
    genotype  t0     t80    t120   t160
    --------  -----  -----  -----  -----
    RIL 435   0.547  0.540  0.504  0.195
    84        0.536  0.520  0.509  0.484
    91        0.532  0.499  0.342  0.324
    RIL 331   0.525  0.503  0.460  0.261
    Esp40     0.552  0.530  0.491  0.467

>>> design_lookup(aspect=""dose_series"")
    the design levels, in order. Doses absent here are pilot cells.
    level  treatment
    -----  ---------
    1      0
    2      20
    3      40
    4      80
    5      160
    6      320

>>> design_lookup(aspect=""accession_panel"")
    panel membership for this experiment.
    genotype  panel_role
    --------  -------------
    RIL 435   observational
    84        core
    91        core
    RIL 331   core
    Esp40     core

OUTPUT FORMAT
Reply with exactly one line and nothing else:
ANSWER: <accession label exactly as it appears in the table>
","(db_lookup[113:275],design_lookup[275:328],design_lookup[328:380])",RIL 331,"(depends on: round 1 answer 80; the step is t80->t160, not the adjacent column t120 which is a pilot cell; per-accession drop RIL 331:+0.242  91:+0.175  Esp40:+0.063  84:+0.036 -> RIL 331; ablations: stepping to the next column instead of the next design level gives 91; ranking without the panel table gives RIL 435, which is observational)"
exp101-chain-0086-hard,3,cross_modality_peak,"ROUND 3 - TASK (cross_modality_peak)
For the accession identified in round 2: at which dose does its leaf area
(area_mm2) peak, and does that dose agree with where Fv/Fm_Lss peaked
in round 1?

RULES
1. More than one modality reports this trait. Use the one the
   dictionary marks primary; the other is a derived estimate.
2. A cell flagged empty_mask carries no usable area and cannot be
   the peak. low_mask_coverage is on nearly every row and is not a
   reason to discard.
3. The verdict is AGREES when the area peak falls on the dose from
   round 1, and DISAGREES otherwise. Report both parts.

TOOL OUTPUTS

>>> schema_lookup(trait=""area_mm2"")
    modalities reporting this trait.
    trait     modality  modality_role       unit  trait_role
    --------  --------  ------------------  ----  ----------
    area_mm2  rgb2      top-view RGB        mm2   primary
    area_mm2  vnir      VNIR hyperspectral  mm2   derived

>>> qc_lookup(table=""rgb2_features"", select=[""genotype"", ""treatment"", ""flag""], where=""flag='empty_mask'"")
    cells voided by empty_mask.
    genotype  treatment  flag
    --------  ---------  ----------
    RIL 331   80         empty_mask
    RIL 435   40         empty_mask

>>> db_lookup(table=""features"", select=[""modality"", ""genotype"", ""mean_area_mm2""], where=""trait='area_mm2'"", group_by=[""modality"", ""genotype"", ""treatment""])
    mean area_mm2 by modality and accession, one column per treatment.
    modality  genotype  t0     t20    t40    t80
    --------  --------  -----  -----  -----  -----
    rgb2      RIL 331   9.36   11.19  19.70  24.20
    rgb2      RIL 435   12.34  13.08  15.95  24.77
    rgb2      84        24.74  15.84  13.89  11.52
    rgb2      91        15.73  24.97  15.65  13.51
    vnir      RIL 331   14.89  7.40   6.57   4.39
    vnir      RIL 435   9.99   11.19  18.44  11.23
    vnir      84        10.25  11.08  18.42  11.31
    vnir      91        10.01  10.92  18.58  10.82

OUTPUT FORMAT
Reply with exactly one line and nothing else:
ANSWER: <dose in mg kg-1, digits only>; <AGREES or DISAGREES>
","(schema_lookup[126:209],qc_lookup[209:289],db_lookup[289:512])",40; DISAGREES,(depends on: round 2 answer RIL 331 and round 1 answer 80; on the rgb2 row for RIL 331 the largest usable cell is t40 -> 40; DISAGREES; ablations: reading the vnir rows gives 0; DISAGREES; ignoring empty_mask gives 80; AGREES)
exp101-chain-0086-hard,4,modality_coverage,"ROUND 4 - TASK (modality_coverage)
For the accession identified in round 2: which modalities hold usable feature
rows for it in this experiment?

RULES
1. A modality never scheduled for this experiment does not count,
   even if rows for it exist: those were carried over.
2. A modality whose rows are all flagged holds nothing usable.
3. List the modalities in the column order of the store table.

TOOL OUTPUTS

>>> db_lookup(table=""features"", select=[""genotype"", ""modality"", ""n_rows""], group_by=[""genotype"", ""modality""])
    feature rows per accession, one column per modality.
    genotype  fc1  rgb2  msc1  vnir  swir  s3d
    --------  ---  ----  ----  ----  ----  ---
    RIL 331   46   65    59    27    0     27
    RIL 435   0    61    56    27    28    0
    84        0    62    59    0     25    0
    91        0    60    63    0     41    0

>>> design_lookup(aspect=""imaging_rounds"")
    imaging rounds scheduled per modality for this experiment.
    modality  records                   rounds_scheduled
    --------  ------------------------  ----------------
    fc1       chlorophyll fluorescence  40
    rgb2      top-view RGB              39
    msc1      multispectral             27
    vnir      VNIR hyperspectral        38
    swir      SWIR hyperspectral        28
    s3d       3-D structural scan       0

>>> qc_lookup(table=""features"", select=[""genotype"", ""modality"", ""n_usable""], group_by=[""genotype"", ""modality""])
    rows surviving QC, one column per modality.
    genotype  fc1  rgb2  msc1  vnir  swir  s3d
    --------  ---  ----  ----  ----  ----  ---
    RIL 331   46   64    58    0     0     26
    RIL 435   0    59    54    24    27    0
    84        0    60    56    0     23    0
    91        0    58    61    0     38    0

OUTPUT FORMAT
Reply with exactly one line and nothing else:
ANSWER: <modalities, comma separated, in table column order>
","(db_lookup[82:198],design_lookup[198:297],qc_lookup[297:412])","fc1, rgb2, msc1","(depends on: round 2 answer RIL 331; that row is non-zero for fc1, rgb2, msc1, vnir, s3d, but s3d was never scheduled and vnir has nothing left after QC -> fc1, rgb2, msc1; ablations: ignoring the schedule gives fc1, rgb2, msc1, s3d; ignoring the quality gate gives fc1, rgb2, msc1, vnir)"
exp101-chain-0086-hard,5,analogue_search,"ROUND 5 - TASK (analogue_search)
For the accession identified in round 2: which accession is its nearest
analogue by Fv/Fm_Lss dose-response profile, and does that analogue's own
peak fall on the dose you identified in round 1?

RULES
1. Take the nearest neighbour that is eligible: observational
   accessions cannot be analogues.
2. Neighbours are listed in descending similarity.
3. Report the analogue, then MATCHES if its own peak is the dose from
   round 1 and DIVERGES if it is not.

TOOL OUTPUTS

>>> db_lookup(table=""fc1_values"", select=[""genotype"", ""peak_treatment""], where=""trait='Fv/Fm_Lss'"", group_by=[""genotype""])
    the treatment at which each accession's own Fv/Fm_Lss is highest.
    genotype  peak_treatment
    --------  --------------
    RIL 331   0
    RIL 435   80
    84        0
    91        80

>>> design_lookup(aspect=""accession_panel"")
    panel membership for this experiment.
    genotype  panel_role
    --------  -------------
    RIL 331   core
    RIL 435   observational
    84        core
    91        core

>>> embedding_lookup(space=""dose_response_profile"", query=""panel"", k=3)
    nearest accessions by Fv/Fm_Lss profile, for every panel member.
    genotype  neighbour_1      neighbour_2      neighbour_3
    --------  ---------------  ---------------  ---------------
    RIL 331   RIL 435 (0.950)  91 (0.893)       84 (0.830)
    RIL 435   91 (0.916)       84 (0.835)       RIL 331 (0.682)
    84        RIL 331 (0.958)  RIL 435 (0.845)  91 (0.661)
    91        RIL 435 (0.866)  RIL 331 (0.831)  84 (0.619)

OUTPUT FORMAT
Reply with exactly one line and nothing else:
ANSWER: <accession label>; <MATCHES or DIVERGES>
","(db_lookup[101:193],design_lookup[193:243],embedding_lookup[243:418])",91; MATCHES,"(depends on: round 2 answer RIL 331 and round 1 answer 80; the nearest eligible analogue is 91, whose own peak is t80 -> 91; MATCHES; ablations: taking the nearest neighbour regardless of panel role gives RIL 435; MATCHES)"
exp101-chain-0086-hard,6,variance_regime,"ROUND 6 - TASK (variance_regime)
Name the cell -- accession and dose -- at which the accession identified in
round 2 first shows round-to-round variance of Fv/Fm_Lss exceeding its
within-round variance.

RULES
1. The two variances come from separate queries; compare them cell by
   cell.
2. A cell built on fewer than 3 imaging rounds is not
   comparable and must be skipped, however its numbers look.
3. Report the first qualifying dose reading left to right, not the
   largest gap, and name the accession alongside it.

TOOL OUTPUTS

>>> db_lookup(table=""fc1_values"", select=[""genotype"", ""round_to_round""], where=""trait='Fv/Fm_Lss'"", group_by=[""genotype"", ""treatment""])
    round-to-round variance, one column per treatment.
    genotype  t0     t20    t40    t80    t160   t320
    --------  -----  -----  -----  -----  -----  -----
    RIL 331   0.016  0.027  0.038  0.051  0.065  0.076
    RIL 435   0.016  0.029  0.039  0.051  0.062  0.075
    84        0.016  0.029  0.040  0.052  0.062  0.075
    91        0.015  0.028  0.037  0.050  0.062  0.075

>>> qc_lookup(table=""fc1_values"", select=[""genotype"", ""n_rounds""], where=""trait='Fv/Fm_Lss'"")
    imaging rounds behind each cell, one column per treatment.
    genotype  t0  t20  t40  t80  t160  t320
    --------  --  ---  ---  ---  ----  ----
    RIL 331   5   2    7    5    6     5
    RIL 435   6   7    8    4    9     7
    84        8   5    6    9    4     5
    91        9   6    9    6    8     4

>>> db_lookup(table=""fc1_values"", select=[""genotype"", ""within_round""], where=""trait='Fv/Fm_Lss'"", group_by=[""genotype"", ""treatment""])
    within-round variance, one column per treatment.
    genotype  t0     t20    t40    t80    t160   t320
    --------  -----  -----  -----  -----  -----  -----
    RIL 331   0.029  0.004  0.010  0.034  0.040  0.067
    RIL 435   0.040  0.059  0.062  0.074  0.044  0.048
    84        0.043  0.059  0.011  0.034  0.038  0.061
    91        0.035  0.040  0.050  0.024  0.052  0.049

OUTPUT FORMAT
Reply with exactly one line and nothing else:
ANSWER: <accession>@<dose>
","(db_lookup[111:293],qc_lookup[293:403],db_lookup[403:583])",RIL 331@40,"(depends on: round 2 answer RIL 331; comparing the two variance tables cell by cell, RIL 331 first crosses at t20, but that cell rests on 2 imaging rounds, under the 3 needed, so the first comparable crossing is t40 -> RIL 331@40; ablations: taking the largest round-to-round value without the within-round table gives RIL 331@320; ignoring the round counts gives RIL 331@20)"
exp30-chain-0087-low,1,dose_response_shape,"SESSION
You are analysing experiment 30 at the Weston phenotyping facility: a copper (Cu)
dose series on 6 Thlaspi arvense (pennycress) accessions at 0, 25, 50, 100, 250
and 500 mg kg-1, imaged over 28 days in six modalities.

This is a 3-round investigation. Each round gives you the results of the tool
calls it needs, already run; how many there are varies by round. Later rounds
build on what you established earlier and will not repeat it, so keep your own
answers.

TOOLS (results are inlined; you cannot issue new calls)
  db_lookup(table=, select=, where=, group_by=)   the measurement store
  schema_lookup(trait=)                           which modality records a trait, and in what unit
  qc_lookup(table=, select=, where=)              flags, exclusions, usable counts
  design_lookup(aspect=)                          the protocol: dose series, accession panel,
                                                  imaging rounds, replication plan
  literature_lookup(species=, property=)          published claims
  embedding_lookup(space=, query=, k=)            nearest accessions by profile similarity

TERMS
  treatment        the copper dose, in mg kg-1
  genotype         the accession label
  Fv/Fm_Lss        photosystem-II efficiency, from the fc1 modality
  area_mm2         leaf area
  n_plants         distinct plants behind a cell
  round_to_round   variance of an accession's per-round means
  within_round     variance between plants inside one imaging round

ROUND 1 - TASK (dose_response_shape)
At which copper dose does mean Fv/Fm_Lss peak across the panel?

RULES
1. Judge the curve as a whole, not a single cell.

TOOL OUTPUTS

>>> db_lookup(table=""fc1_values"", select=[""trait"", ""mean_value""], where=""experiment_id=30"", group_by=[""trait"", ""treatment""])
    mean value by trait, one column per treatment (mg kg-1).
    trait      t0     t25    t50    t100   t250   t500
    ---------  -----  -----  -----  -----  -----  -----
    Fv/Fm_Lss  0.497  0.512  0.534  0.494  0.476  0.440

OUTPUT FORMAT
Reply with exactly one line and nothing else:
ANSWER: <dose in mg kg-1, digits only>
",(db_lookup[303:429]),50,(depends on: -; the plant-level Fv/Fm_Lss row peaks at 0.534 on t50 -> 50; no complications at this tier)
exp30-chain-0087-low,2,transition_sensitivity,"ROUND 2 - TASK (transition_sensitivity)
Starting from the copper dose you identified in round 1, which accession
loses the most Fv/Fm_Lss when the dose is raised to the next level of the
design series?

RULES
1. Only accessions in the core panel can be ranked; observational
   ones are carried for reference.
2. Compare each accession against itself across the two doses.

TOOL OUTPUTS

>>> db_lookup(table=""fc1_values"", select=[""genotype"", ""mean_value""], where=""trait='Fv/Fm_Lss'"", group_by=[""genotype"", ""treatment""])
    mean Fv/Fm_Lss by accession, one column per treatment in the store.
    genotype   t0     t50    t100   t500
    ---------  -----  -----  -----  -----
    MAGIC 202  0.526  0.483  0.166  0.133
    92         0.526  0.500  0.287  0.269
    ISU 369    0.529  0.508  0.474  0.436
    82         0.521  0.505  0.493  0.470
    Ecl47      0.557  0.515  0.478  0.452

>>> design_lookup(aspect=""accession_panel"")
    panel membership for this experiment.
    genotype   panel_role
    ---------  -------------
    MAGIC 202  observational
    92         core
    ISU 369    core
    82         core
    Ecl47      core

OUTPUT FORMAT
Reply with exactly one line and nothing else:
ANSWER: <accession label exactly as it appears in the table>
","(db_lookup[74:237],design_lookup[237:290])",92,"(depends on: round 1 answer 50; the step is t50->t100; per-accession drop 92:+0.213  Ecl47:+0.037  ISU 369:+0.034  82:+0.012 -> 92; ablations: ranking without the panel table gives MAGIC 202, which is observational)"
exp30-chain-0087-low,3,cross_modality_peak,"ROUND 3 - TASK (cross_modality_peak)
For the accession identified in round 2: at which dose does its leaf area
(area_mm2) peak, and does that dose agree with where Fv/Fm_Lss peaked
in round 1?

RULES
1. A cell flagged empty_mask carries no usable area and cannot be
   the peak. low_mask_coverage is on nearly every row and is not a
   reason to discard.
2. The verdict is AGREES when the area peak falls on the dose from
   round 1, and DISAGREES otherwise. Report both parts.

TOOL OUTPUTS

>>> qc_lookup(table=""rgb2_features"", select=[""genotype"", ""treatment"", ""flag""], where=""flag='empty_mask'"")
    cells voided by empty_mask.
    genotype   treatment  flag
    ---------  ---------  ----------
    92         50         empty_mask
    MAGIC 202  250        empty_mask

>>> db_lookup(table=""features"", select=[""modality"", ""genotype"", ""mean_area_mm2""], where=""trait='area_mm2'"", group_by=[""modality"", ""genotype"", ""treatment""])
    mean area_mm2 by modality and accession, one column per treatment.
    modality  genotype   t25    t50    t250
    --------  ---------  -----  -----  -----
    rgb2      92         14.04  28.60  24.10
    rgb2      MAGIC 202  11.36  19.91  11.33
    rgb2      ISU 369    19.90  11.03  8.38
    rgb2      82         14.76  24.05  15.55

OUTPUT FORMAT
Reply with exactly one line and nothing else:
ANSWER: <dose in mg kg-1, digits only>; <AGREES or DISAGREES>
","(qc_lookup[101:181],db_lookup[181:329])",250; DISAGREES,(depends on: round 2 answer 92 and round 1 answer 50; on the rgb2 row for 92 the largest usable cell is t250 -> 250; DISAGREES; ablations: ignoring empty_mask gives 50; AGREES)
exp183-chain-0088-hard,1,dose_response_shape,"SESSION
You are analysing experiment 183 at the Weston phenotyping facility: a cobalt (Co)
dose series on 6 Arabidopsis thaliana (arabidopsis) accessions at 0, 10, 50, 100,
500 and 1000 mg kg-1, imaged over 28 days in six modalities.

This is a 7-round investigation. Each round gives you the results of the tool
calls it needs, already run; how many there are varies by round. Later rounds
build on what you established earlier and will not repeat it, so keep your own
answers.

TOOLS (results are inlined; you cannot issue new calls)
  db_lookup(table=, select=, where=, group_by=)   the measurement store
  schema_lookup(trait=)                           which modality records a trait, and in what unit
  qc_lookup(table=, select=, where=)              flags, exclusions, usable counts
  design_lookup(aspect=)                          the protocol: dose series, accession panel,
                                                  imaging rounds, replication plan
  literature_lookup(species=, property=)          published claims
  embedding_lookup(space=, query=, k=)            nearest accessions by profile similarity

TERMS
  treatment        the cobalt dose, in mg kg-1
  genotype         the accession label
  Fv/Fm_Lss        photosystem-II efficiency, from the fc1 modality
  area_mm2         leaf area
  n_plants         distinct plants behind a cell
  round_to_round   variance of an accession's per-round means
  within_round     variance between plants inside one imaging round

ROUND 1 - TASK (dose_response_shape)
At which cobalt dose does mean Fv/Fm_Lss peak across the panel?

RULES
1. Two rows in the store carry a similar trait name. Only the
   plant-level trait is the panel measurement; the dictionary says
   which that is.
2. A treatment cell must clear the usable-plant floor in the quality
   gate before it can be called a peak.
3. Judge the curve as a whole, not a single cell.

TOOL OUTPUTS

>>> schema_lookup(trait=""Fv/Fm_Lss"")
    trait dictionary: where the trait lives and at what entity level.
    trait          modality  table       unit  entity_level
    -------------  --------  ----------  ----  ------------
    Fv/Fm_Lss      fc1       fc1_values  a.u.  plant
    avg_Fv/Fm_Lss  fc1       fc1_values  a.u.  region

>>> db_lookup(table=""fc1_values"", select=[""trait"", ""mean_value""], where=""experiment_id=183"", group_by=[""trait"", ""treatment""])
    mean value by trait, one column per treatment (mg kg-1).
    trait          t0     t10    t50    t100   t500   t1000
    -------------  -----  -----  -----  -----  -----  -----
    Fv/Fm_Lss      0.509  0.511  0.530  0.494  0.546  0.440
    avg_Fv/Fm_Lss  0.576  0.398  0.440  0.384  0.399  0.450

>>> qc_lookup(table=""fc1_values"", select=[""treatment"", ""n_plants_usable""], where=""trait='Fv/Fm_Lss'"")
    plants surviving QC per treatment; the floor for a panel claim is 10.
    treatment  n_plants_usable
    ---------  ---------------
    0          53
    10         52
    50         48
    100        51
    500        6
    1000       59

OUTPUT FORMAT
Reply with exactly one line and nothing else:
ANSWER: <dose in mg kg-1, digits only>
","(schema_lookup[358:456],db_lookup[456:607],qc_lookup[607:695])",50,(depends on: -; the plant-level Fv/Fm_Lss row peaks at 0.530 on t50 -> 50; ablations: reading the alias row gives 0; ignoring the quality gate gives 500 on 6 plants)
exp183-chain-0088-hard,2,transition_sensitivity,"ROUND 2 - TASK (transition_sensitivity)
Starting from the cobalt dose you identified in round 1, which accession
loses the most Fv/Fm_Lss when the dose is raised to the next level of the
design series?

RULES
1. The store also holds a pilot dose that is not a level of the
   design series. The next level is the next one in the design
   table, which need not be the next column.
2. Only accessions in the core panel can be ranked; observational
   ones are carried for reference.
3. Compare each accession against itself across the two doses.

TOOL OUTPUTS

>>> design_lookup(aspect=""accession_panel"")
    panel membership for this experiment.
    genotype   panel_role
    ---------  -------------
    NIL 314    core
    Ecm28      observational
    91         core
    MAGIC 420  core
    95         core

>>> db_lookup(table=""fc1_values"", select=[""genotype"", ""mean_value""], where=""trait='Fv/Fm_Lss'"", group_by=[""genotype"", ""treatment""])
    mean Fv/Fm_Lss by accession, one column per treatment in the store.
    genotype   t0     t50    t75    t100
    ---------  -----  -----  -----  -----
    NIL 314    0.549  0.523  0.496  0.453
    Ecm28      0.528  0.490  0.483  0.161
    91         0.549  0.533  0.378  0.364
    MAGIC 420  0.525  0.480  0.430  0.228
    95         0.554  0.540  0.513  0.497

>>> design_lookup(aspect=""dose_series"")
    the design levels, in order. Doses absent here are pilot cells.
    level  treatment
    -----  ---------
    1      0
    2      10
    3      50
    4      100
    5      500
    6      1000

OUTPUT FORMAT
Reply with exactly one line and nothing else:
ANSWER: <accession label exactly as it appears in the table>
","(design_lookup[113:166],db_lookup[166:329],design_lookup[329:382])",MAGIC 420,"(depends on: round 1 answer 50; the step is t50->t100, not the adjacent column t75 which is a pilot cell; per-accession drop MAGIC 420:+0.252  91:+0.169  NIL 314:+0.070  95:+0.043 -> MAGIC 420; ablations: stepping to the next column instead of the next design level gives 91; ranking without the panel table gives Ecm28, which is observational)"
exp183-chain-0088-hard,3,cross_modality_peak,"ROUND 3 - TASK (cross_modality_peak)
For the accession identified in round 2: at which dose does its leaf area
(area_mm2) peak, and does that dose agree with where Fv/Fm_Lss peaked
in round 1?

RULES
1. More than one modality reports this trait. Use the one the
   dictionary marks primary; the other is a derived estimate.
2. A cell flagged empty_mask carries no usable area and cannot be
   the peak. low_mask_coverage is on nearly every row and is not a
   reason to discard.
3. The verdict is AGREES when the area peak falls on the dose from
   round 1, and DISAGREES otherwise. Report both parts.

TOOL OUTPUTS

>>> qc_lookup(table=""rgb2_features"", select=[""genotype"", ""treatment"", ""flag""], where=""flag='empty_mask'"")
    cells voided by empty_mask.
    genotype   treatment  flag
    ---------  ---------  ----------
    MAGIC 420  0          empty_mask
    Ecm28      0          empty_mask

>>> schema_lookup(trait=""area_mm2"")
    modalities reporting this trait.
    trait     modality  modality_role       unit  trait_role
    --------  --------  ------------------  ----  ----------
    area_mm2  rgb2      top-view RGB        mm2   primary
    area_mm2  swir      SWIR hyperspectral  mm2   derived

>>> design_lookup(aspect=""imaging_rounds"")
    imaging rounds scheduled per modality.
    modality  records                   rounds_scheduled
    --------  ------------------------  ----------------
    fc1       chlorophyll fluorescence  27
    rgb2      top-view RGB              51
    msc1      multispectral             59
    vnir      VNIR hyperspectral        61

>>> db_lookup(table=""features"", select=[""modality"", ""genotype"", ""mean_area_mm2""], where=""trait='area_mm2'"", group_by=[""modality"", ""genotype"", ""treatment""])
    mean area_mm2 by modality and accession, one column per treatment.
    modality  genotype   t0     t10    t50    t1000
    --------  ---------  -----  -----  -----  -----
    rgb2      MAGIC 420  23.66  19.16  10.56  7.47
    rgb2      Ecm28      11.12  13.48  16.05  24.55
    rgb2      95         18.15  9.25   7.92   6.21
    rgb2      91         12.53  14.51  23.59  14.48
    swir      MAGIC 420  14.51  7.36   6.10   3.52
    swir      Ecm28      10.14  11.08  18.28  11.05
    swir      95         4.68   5.49   6.37   13.81
    swir      91         17.61  10.02  9.04   6.49

OUTPUT FORMAT
Reply with exactly one line and nothing else:
ANSWER: <dose in mg kg-1, digits only>; <AGREES or DISAGREES>
","(qc_lookup[126:206],schema_lookup[206:289],design_lookup[289:374],db_lookup[374:596])",10; DISAGREES,(depends on: round 2 answer MAGIC 420 and round 1 answer 50; on the rgb2 row for MAGIC 420 the largest usable cell is t10 -> 10; DISAGREES; ablations: reading the swir rows gives 0; DISAGREES; ignoring empty_mask gives 0; DISAGREES)
exp183-chain-0088-hard,4,modality_coverage,"ROUND 4 - TASK (modality_coverage)
For the accession identified in round 2: which modalities hold usable feature
rows for it in this experiment?

RULES
1. A modality never scheduled for this experiment does not count,
   even if rows for it exist: those were carried over.
2. A modality whose rows are all flagged holds nothing usable.
3. List the modalities in the column order of the store table.

TOOL OUTPUTS

>>> db_lookup(table=""features"", select=[""genotype"", ""modality"", ""n_rows""], group_by=[""genotype"", ""modality""])
    feature rows per accession, one column per modality.
    genotype   fc1  rgb2  msc1  vnir  swir  s3d
    ---------  ---  ----  ----  ----  ----  ---
    MAGIC 420  30   64    66    32    0     37
    Ecm28      36   56    56    0     41    0
    95         16   63    55    0     31    0
    91         40   63    62    0     0     24

>>> design_lookup(aspect=""imaging_rounds"")
    imaging rounds scheduled per modality for this experiment.
    modality  records                   rounds_scheduled
    --------  ------------------------  ----------------
    fc1       chlorophyll fluorescence  25
    rgb2      top-view RGB              62
    msc1      multispectral             23
    vnir      VNIR hyperspectral        0
    swir      SWIR hyperspectral        36
    s3d       3-D structural scan       32

>>> qc_lookup(table=""features"", select=[""genotype"", ""modality"", ""n_usable""], group_by=[""genotype"", ""modality""])
    rows surviving QC, one column per modality.
    genotype   fc1  rgb2  msc1  vnir  swir  s3d
    ---------  ---  ----  ----  ----  ----  ---
    MAGIC 420  29   61    66    30    0     0
    Ecm28      35   56    53    0     41    0
    95         14   61    53    0     31    0
    91         40   61    61    0     0     22

OUTPUT FORMAT
Reply with exactly one line and nothing else:
ANSWER: <modalities, comma separated, in table column order>
","(db_lookup[82:198],design_lookup[198:297],qc_lookup[297:412])","fc1, rgb2, msc1","(depends on: round 2 answer MAGIC 420; that row is non-zero for fc1, rgb2, msc1, vnir, s3d, but vnir was never scheduled and s3d has nothing left after QC -> fc1, rgb2, msc1; ablations: ignoring the schedule gives fc1, rgb2, msc1, vnir; ignoring the quality gate gives fc1, rgb2, msc1, s3d)"
exp183-chain-0088-hard,5,power_check,"ROUND 5 - TASK (power_check)
For the accession identified in round 2, at the dose identified in round 1: is
that cell replicated well enough to carry a genotype-level claim, and on how
many plants does that verdict rest?

RULES
1. The count that matters is plants remaining after exclusions, not
   the raw count in the store.
2. The floor depends on the claim level and is set by this study's
   replication plan; do not assume a value.
3. Report the verdict and the count behind it.

TOOL OUTPUTS

>>> qc_lookup(table=""fc1_values"", select=[""genotype"", ""n_plants_excluded""], where=""flag IN ('empty_mask', 'sentinel')"")
    plants excluded per cell, one column per treatment.
    genotype   t0  t50  t75  t100
    ---------  --  ---  ---  ----
    MAGIC 420  1   3    2    1
    Ecm28      0   2    0    1
    95         3   1    1    1
    91         1   4    1    0

>>> design_lookup(aspect=""replication_plan"")
    minimum usable plants per claim level in this study.
    claim_level     min_usable_plants
    --------------  -----------------
    genotype-level  7
    panel-level     20

>>> db_lookup(table=""fc1_values"", select=[""genotype"", ""n_plants""], group_by=[""genotype"", ""treatment""])
    plants recorded per accession, one column per treatment.
    genotype   t0  t50  t75  t100
    ---------  --  ---  ---  ----
    MAGIC 420  16  12   11   28
    Ecm28      52  20   59   50
    95         42  31   35   34
    91         41  38   23   8

OUTPUT FORMAT
Reply with exactly one line and nothing else:
ANSWER: <WELL_REPLICATED or UNDERPOWERED>; <usable plants>
","(qc_lookup[107:203],design_lookup[203:265],db_lookup[265:357])",WELL_REPLICATED; 9,"(depends on: round 2 answer MAGIC 420 and round 1 answer 50; the store holds 12 plants for that cell, qc_lookup removes 3, and the floor is 7 -> WELL_REPLICATED; 9; ablations: skipping the exclusions gives WELL_REPLICATED; 12; assuming the conventional floor of 10 gives UNDERPOWERED; 9)"
exp183-chain-0088-hard,6,variance_regime,"ROUND 6 - TASK (variance_regime)
Name the cell -- accession and dose -- at which the accession identified in
round 2 first shows round-to-round variance of Fv/Fm_Lss exceeding its
within-round variance.

RULES
1. The two variances come from separate queries; compare them cell by
   cell.
2. A cell built on fewer than 3 imaging rounds is not
   comparable and must be skipped, however its numbers look.
3. Report the first qualifying dose reading left to right, not the
   largest gap, and name the accession alongside it.

TOOL OUTPUTS

>>> db_lookup(table=""fc1_values"", select=[""genotype"", ""round_to_round""], where=""trait='Fv/Fm_Lss'"", group_by=[""genotype"", ""treatment""])
    round-to-round variance, one column per treatment.
    genotype   t0     t10    t50    t100   t500   t1000
    ---------  -----  -----  -----  -----  -----  -----
    MAGIC 420  0.015  0.026  0.039  0.052  0.064  0.074
    Ecm28      0.016  0.028  0.041  0.053  0.063  0.074
    95         0.013  0.026  0.037  0.049  0.064  0.075
    91         0.013  0.028  0.037  0.050  0.065  0.074

>>> qc_lookup(table=""fc1_values"", select=[""genotype"", ""n_rounds""], where=""trait='Fv/Fm_Lss'"")
    imaging rounds behind each cell, one column per treatment.
    genotype   t0  t10  t50  t100  t500  t1000
    ---------  --  ---  ---  ----  ----  -----
    MAGIC 420  6   2    7    6     4     8
    Ecm28      5   8    6    7     6     9
    95         8   9    5    8     9     8
    91         8   9    8    8     5     8

>>> db_lookup(table=""fc1_values"", select=[""genotype"", ""within_round""], where=""trait='Fv/Fm_Lss'"", group_by=[""genotype"", ""treatment""])
    within-round variance, one column per treatment.
    genotype   t0     t10    t50    t100   t500   t1000
    ---------  -----  -----  -----  -----  -----  -----
    MAGIC 420  0.029  0.013  0.014  0.034  0.047  0.047
    Ecm28      0.033  0.058  0.057  0.043  0.050  0.055
    95         0.033  0.056  0.061  0.072  0.045  0.046
    91         0.025  0.037  0.029  0.023  0.039  0.060

OUTPUT FORMAT
Reply with exactly one line and nothing else:
ANSWER: <accession>@<dose>
","(db_lookup[111:293],qc_lookup[293:405],db_lookup[405:585])",MAGIC 420@50,"(depends on: round 2 answer MAGIC 420; comparing the two variance tables cell by cell, MAGIC 420 first crosses at t10, but that cell rests on 2 imaging rounds, under the 3 needed, so the first comparable crossing is t50 -> MAGIC 420@50; ablations: taking the largest round-to-round value without the within-round table gives MAGIC 420@1000; ignoring the round counts gives MAGIC 420@10)"
exp183-chain-0088-hard,7,literature_audit,"ROUND 7 - TASK (literature_audit)
Three published claims are on file. Judge the one that concerns this
experiment's species against the accession identified in round 2, and say
which source you judged.

RULES
1. Exactly one source concerns the species under study here; the others
   are about different species and are not yours to judge.
2. OUT_OF_SCOPE if the source's studied dose range does not overlap
   this experiment's series: the claim cannot be tested here.
3. Otherwise SUPPORTED if the claimed peak matches that accession's own
   measured peak, CONTRADICTED if it does not.
4. Report the verdict and the source.

TOOL OUTPUTS

>>> design_lookup(aspect=""dose_series"")
    the design levels of this experiment, in order.
    level  treatment
    -----  ---------
    1      0
    2      10
    3      50
    4      100
    5      500
    6      1000

>>> db_lookup(table=""fc1_values"", select=[""genotype"", ""peak_treatment""], where=""trait='Fv/Fm_Lss'"", group_by=[""genotype""])
    the treatment at which each accession's own Fv/Fm_Lss is highest.
    genotype   peak_treatment
    ---------  --------------
    MAGIC 420  0
    Ecm28      0
    95         10
    91         0

>>> literature_lookup(species=""Arabidopsis thaliana"", property=""hormesis"")
    published peak-dose claims, with the dose range each study covered (mg kg-1).
    source             species               property  claimed_peak  range_studied
    -----------------  --------------------  --------  ------------  -------------
    lit:Lindqvist2024  Arabidopsis thaliana  hormesis  10            0-1000
    lit:Baumann2022    Brassica napus        hormesis  1000          0-1000
    lit:Lindqvist2022  Camelina sativa       hormesis  1000          0-1000

OUTPUT FORMAT
Reply with exactly one line and nothing else:
ANSWER: <SUPPORTED, CONTRADICTED or OUT_OF_SCOPE>; <source id>
","(design_lookup[126:175],db_lookup[175:267],literature_lookup[267:410])",CONTRADICTED; lit:Lindqvist2024,"(depends on: round 2 answer MAGIC 420; only lit:Lindqvist2024 concerns Arabidopsis thaliana; it claims a peak at 10 mg kg-1 over 0-1000, against a series topping out at 1000 and a measured peak of 0 for that accession -> CONTRADICTED; lit:Lindqvist2024; ablations: judging a source about another species gives CONTRADICTED; lit:Baumann2022; skipping the scope check gives CONTRADICTED; lit:Lindqvist2024)"
exp190-chain-0089-medium,1,dose_response_shape,"SESSION
You are analysing experiment 190 at the Hollandale phenotyping facility: a cadmium
(Cd) dose series on 6 Thlaspi arvense (pennycress) accessions at 0, 20, 40, 80,
160 and 320 mg kg-1, imaged over 28 days in six modalities.

This is a 4-round investigation. Each round gives you the results of the tool
calls it needs, already run; how many there are varies by round. Later rounds
build on what you established earlier and will not repeat it, so keep your own
answers.

TOOLS (results are inlined; you cannot issue new calls)
  db_lookup(table=, select=, where=, group_by=)   the measurement store
  schema_lookup(trait=)                           which modality records a trait, and in what unit
  qc_lookup(table=, select=, where=)              flags, exclusions, usable counts
  design_lookup(aspect=)                          the protocol: dose series, accession panel,
                                                  imaging rounds, replication plan
  literature_lookup(species=, property=)          published claims
  embedding_lookup(space=, query=, k=)            nearest accessions by profile similarity

TERMS
  treatment        the cadmium dose, in mg kg-1
  genotype         the accession label
  Fv/Fm_Lss        photosystem-II efficiency, from the fc1 modality
  area_mm2         leaf area
  n_plants         distinct plants behind a cell
  round_to_round   variance of an accession's per-round means
  within_round     variance between plants inside one imaging round

ROUND 1 - TASK (dose_response_shape)
At which cadmium dose does mean Fv/Fm_Lss peak across the panel?

RULES
1. Two rows in the store carry a similar trait name. Only the
   plant-level trait is the panel measurement; the dictionary says
   which that is.
2. A treatment cell must clear the usable-plant floor in the quality
   gate before it can be called a peak.
3. Judge the curve as a whole, not a single cell.

TOOL OUTPUTS

>>> schema_lookup(trait=""Fv/Fm_Lss"")
    trait dictionary: where the trait lives and at what entity level.
    trait          modality  table       unit  entity_level
    -------------  --------  ----------  ----  ------------
    Fv/Fm_Lss      fc1       fc1_values  a.u.  plant
    avg_Fv/Fm_Lss  fc1       fc1_values  a.u.  region

>>> db_lookup(table=""fc1_values"", select=[""trait"", ""mean_value""], where=""experiment_id=190"", group_by=[""trait"", ""treatment""])
    mean value by trait, one column per treatment (mg kg-1).
    trait          t0     t20    t40    t80    t160   t320
    -------------  -----  -----  -----  -----  -----  -----
    Fv/Fm_Lss      0.491  0.543  0.527  0.496  0.467  0.439
    avg_Fv/Fm_Lss  0.584  0.389  0.467  0.457  0.430  0.394

>>> qc_lookup(table=""fc1_values"", select=[""treatment"", ""n_plants_usable""], where=""trait='Fv/Fm_Lss'"")
    plants surviving QC per treatment; the floor for a panel claim is 8.
    treatment  n_plants_usable
    ---------  ---------------
    0          50
    20         4
    40         54
    80         53
    160        59
    320        58

OUTPUT FORMAT
Reply with exactly one line and nothing else:
ANSWER: <dose in mg kg-1, digits only>
","(schema_lookup[358:456],db_lookup[456:607],qc_lookup[607:695])",40,(depends on: -; the plant-level Fv/Fm_Lss row peaks at 0.527 on t40 -> 40; ablations: reading the alias row gives 0; ignoring the quality gate gives 20 on 4 plants)
exp190-chain-0089-medium,2,transition_sensitivity,"ROUND 2 - TASK (transition_sensitivity)
Starting from the cadmium dose you identified in round 1, which accession
loses the most Fv/Fm_Lss when the dose is raised to the next level of the
design series?

RULES
1. The store also holds a pilot dose that is not a level of the
   design series. The next level is the next one in the design
   table, which need not be the next column.
2. Only accessions in the core panel can be ranked; observational
   ones are carried for reference.
3. Compare each accession against itself across the two doses.

TOOL OUTPUTS

>>> db_lookup(table=""fc1_values"", select=[""genotype"", ""mean_value""], where=""trait='Fv/Fm_Lss'"", group_by=[""genotype"", ""treatment""])
    mean Fv/Fm_Lss by accession, one column per treatment in the store.
    genotype   t20    t40    t60    t80
    ---------  -----  -----  -----  -----
    46         0.553  0.521  0.466  0.259
    MAGIC 422  0.536  0.517  0.504  0.466
    RIL 281    0.546  0.510  0.343  0.338
    NIL 380    0.537  0.505  0.462  0.440
    76         0.560  0.527  0.515  0.219

>>> design_lookup(aspect=""accession_panel"")
    panel membership for this experiment.
    genotype   panel_role
    ---------  -------------
    46         core
    MAGIC 422  core
    RIL 281    core
    NIL 380    core
    76         observational

>>> design_lookup(aspect=""dose_series"")
    the design levels, in order. Doses absent here are pilot cells.
    level  treatment
    -----  ---------
    1      0
    2      20
    3      40
    4      80
    5      160
    6      320

OUTPUT FORMAT
Reply with exactly one line and nothing else:
ANSWER: <accession label exactly as it appears in the table>
","(db_lookup[113:277],design_lookup[277:331],design_lookup[331:384])",46,"(depends on: round 1 answer 40; the step is t40->t80, not the adjacent column t60 which is a pilot cell; per-accession drop 46:+0.262  RIL 281:+0.172  NIL 380:+0.065  MAGIC 422:+0.051 -> 46; ablations: stepping to the next column instead of the next design level gives RIL 281; ranking without the panel table gives 76, which is observational)"
exp190-chain-0089-medium,3,cross_modality_peak,"ROUND 3 - TASK (cross_modality_peak)
For the accession identified in round 2: at which dose does its leaf area
(area_mm2) peak, and does that dose agree with where Fv/Fm_Lss peaked
in round 1?

RULES
1. More than one modality reports this trait. Use the one the
   dictionary marks primary; the other is a derived estimate.
2. A cell flagged empty_mask carries no usable area and cannot be
   the peak. low_mask_coverage is on nearly every row and is not a
   reason to discard.
3. The verdict is AGREES when the area peak falls on the dose from
   round 1, and DISAGREES otherwise. Report both parts.

TOOL OUTPUTS

>>> qc_lookup(table=""rgb2_features"", select=[""genotype"", ""treatment"", ""flag""], where=""flag='empty_mask'"")
    cells voided by empty_mask.
    genotype  treatment  flag
    --------  ---------  ----------
    46        320        empty_mask
    76        80         empty_mask

>>> schema_lookup(trait=""area_mm2"")
    modalities reporting this trait.
    trait     modality  modality_role       unit  trait_role
    --------  --------  ------------------  ----  ----------
    area_mm2  rgb2      top-view RGB        mm2   primary
    area_mm2  swir      SWIR hyperspectral  mm2   derived

>>> db_lookup(table=""features"", select=[""modality"", ""genotype"", ""mean_area_mm2""], where=""trait='area_mm2'"", group_by=[""modality"", ""genotype"", ""treatment""])
    mean area_mm2 by modality and accession, one column per treatment.
    modality  genotype   t20    t40    t80    t320
    --------  ---------  -----  -----  -----  -----
    rgb2      46         10.41  19.42  10.49  23.92
    rgb2      76         4.95   8.82   10.16  18.81
    rgb2      MAGIC 422  10.78  14.02  22.43  13.70
    rgb2      RIL 281    22.93  14.48  11.37  9.43
    swir      46         4.26   5.41   7.52   14.69
    swir      76         5.99   6.94   14.27  6.63
    swir      MAGIC 422  5.44   8.10   9.02   16.80
    swir      RIL 281    7.17   8.51   9.43   17.15

OUTPUT FORMAT
Reply with exactly one line and nothing else:
ANSWER: <dose in mg kg-1, digits only>; <AGREES or DISAGREES>
","(qc_lookup[126:204],schema_lookup[204:287],db_lookup[287:511])",40; AGREES,(depends on: round 2 answer 46 and round 1 answer 40; on the rgb2 row for 46 the largest usable cell is t40 -> 40; AGREES; ablations: reading the swir rows gives 320; DISAGREES; ignoring empty_mask gives 320; DISAGREES)
exp190-chain-0089-medium,4,modality_coverage,"ROUND 4 - TASK (modality_coverage)
For the accession identified in round 2: which modalities hold usable feature
rows for it in this experiment?

RULES
1. A modality never scheduled for this experiment does not count,
   even if rows for it exist: those were carried over.
2. A modality whose rows are all flagged holds nothing usable.
3. List the modalities in the column order of the store table.

TOOL OUTPUTS

>>> qc_lookup(table=""features"", select=[""genotype"", ""modality"", ""n_usable""], group_by=[""genotype"", ""modality""])
    rows surviving QC, one column per modality.
    genotype   fc1  rgb2  msc1  vnir  swir  s3d
    ---------  ---  ----  ----  ----  ----  ---
    46         0    64    64    0     17    47
    76         0    61    55    0     32    0
    MAGIC 422  0    57    53    18    36    0
    RIL 281    0    64    63    24    0     0

>>> design_lookup(aspect=""imaging_rounds"")
    imaging rounds scheduled per modality for this experiment.
    modality  records                   rounds_scheduled
    --------  ------------------------  ----------------
    fc1       chlorophyll fluorescence  63
    rgb2      top-view RGB              65
    msc1      multispectral             45
    vnir      VNIR hyperspectral        24
    swir      SWIR hyperspectral        52
    s3d       3-D structural scan       0

>>> db_lookup(table=""features"", select=[""genotype"", ""modality"", ""n_rows""], group_by=[""genotype"", ""modality""])
    feature rows per accession, one column per modality.
    genotype   fc1  rgb2  msc1  vnir  swir  s3d
    ---------  ---  ----  ----  ----  ----  ---
    46         22   66    65    0     19    48
    76         0    63    58    0     35    0
    MAGIC 422  0    57    56    18    38    0
    RIL 281    0    67    63    27    0     0

OUTPUT FORMAT
Reply with exactly one line and nothing else:
ANSWER: <modalities, comma separated, in table column order>
","(qc_lookup[82:198],design_lookup[198:297],db_lookup[297:414])","rgb2, msc1, swir","(depends on: round 2 answer 46; that row is non-zero for fc1, rgb2, msc1, swir, s3d, but s3d was never scheduled and fc1 has nothing left after QC -> rgb2, msc1, swir; ablations: ignoring the schedule gives rgb2, msc1, swir, s3d; ignoring the quality gate gives fc1, rgb2, msc1, swir)"
exp86-chain-0090-hard,1,dose_response_shape,"SESSION
You are analysing experiment 86 at the Ashfield phenotyping facility: a copper
(Cu) dose series on 6 Camelina sativa (camelina) accessions at 0, 25, 50, 100, 250
and 500 mg kg-1, imaged over 28 days in six modalities.

This is a 6-round investigation. Each round gives you the results of the tool
calls it needs, already run; how many there are varies by round. Later rounds
build on what you established earlier and will not repeat it, so keep your own
answers.

TOOLS (results are inlined; you cannot issue new calls)
  db_lookup(table=, select=, where=, group_by=)   the measurement store
  schema_lookup(trait=)                           which modality records a trait, and in what unit
  qc_lookup(table=, select=, where=)              flags, exclusions, usable counts
  design_lookup(aspect=)                          the protocol: dose series, accession panel,
                                                  imaging rounds, replication plan
  literature_lookup(species=, property=)          published claims
  embedding_lookup(space=, query=, k=)            nearest accessions by profile similarity

TERMS
  treatment        the copper dose, in mg kg-1
  genotype         the accession label
  Fv/Fm_Lss        photosystem-II efficiency, from the fc1 modality
  area_mm2         leaf area
  n_plants         distinct plants behind a cell
  round_to_round   variance of an accession's per-round means
  within_round     variance between plants inside one imaging round

ROUND 1 - TASK (dose_response_shape)
At which copper dose does mean Fv/Fm_Lss peak across the panel?

RULES
1. Two rows in the store carry a similar trait name. Only the
   plant-level trait is the panel measurement; the dictionary says
   which that is.
2. A treatment cell must clear the usable-plant floor in the quality
   gate before it can be called a peak.
3. Judge the curve as a whole, not a single cell.

TOOL OUTPUTS

>>> db_lookup(table=""fc1_values"", select=[""trait"", ""mean_value""], where=""experiment_id=86"", group_by=[""trait"", ""treatment""])
    mean value by trait, one column per treatment (mg kg-1).
    trait          t0     t25    t50    t100   t250   t500
    -------------  -----  -----  -----  -----  -----  -----
    Fv/Fm_Lss      0.483  0.505  0.554  0.531  0.505  0.476
    avg_Fv/Fm_Lss  0.413  0.567  0.411  0.380  0.432  0.396

>>> schema_lookup(trait=""Fv/Fm_Lss"")
    trait dictionary: where the trait lives and at what entity level.
    trait          modality  table       unit  entity_level
    -------------  --------  ----------  ----  ------------
    Fv/Fm_Lss      fc1       fc1_values  a.u.  plant
    avg_Fv/Fm_Lss  fc1       fc1_values  a.u.  region

>>> qc_lookup(table=""fc1_values"", select=[""treatment"", ""n_plants_usable""], where=""trait='Fv/Fm_Lss'"")
    plants surviving QC per treatment; the floor for a panel claim is 10.
    treatment  n_plants_usable
    ---------  ---------------
    0          51
    25         57
    50         4
    100        56
    250        52
    500        54

OUTPUT FORMAT
Reply with exactly one line and nothing else:
ANSWER: <dose in mg kg-1, digits only>
","(db_lookup[358:509],schema_lookup[509:607],qc_lookup[607:695])",100,(depends on: -; the plant-level Fv/Fm_Lss row peaks at 0.531 on t100 -> 100; ablations: reading the alias row gives 25; ignoring the quality gate gives 50 on 4 plants)
exp86-chain-0090-hard,2,transition_sensitivity,"ROUND 2 - TASK (transition_sensitivity)
Starting from the copper dose you identified in round 1, which accession
loses the most Fv/Fm_Lss when the dose is raised to the next level of the
design series?

RULES
1. The store also holds a pilot dose that is not a level of the
   design series. The next level is the next one in the design
   table, which need not be the next column.
2. Only accessions in the core panel can be ranked; observational
   ones are carried for reference.
3. Compare each accession against itself across the two doses.

TOOL OUTPUTS

>>> design_lookup(aspect=""accession_panel"")
    panel membership for this experiment.
    genotype   panel_role
    ---------  -------------
    MAGIC 229  core
    74         core
    Esp52      observational
    NIL 148    core
    MAGIC 442  core

>>> design_lookup(aspect=""dose_series"")
    the design levels, in order. Doses absent here are pilot cells.
    level  treatment
    -----  ---------
    1      0
    2      25
    3      50
    4      100
    5      250
    6      500

>>> db_lookup(table=""fc1_values"", select=[""genotype"", ""mean_value""], where=""trait='Fv/Fm_Lss'"", group_by=[""genotype"", ""treatment""])
    mean Fv/Fm_Lss by accession, one column per treatment in the store.
    genotype   t25    t100   t175   t250
    ---------  -----  -----  -----  -----
    MAGIC 229  0.532  0.502  0.351  0.336
    74         0.536  0.526  0.493  0.448
    Esp52      0.542  0.510  0.482  0.191
    NIL 148    0.539  0.502  0.467  0.443
    MAGIC 442  0.526  0.498  0.456  0.259

OUTPUT FORMAT
Reply with exactly one line and nothing else:
ANSWER: <accession label exactly as it appears in the table>
","(design_lookup[113:167],design_lookup[167:220],db_lookup[220:384])",MAGIC 442,"(depends on: round 1 answer 100; the step is t100->t250, not the adjacent column t175 which is a pilot cell; per-accession drop MAGIC 442:+0.239  MAGIC 229:+0.166  74:+0.078  NIL 148:+0.059 -> MAGIC 442; ablations: stepping to the next column instead of the next design level gives MAGIC 229; ranking without the panel table gives Esp52, which is observational)"
exp86-chain-0090-hard,3,cross_modality_peak,"ROUND 3 - TASK (cross_modality_peak)
For the accession identified in round 2: at which dose does its leaf area
(area_mm2) peak, and does that dose agree with where Fv/Fm_Lss peaked
in round 1?

RULES
1. More than one modality reports this trait. Use the one the
   dictionary marks primary; the other is a derived estimate.
2. A cell flagged empty_mask carries no usable area and cannot be
   the peak. low_mask_coverage is on nearly every row and is not a
   reason to discard.
3. The verdict is AGREES when the area peak falls on the dose from
   round 1, and DISAGREES otherwise. Report both parts.

TOOL OUTPUTS

>>> schema_lookup(trait=""area_mm2"")
    modalities reporting this trait.
    trait     modality  modality_role       unit  trait_role
    --------  --------  ------------------  ----  ----------
    area_mm2  rgb2      top-view RGB        mm2   primary
    area_mm2  swir      SWIR hyperspectral  mm2   derived

>>> db_lookup(table=""features"", select=[""modality"", ""genotype"", ""mean_area_mm2""], where=""trait='area_mm2'"", group_by=[""modality"", ""genotype"", ""treatment""])
    mean area_mm2 by modality and accession, one column per treatment.
    modality  genotype   t0     t25    t100   t250
    --------  ---------  -----  -----  -----  -----
    rgb2      MAGIC 442  22.67  18.17  9.14   7.39
    rgb2      Esp52      12.01  14.71  23.57  14.95
    rgb2      MAGIC 229  8.63   10.14  11.88  20.37
    rgb2      74         20.52  11.71  9.70   8.67
    swir      MAGIC 442  5.11   6.80   13.82  6.11
    swir      Esp52      17.60  10.57  8.60   7.19
    swir      MAGIC 229  7.34   8.01   15.36  7.99
    swir      74         7.90   15.46  8.22   7.04

>>> qc_lookup(table=""rgb2_features"", select=[""genotype"", ""treatment"", ""flag""], where=""flag='empty_mask'"")
    cells voided by empty_mask.
    genotype   treatment  flag
    ---------  ---------  ----------
    MAGIC 442  0          empty_mask
    Esp52      250        empty_mask

OUTPUT FORMAT
Reply with exactly one line and nothing else:
ANSWER: <dose in mg kg-1, digits only>; <AGREES or DISAGREES>
","(schema_lookup[126:209],db_lookup[209:433],qc_lookup[433:513])",25; DISAGREES,(depends on: round 2 answer MAGIC 442 and round 1 answer 100; on the rgb2 row for MAGIC 442 the largest usable cell is t25 -> 25; DISAGREES; ablations: reading the swir rows gives 100; AGREES; ignoring empty_mask gives 0; DISAGREES)
exp86-chain-0090-hard,4,modality_coverage,"ROUND 4 - TASK (modality_coverage)
For the accession identified in round 2: which modalities hold usable feature
rows for it in this experiment?

RULES
1. A modality never scheduled for this experiment does not count,
   even if rows for it exist: those were carried over.
2. A modality whose rows are all flagged holds nothing usable.
3. List the modalities in the column order of the store table.

TOOL OUTPUTS

>>> design_lookup(aspect=""imaging_rounds"")
    imaging rounds scheduled per modality for this experiment.
    modality  records                   rounds_scheduled
    --------  ------------------------  ----------------
    fc1       chlorophyll fluorescence  61
    rgb2      top-view RGB              58
    msc1      multispectral             42
    vnir      VNIR hyperspectral        0
    swir      SWIR hyperspectral        25
    s3d       3-D structural scan       41

>>> db_lookup(table=""features"", select=[""genotype"", ""modality"", ""n_rows""], group_by=[""genotype"", ""modality""])
    feature rows per accession, one column per modality.
    genotype   fc1  rgb2  msc1  vnir  swir  s3d
    ---------  ---  ----  ----  ----  ----  ---
    MAGIC 442  33   64    58    30    0     0
    Esp52      33   63    63    0     0     0
    MAGIC 229  0    66    56    0     0     21
    74         42   63    58    0     0     22

>>> qc_lookup(table=""features"", select=[""genotype"", ""modality"", ""n_usable""], group_by=[""genotype"", ""modality""])
    rows surviving QC, one column per modality.
    genotype   fc1  rgb2  msc1  vnir  swir  s3d
    ---------  ---  ----  ----  ----  ----  ---
    MAGIC 442  0    62    57    27    0     0
    Esp52      32   60    63    0     0     0
    MAGIC 229  0    63    55    0     0     18
    74         40   60    56    0     0     22

OUTPUT FORMAT
Reply with exactly one line and nothing else:
ANSWER: <modalities, comma separated, in table column order>
","(design_lookup[82:181],db_lookup[181:298],qc_lookup[298:414])","rgb2, msc1","(depends on: round 2 answer MAGIC 442; that row is non-zero for fc1, rgb2, msc1, vnir, but vnir was never scheduled and fc1 has nothing left after QC -> rgb2, msc1; ablations: ignoring the schedule gives rgb2, msc1, vnir; ignoring the quality gate gives fc1, rgb2, msc1)"
exp86-chain-0090-hard,5,analogue_search,"ROUND 5 - TASK (analogue_search)
For the accession identified in round 2: which accession is its nearest
analogue by Fv/Fm_Lss dose-response profile, and does that analogue's own
peak fall on the dose you identified in round 1?

RULES
1. Take the nearest neighbour that is eligible: observational
   accessions cannot be analogues.
2. Neighbours are listed in descending similarity.
3. Report the analogue, then MATCHES if its own peak is the dose from
   round 1 and DIVERGES if it is not.

TOOL OUTPUTS

>>> design_lookup(aspect=""accession_panel"")
    panel membership for this experiment.
    genotype   panel_role
    ---------  -------------
    MAGIC 442  core
    Esp52      observational
    MAGIC 229  core
    74         core

>>> embedding_lookup(space=""dose_response_profile"", query=""panel"", k=3)
    nearest accessions by Fv/Fm_Lss profile, for every panel member.
    genotype   neighbour_1        neighbour_2        neighbour_3
    ---------  -----------------  -----------------  -----------------
    MAGIC 442  Esp52 (0.963)      MAGIC 229 (0.898)  74 (0.726)
    Esp52      MAGIC 229 (0.897)  74 (0.799)         MAGIC 442 (0.639)
    MAGIC 229  74 (0.891)         Esp52 (0.847)      MAGIC 442 (0.644)
    74         Esp52 (0.863)      MAGIC 229 (0.844)  MAGIC 442 (0.663)

>>> literature_lookup(species=""Camelina sativa"", property=""metal hyperaccumulation"")
    published shoot-concentration ranges; no dose-response claim attached.
    source            species          property                 shoot_mg_kg
    ----------------  ---------------  -----------------------  -----------
    lit:Ferreira2023  Camelina sativa  metal hyperaccumulation  71-287

>>> db_lookup(table=""fc1_values"", select=[""genotype"", ""peak_treatment""], where=""trait='Fv/Fm_Lss'"", group_by=[""genotype""])
    the treatment at which each accession's own Fv/Fm_Lss is highest.
    genotype   peak_treatment
    ---------  --------------
    MAGIC 442  25
    Esp52      50
    MAGIC 229  250
    74         500

OUTPUT FORMAT
Reply with exactly one line and nothing else:
ANSWER: <accession label>; <MATCHES or DIVERGES>
","(design_lookup[101:152],embedding_lookup[152:334],literature_lookup[334:445],db_lookup[445:538])",MAGIC 229; DIVERGES,"(depends on: round 2 answer MAGIC 442 and round 1 answer 100; the nearest eligible analogue is MAGIC 229, whose own peak is t250 -> MAGIC 229; DIVERGES; ablations: taking the nearest neighbour regardless of panel role gives Esp52; DIVERGES)"
exp86-chain-0090-hard,6,variance_regime,"ROUND 6 - TASK (variance_regime)
Name the cell -- accession and dose -- at which the accession identified in
round 2 first shows round-to-round variance of Fv/Fm_Lss exceeding its
within-round variance.

RULES
1. The two variances come from separate queries; compare them cell by
   cell.
2. A cell built on fewer than 3 imaging rounds is not
   comparable and must be skipped, however its numbers look.
3. Report the first qualifying dose reading left to right, not the
   largest gap, and name the accession alongside it.

TOOL OUTPUTS

>>> db_lookup(table=""fc1_values"", select=[""genotype"", ""round_to_round""], where=""trait='Fv/Fm_Lss'"", group_by=[""genotype"", ""treatment""])
    round-to-round variance, one column per treatment.
    genotype   t0     t25    t50    t100   t250   t500
    ---------  -----  -----  -----  -----  -----  -----
    MAGIC 442  0.013  0.026  0.037  0.050  0.062  0.075
    Esp52      0.013  0.029  0.039  0.050  0.063  0.073
    MAGIC 229  0.013  0.026  0.040  0.052  0.064  0.077
    74         0.017  0.027  0.039  0.052  0.063  0.076

>>> qc_lookup(table=""fc1_values"", select=[""genotype"", ""n_rounds""], where=""trait='Fv/Fm_Lss'"")
    imaging rounds behind each cell, one column per treatment.
    genotype   t0  t25  t50  t100  t250  t500
    ---------  --  ---  ---  ----  ----  ----
    MAGIC 442  8   1    9    6     6     7
    Esp52      5   9    9    4     6     9
    MAGIC 229  4   4    7    4     5     9
    74         4   5    6    8     6     4

>>> db_lookup(table=""fc1_values"", select=[""genotype"", ""within_round""], where=""trait='Fv/Fm_Lss'"", group_by=[""genotype"", ""treatment""])
    within-round variance, one column per treatment.
    genotype   t0     t25    t50    t100   t250   t500
    ---------  -----  -----  -----  -----  -----  -----
    MAGIC 442  0.027  0.012  0.031  0.026  0.037  0.046
    Esp52      0.027  0.045  0.045  0.032  0.036  0.047
    MAGIC 229  0.031  0.033  0.019  0.046  0.050  0.053
    74         0.033  0.038  0.063  0.075  0.089  0.062

OUTPUT FORMAT
Reply with exactly one line and nothing else:
ANSWER: <accession>@<dose>
","(db_lookup[111:294],qc_lookup[294:406],db_lookup[406:587])",MAGIC 442@50,"(depends on: round 2 answer MAGIC 442; comparing the two variance tables cell by cell, MAGIC 442 first crosses at t25, but that cell rests on 1 imaging round, under the 3 needed, so the first comparable crossing is t50 -> MAGIC 442@50; ablations: taking the largest round-to-round value without the within-round table gives MAGIC 442@500; ignoring the round counts gives MAGIC 442@25)"
exp135-chain-0091-low,1,dose_response_shape,"SESSION
You are analysing experiment 135 at the Weston phenotyping facility: a copper (Cu)
dose series on 6 Brassica napus (oilseed rape) accessions at 0, 20, 40, 80, 160
and 320 mg kg-1, imaged over 28 days in six modalities.

This is a 2-round investigation. Each round gives you the results of the tool
calls it needs, already run; how many there are varies by round. Later rounds
build on what you established earlier and will not repeat it, so keep your own
answers.

TOOLS (results are inlined; you cannot issue new calls)
  db_lookup(table=, select=, where=, group_by=)   the measurement store
  schema_lookup(trait=)                           which modality records a trait, and in what unit
  qc_lookup(table=, select=, where=)              flags, exclusions, usable counts
  design_lookup(aspect=)                          the protocol: dose series, accession panel,
                                                  imaging rounds, replication plan
  literature_lookup(species=, property=)          published claims
  embedding_lookup(space=, query=, k=)            nearest accessions by profile similarity

TERMS
  treatment        the copper dose, in mg kg-1
  genotype         the accession label
  Fv/Fm_Lss        photosystem-II efficiency, from the fc1 modality
  area_mm2         leaf area
  n_plants         distinct plants behind a cell
  round_to_round   variance of an accession's per-round means
  within_round     variance between plants inside one imaging round

ROUND 1 - TASK (dose_response_shape)
At which copper dose does mean Fv/Fm_Lss peak across the panel?

RULES
1. Judge the curve as a whole, not a single cell.

TOOL OUTPUTS

>>> db_lookup(table=""fc1_values"", select=[""trait"", ""mean_value""], where=""experiment_id=135"", group_by=[""trait"", ""treatment""])
    mean value by trait, one column per treatment (mg kg-1).
    trait      t0     t20    t40    t80    t160   t320
    ---------  -----  -----  -----  -----  -----  -----
    Fv/Fm_Lss  0.499  0.514  0.528  0.496  0.457  0.431

OUTPUT FORMAT
Reply with exactly one line and nothing else:
ANSWER: <dose in mg kg-1, digits only>
",(db_lookup[304:430]),40,(depends on: -; the plant-level Fv/Fm_Lss row peaks at 0.528 on t40 -> 40; no complications at this tier)
exp135-chain-0091-low,2,transition_sensitivity,"ROUND 2 - TASK (transition_sensitivity)
Starting from the copper dose you identified in round 1, which accession
loses the most Fv/Fm_Lss when the dose is raised to the next level of the
design series?

RULES
1. The store also holds a pilot dose that is not a level of the
   design series. The next level is the next one in the design
   table, which need not be the next column.
2. Compare each accession against itself across the two doses.

TOOL OUTPUTS

>>> design_lookup(aspect=""dose_series"")
    the design levels, in order. Doses absent here are pilot cells.
    level  treatment
    -----  ---------
    1      0
    2      20
    3      40
    4      80
    5      160
    6      320

>>> db_lookup(table=""fc1_values"", select=[""genotype"", ""mean_value""], where=""trait='Fv/Fm_Lss'"", group_by=[""genotype"", ""treatment""])
    mean Fv/Fm_Lss by accession, one column per treatment in the store.
    genotype  t20    t40    t60    t80
    --------  -----  -----  -----  -----
    RIL 201   0.543  0.521  0.488  0.296
    ISU 345   0.537  0.509  0.472  0.440
    98        0.553  0.529  0.515  0.495
    Ecl54     0.543  0.516  0.342  0.325

OUTPUT FORMAT
Reply with exactly one line and nothing else:
ANSWER: <accession label exactly as it appears in the table>
","(design_lookup[94:147],db_lookup[147:296])",RIL 201,"(depends on: round 1 answer 40; the step is t40->t80, not the adjacent column t60 which is a pilot cell; per-accession drop RIL 201:+0.225  Ecl54:+0.191  ISU 345:+0.069  98:+0.034 -> RIL 201; ablations: stepping to the next column instead of the next design level gives Ecl54)"
exp91-chain-0092-medium,1,dose_response_shape,"SESSION
You are analysing experiment 91 at the Norwood phenotyping facility: a nickel (Ni)
dose series on 6 Arabidopsis thaliana (arabidopsis) accessions at 0, 20, 40, 80,
160 and 320 mg kg-1, imaged over 28 days in six modalities.

This is a 5-round investigation. Each round gives you the results of the tool
calls it needs, already run; how many there are varies by round. Later rounds
build on what you established earlier and will not repeat it, so keep your own
answers.

TOOLS (results are inlined; you cannot issue new calls)
  db_lookup(table=, select=, where=, group_by=)   the measurement store
  schema_lookup(trait=)                           which modality records a trait, and in what unit
  qc_lookup(table=, select=, where=)              flags, exclusions, usable counts
  design_lookup(aspect=)                          the protocol: dose series, accession panel,
                                                  imaging rounds, replication plan
  literature_lookup(species=, property=)          published claims
  embedding_lookup(space=, query=, k=)            nearest accessions by profile similarity

TERMS
  treatment        the nickel dose, in mg kg-1
  genotype         the accession label
  Fv/Fm_Lss        photosystem-II efficiency, from the fc1 modality
  area_mm2         leaf area
  n_plants         distinct plants behind a cell
  round_to_round   variance of an accession's per-round means
  within_round     variance between plants inside one imaging round

ROUND 1 - TASK (dose_response_shape)
At which nickel dose does mean Fv/Fm_Lss peak across the panel?

RULES
1. Two rows in the store carry a similar trait name. Only the
   plant-level trait is the panel measurement; the dictionary says
   which that is.
2. Judge the curve as a whole, not a single cell.

TOOL OUTPUTS

>>> schema_lookup(trait=""Fv/Fm_Lss"")
    trait dictionary: where the trait lives and at what entity level.
    trait          modality  table       unit  entity_level
    -------------  --------  ----------  ----  ------------
    Fv/Fm_Lss      fc1       fc1_values  a.u.  plant
    avg_Fv/Fm_Lss  fc1       fc1_values  a.u.  region

>>> db_lookup(table=""fc1_values"", select=[""trait"", ""mean_value""], where=""experiment_id=91"", group_by=[""trait"", ""treatment""])
    mean value by trait, one column per treatment (mg kg-1).
    trait          t0     t20    t40    t80    t160   t320
    -------------  -----  -----  -----  -----  -----  -----
    Fv/Fm_Lss      0.471  0.475  0.504  0.515  0.481  0.450
    avg_Fv/Fm_Lss  0.565  0.423  0.439  0.414  0.466  0.466

OUTPUT FORMAT
Reply with exactly one line and nothing else:
ANSWER: <dose in mg kg-1, digits only>
","(schema_lookup[334:432],db_lookup[432:583])",80,(depends on: -; the plant-level Fv/Fm_Lss row peaks at 0.515 on t80 -> 80; ablations: reading the alias row gives 0)
exp91-chain-0092-medium,2,transition_sensitivity,"ROUND 2 - TASK (transition_sensitivity)
Starting from the nickel dose you identified in round 1, which accession
loses the most Fv/Fm_Lss when the dose is raised to the next level of the
design series?

RULES
1. The store also holds a pilot dose that is not a level of the
   design series. The next level is the next one in the design
   table, which need not be the next column.
2. Only accessions in the core panel can be ranked; observational
   ones are carried for reference.
3. Compare each accession against itself across the two doses.

TOOL OUTPUTS

>>> db_lookup(table=""fc1_values"", select=[""genotype"", ""mean_value""], where=""trait='Fv/Fm_Lss'"", group_by=[""genotype"", ""treatment""])
    mean Fv/Fm_Lss by accession, one column per treatment in the store.
    genotype  t40    t80    t120   t160
    --------  -----  -----  -----  -----
    51        0.535  0.504  0.470  0.444
    78        0.522  0.516  0.341  0.321
    NIL 140   0.541  0.517  0.509  0.500
    ISU 182   0.526  0.493  0.439  0.252
    Ecl36     0.522  0.516  0.509  0.211

>>> design_lookup(aspect=""accession_panel"")
    panel membership for this experiment.
    genotype  panel_role
    --------  -------------
    51        core
    78        core
    NIL 140   core
    ISU 182   core
    Ecl36     observational

>>> design_lookup(aspect=""dose_series"")
    the design levels, in order. Doses absent here are pilot cells.
    level  treatment
    -----  ---------
    1      0
    2      20
    3      40
    4      80
    5      160
    6      320

OUTPUT FORMAT
Reply with exactly one line and nothing else:
ANSWER: <accession label exactly as it appears in the table>
","(db_lookup[113:275],design_lookup[275:327],design_lookup[327:380])",ISU 182,"(depends on: round 1 answer 80; the step is t80->t160, not the adjacent column t120 which is a pilot cell; per-accession drop ISU 182:+0.241  78:+0.195  51:+0.060  NIL 140:+0.017 -> ISU 182; ablations: stepping to the next column instead of the next design level gives 78; ranking without the panel table gives Ecl36, which is observational)"
exp91-chain-0092-medium,3,cross_modality_peak,"ROUND 3 - TASK (cross_modality_peak)
For the accession identified in round 2: at which dose does its leaf area
(area_mm2) peak, and does that dose agree with where Fv/Fm_Lss peaked
in round 1?

RULES
1. More than one modality reports this trait. Use the one the
   dictionary marks primary; the other is a derived estimate.
2. A cell flagged empty_mask carries no usable area and cannot be
   the peak. low_mask_coverage is on nearly every row and is not a
   reason to discard.
3. The verdict is AGREES when the area peak falls on the dose from
   round 1, and DISAGREES otherwise. Report both parts.

TOOL OUTPUTS

>>> qc_lookup(table=""rgb2_features"", select=[""genotype"", ""treatment"", ""flag""], where=""flag='empty_mask'"")
    cells voided by empty_mask.
    genotype  treatment  flag
    --------  ---------  ----------
    ISU 182   20         empty_mask
    Ecl36     0          empty_mask

>>> schema_lookup(trait=""area_mm2"")
    modalities reporting this trait.
    trait     modality  modality_role       unit  trait_role
    --------  --------  ------------------  ----  ----------
    area_mm2  rgb2      top-view RGB        mm2   primary
    area_mm2  swir      SWIR hyperspectral  mm2   derived

>>> db_lookup(table=""features"", select=[""modality"", ""genotype"", ""mean_area_mm2""], where=""trait='area_mm2'"", group_by=[""modality"", ""genotype"", ""treatment""])
    mean area_mm2 by modality and accession, one column per treatment.
    modality  genotype  t0     t20    t40    t80
    --------  --------  -----  -----  -----  -----
    rgb2      ISU 182   18.05  22.55  7.14   4.62
    rgb2      Ecl36     9.88   12.02  12.51  21.84
    rgb2      NIL 140   14.57  23.35  14.77  11.64
    rgb2      51        14.20  15.13  24.11  15.55
    swir      ISU 182   2.81   4.40   6.18   13.74
    swir      Ecl36     16.39  9.34   7.30   6.68
    swir      NIL 140   8.13   10.11  17.44  10.19
    swir      51        6.71   9.17   10.72  17.98

OUTPUT FORMAT
Reply with exactly one line and nothing else:
ANSWER: <dose in mg kg-1, digits only>; <AGREES or DISAGREES>
","(qc_lookup[126:205],schema_lookup[205:288],db_lookup[288:511])",0; DISAGREES,(depends on: round 2 answer ISU 182 and round 1 answer 80; on the rgb2 row for ISU 182 the largest usable cell is t0 -> 0; DISAGREES; ablations: reading the swir rows gives 80; AGREES; ignoring empty_mask gives 20; DISAGREES)
exp91-chain-0092-medium,4,modality_coverage,"ROUND 4 - TASK (modality_coverage)
For the accession identified in round 2: which modalities hold usable feature
rows for it in this experiment?

RULES
1. A modality never scheduled for this experiment does not count,
   even if rows for it exist: those were carried over.
2. A modality whose rows are all flagged holds nothing usable.
3. List the modalities in the column order of the store table.

TOOL OUTPUTS

>>> design_lookup(aspect=""imaging_rounds"")
    imaging rounds scheduled per modality for this experiment.
    modality  records                   rounds_scheduled
    --------  ------------------------  ----------------
    fc1       chlorophyll fluorescence  26
    rgb2      top-view RGB              22
    msc1      multispectral             51
    vnir      VNIR hyperspectral        54
    swir      SWIR hyperspectral        57
    s3d       3-D structural scan       0

>>> db_lookup(table=""features"", select=[""genotype"", ""modality"", ""n_rows""], group_by=[""genotype"", ""modality""])
    feature rows per accession, one column per modality.
    genotype  fc1  rgb2  msc1  vnir  swir  s3d
    --------  ---  ----  ----  ----  ----  ---
    ISU 182   17   64    61    0     17    38
    Ecl36     26   55    55    41    0     0
    NIL 140   15   60    62    0     0     0
    51        0    60    66    34    25    0

>>> qc_lookup(table=""features"", select=[""genotype"", ""modality"", ""n_usable""], group_by=[""genotype"", ""modality""])
    rows surviving QC, one column per modality.
    genotype  fc1  rgb2  msc1  vnir  swir  s3d
    --------  ---  ----  ----  ----  ----  ---
    ISU 182   0    63    58    0     14    38
    Ecl36     23   52    53    40    0     0
    NIL 140   12   57    62    0     0     0
    51        0    60    65    32    22    0

OUTPUT FORMAT
Reply with exactly one line and nothing else:
ANSWER: <modalities, comma separated, in table column order>
","(design_lookup[82:181],db_lookup[181:297],qc_lookup[297:412])","rgb2, msc1, swir","(depends on: round 2 answer ISU 182; that row is non-zero for fc1, rgb2, msc1, swir, s3d, but s3d was never scheduled and fc1 has nothing left after QC -> rgb2, msc1, swir; ablations: ignoring the schedule gives rgb2, msc1, swir, s3d; ignoring the quality gate gives fc1, rgb2, msc1, swir)"
exp91-chain-0092-medium,5,analogue_search,"ROUND 5 - TASK (analogue_search)
For the accession identified in round 2: which accession is its nearest
analogue by Fv/Fm_Lss dose-response profile, and does that analogue's own
peak fall on the dose you identified in round 1?

RULES
1. Take the nearest neighbour that is eligible: observational
   accessions cannot be analogues.
2. Neighbours are listed in descending similarity.
3. Report the analogue, then MATCHES if its own peak is the dose from
   round 1 and DIVERGES if it is not.

TOOL OUTPUTS

>>> design_lookup(aspect=""accession_panel"")
    panel membership for this experiment.
    genotype  panel_role
    --------  -------------
    ISU 182   core
    Ecl36     observational
    NIL 140   core
    51        core

>>> embedding_lookup(space=""dose_response_profile"", query=""panel"", k=3)
    nearest accessions by Fv/Fm_Lss profile, for every panel member.
    genotype  neighbour_1      neighbour_2      neighbour_3
    --------  ---------------  ---------------  ---------------
    ISU 182   Ecl36 (0.953)    NIL 140 (0.908)  51 (0.838)
    Ecl36     ISU 182 (0.957)  51 (0.738)       NIL 140 (0.676)
    NIL 140   ISU 182 (0.925)  51 (0.740)       Ecl36 (0.679)
    51        ISU 182 (0.917)  NIL 140 (0.744)  Ecl36 (0.681)

>>> db_lookup(table=""fc1_values"", select=[""genotype"", ""peak_treatment""], where=""trait='Fv/Fm_Lss'"", group_by=[""genotype""])
    the treatment at which each accession's own Fv/Fm_Lss is highest.
    genotype  peak_treatment
    --------  --------------
    ISU 182   0
    Ecl36     0
    NIL 140   80
    51        40

OUTPUT FORMAT
Reply with exactly one line and nothing else:
ANSWER: <accession label>; <MATCHES or DIVERGES>
","(design_lookup[101:151],embedding_lookup[151:326],db_lookup[326:418])",NIL 140; MATCHES,"(depends on: round 2 answer ISU 182 and round 1 answer 80; the nearest eligible analogue is NIL 140, whose own peak is t80 -> NIL 140; MATCHES; ablations: taking the nearest neighbour regardless of panel role gives Ecl36; DIVERGES)"
exp41-chain-0093-hard,1,dose_response_shape,"SESSION
You are analysing experiment 41 at the Ashfield phenotyping facility: a copper
(Cu) dose series on 6 Brassica napus (oilseed rape) accessions at 0, 50, 100, 200,
500 and 1000 mg kg-1, imaged over 28 days in six modalities.

This is a 6-round investigation. Each round gives you the results of the tool
calls it needs, already run; how many there are varies by round. Later rounds
build on what you established earlier and will not repeat it, so keep your own
answers.

TOOLS (results are inlined; you cannot issue new calls)
  db_lookup(table=, select=, where=, group_by=)   the measurement store
  schema_lookup(trait=)                           which modality records a trait, and in what unit
  qc_lookup(table=, select=, where=)              flags, exclusions, usable counts
  design_lookup(aspect=)                          the protocol: dose series, accession panel,
                                                  imaging rounds, replication plan
  literature_lookup(species=, property=)          published claims
  embedding_lookup(space=, query=, k=)            nearest accessions by profile similarity

TERMS
  treatment        the copper dose, in mg kg-1
  genotype         the accession label
  Fv/Fm_Lss        photosystem-II efficiency, from the fc1 modality
  area_mm2         leaf area
  n_plants         distinct plants behind a cell
  round_to_round   variance of an accession's per-round means
  within_round     variance between plants inside one imaging round

ROUND 1 - TASK (dose_response_shape)
At which copper dose does mean Fv/Fm_Lss peak across the panel?

RULES
1. Two rows in the store carry a similar trait name. Only the
   plant-level trait is the panel measurement; the dictionary says
   which that is.
2. A treatment cell must clear the usable-plant floor in the quality
   gate before it can be called a peak.
3. Judge the curve as a whole, not a single cell.

TOOL OUTPUTS

>>> qc_lookup(table=""fc1_values"", select=[""treatment"", ""n_plants_usable""], where=""trait='Fv/Fm_Lss'"")
    plants surviving QC per treatment; the floor for a panel claim is 12.
    treatment  n_plants_usable
    ---------  ---------------
    0          57
    50         54
    100        49
    200        52
    500        48
    1000       4

>>> qc_lookup(table=""features"", select=[""flag"", ""n_rows""], group_by=[""flag""])
    flag totals over the whole experiment.
    flag               n_rows
    -----------------  ------
    low_mask_coverage  3920
    empty_mask         55
    sentinel           13

>>> db_lookup(table=""fc1_values"", select=[""trait"", ""mean_value""], where=""experiment_id=41"", group_by=[""trait"", ""treatment""])
    mean value by trait, one column per treatment (mg kg-1).
    trait          t0     t50    t100   t200   t500   t1000
    -------------  -----  -----  -----  -----  -----  -----
    Fv/Fm_Lss      0.472  0.493  0.507  0.527  0.494  0.547
    avg_Fv/Fm_Lss  0.388  0.415  0.384  0.443  0.583  0.443

>>> schema_lookup(trait=""Fv/Fm_Lss"")
    trait dictionary: where the trait lives and at what entity level.
    trait          modality  table       unit  entity_level
    -------------  --------  ----------  ----  ------------
    Fv/Fm_Lss      fc1       fc1_values  a.u.  plant
    avg_Fv/Fm_Lss  fc1       fc1_values  a.u.  region

OUTPUT FORMAT
Reply with exactly one line and nothing else:
ANSWER: <dose in mg kg-1, digits only>
","(qc_lookup[359:447],qc_lookup[447:516],db_lookup[516:667],schema_lookup[667:765])",200,(depends on: -; the plant-level Fv/Fm_Lss row peaks at 0.527 on t200 -> 200; ablations: reading the alias row gives 500; ignoring the quality gate gives 1000 on 4 plants)
exp41-chain-0093-hard,2,transition_sensitivity,"ROUND 2 - TASK (transition_sensitivity)
Starting from the copper dose you identified in round 1, which accession
loses the most Fv/Fm_Lss when the dose is raised to the next level of the
design series?

RULES
1. The store also holds a pilot dose that is not a level of the
   design series. The next level is the next one in the design
   table, which need not be the next column.
2. Only accessions in the core panel can be ranked; observational
   ones are carried for reference.
3. Compare each accession against itself across the two doses.

TOOL OUTPUTS

>>> design_lookup(aspect=""accession_panel"")
    panel membership for this experiment.
    genotype  panel_role
    --------  -------------
    73        core
    99        core
    NIL 320   observational
    Esp33     core
    RIL 193   core

>>> design_lookup(aspect=""dose_series"")
    the design levels, in order. Doses absent here are pilot cells.
    level  treatment
    -----  ---------
    1      0
    2      50
    3      100
    4      200
    5      500
    6      1000

>>> db_lookup(table=""fc1_values"", select=[""genotype"", ""mean_value""], where=""trait='Fv/Fm_Lss'"", group_by=[""genotype"", ""treatment""])
    mean Fv/Fm_Lss by accession, one column per treatment in the store.
    genotype  t50    t200   t350   t500
    --------  -----  -----  -----  -----
    73        0.526  0.516  0.501  0.487
    99        0.537  0.512  0.500  0.479
    NIL 320   0.553  0.535  0.511  0.218
    Esp33     0.558  0.536  0.365  0.348
    RIL 193   0.535  0.495  0.456  0.242

OUTPUT FORMAT
Reply with exactly one line and nothing else:
ANSWER: <accession label exactly as it appears in the table>
","(design_lookup[113:165],design_lookup[165:218],db_lookup[218:380])",RIL 193,"(depends on: round 1 answer 200; the step is t200->t500, not the adjacent column t350 which is a pilot cell; per-accession drop RIL 193:+0.253  Esp33:+0.188  99:+0.033  73:+0.029 -> RIL 193; ablations: stepping to the next column instead of the next design level gives Esp33; ranking without the panel table gives NIL 320, which is observational)"
exp41-chain-0093-hard,3,cross_modality_peak,"ROUND 3 - TASK (cross_modality_peak)
For the accession identified in round 2: at which dose does its leaf area
(area_mm2) peak, and does that dose agree with where Fv/Fm_Lss peaked
in round 1?

RULES
1. More than one modality reports this trait. Use the one the
   dictionary marks primary; the other is a derived estimate.
2. A cell flagged empty_mask carries no usable area and cannot be
   the peak. low_mask_coverage is on nearly every row and is not a
   reason to discard.
3. The verdict is AGREES when the area peak falls on the dose from
   round 1, and DISAGREES otherwise. Report both parts.

TOOL OUTPUTS

>>> qc_lookup(table=""rgb2_features"", select=[""genotype"", ""treatment"", ""flag""], where=""flag='empty_mask'"")
    cells voided by empty_mask.
    genotype  treatment  flag
    --------  ---------  ----------
    RIL 193   200        empty_mask
    NIL 320   50         empty_mask

>>> db_lookup(table=""features"", select=[""modality"", ""genotype"", ""mean_area_mm2""], where=""trait='area_mm2'"", group_by=[""modality"", ""genotype"", ""treatment""])
    mean area_mm2 by modality and accession, one column per treatment.
    modality  genotype  t0     t50    t100   t200
    --------  --------  -----  -----  -----  -----
    rgb2      RIL 193   12.48  20.90  11.95  25.40
    rgb2      NIL 320   12.84  14.99  23.59  14.47
    rgb2      73        23.09  14.21  11.96  9.58
    rgb2      99        6.15   8.15   9.46   18.02
    swir      RIL 193   15.73  7.96   6.76   4.65
    swir      NIL 320   7.13   9.43   10.52  17.61
    swir      73        6.21   7.87   9.67   17.27
    swir      99        6.53   13.71  6.29   4.49

>>> schema_lookup(trait=""area_mm2"")
    modalities reporting this trait.
    trait     modality  modality_role       unit  trait_role
    --------  --------  ------------------  ----  ----------
    area_mm2  rgb2      top-view RGB        mm2   primary
    area_mm2  swir      SWIR hyperspectral  mm2   derived

OUTPUT FORMAT
Reply with exactly one line and nothing else:
ANSWER: <dose in mg kg-1, digits only>; <AGREES or DISAGREES>
","(qc_lookup[126:206],db_lookup[206:429],schema_lookup[429:512])",50; DISAGREES,(depends on: round 2 answer RIL 193 and round 1 answer 200; on the rgb2 row for RIL 193 the largest usable cell is t50 -> 50; DISAGREES; ablations: reading the swir rows gives 0; DISAGREES; ignoring empty_mask gives 200; AGREES)
exp41-chain-0093-hard,4,modality_coverage,"ROUND 4 - TASK (modality_coverage)
For the accession identified in round 2: which modalities hold usable feature
rows for it in this experiment?

RULES
1. A modality never scheduled for this experiment does not count,
   even if rows for it exist: those were carried over.
2. A modality whose rows are all flagged holds nothing usable.
3. List the modalities in the column order of the store table.

TOOL OUTPUTS

>>> design_lookup(aspect=""imaging_rounds"")
    imaging rounds scheduled per modality for this experiment.
    modality  records                   rounds_scheduled
    --------  ------------------------  ----------------
    fc1       chlorophyll fluorescence  43
    rgb2      top-view RGB              36
    msc1      multispectral             24
    vnir      VNIR hyperspectral        0
    swir      SWIR hyperspectral        35
    s3d       3-D structural scan       58

>>> db_lookup(table=""features"", select=[""genotype"", ""modality"", ""n_rows""], group_by=[""genotype"", ""modality""])
    feature rows per accession, one column per modality.
    genotype  fc1  rgb2  msc1  vnir  swir  s3d
    --------  ---  ----  ----  ----  ----  ---
    RIL 193   30   61    55    30    30    0
    NIL 320   42   57    59    0     0     24
    73        28   58    67    0     26    0
    99        0    59    60    0     39    43

>>> qc_lookup(table=""features"", select=[""genotype"", ""modality"", ""n_usable""], group_by=[""genotype"", ""modality""])
    rows surviving QC, one column per modality.
    genotype  fc1  rgb2  msc1  vnir  swir  s3d
    --------  ---  ----  ----  ----  ----  ---
    RIL 193   0    58    53    29    27    0
    NIL 320   41   57    59    0     0     21
    73        28   55    64    0     23    0
    99        0    56    60    0     38    41

OUTPUT FORMAT
Reply with exactly one line and nothing else:
ANSWER: <modalities, comma separated, in table column order>
","(design_lookup[82:181],db_lookup[181:297],qc_lookup[297:412])","rgb2, msc1, swir","(depends on: round 2 answer RIL 193; that row is non-zero for fc1, rgb2, msc1, vnir, swir, but vnir was never scheduled and fc1 has nothing left after QC -> rgb2, msc1, swir; ablations: ignoring the schedule gives rgb2, msc1, vnir, swir; ignoring the quality gate gives fc1, rgb2, msc1, swir)"
exp41-chain-0093-hard,5,analogue_search,"ROUND 5 - TASK (analogue_search)
For the accession identified in round 2: which accession is its nearest
analogue by Fv/Fm_Lss dose-response profile, and does that analogue's own
peak fall on the dose you identified in round 1?

RULES
1. Take the nearest neighbour that is eligible: observational
   accessions cannot be analogues.
2. Neighbours are listed in descending similarity.
3. Report the analogue, then MATCHES if its own peak is the dose from
   round 1 and DIVERGES if it is not.

TOOL OUTPUTS

>>> db_lookup(table=""fc1_values"", select=[""genotype"", ""peak_treatment""], where=""trait='Fv/Fm_Lss'"", group_by=[""genotype""])
    the treatment at which each accession's own Fv/Fm_Lss is highest.
    genotype  peak_treatment
    --------  --------------
    RIL 193   50
    NIL 320   200
    73        0
    99        500

>>> design_lookup(aspect=""accession_panel"")
    panel membership for this experiment.
    genotype  panel_role
    --------  -------------
    RIL 193   core
    NIL 320   observational
    73        core
    99        core

>>> embedding_lookup(space=""dose_response_profile"", query=""panel"", k=3)
    nearest accessions by Fv/Fm_Lss profile, for every panel member.
    genotype  neighbour_1      neighbour_2  neighbour_3
    --------  ---------------  -----------  ---------------
    RIL 193   NIL 320 (0.957)  99 (0.927)   73 (0.781)
    NIL 320   99 (0.892)       73 (0.777)   RIL 193 (0.621)
    73        RIL 193 (0.888)  99 (0.794)   NIL 320 (0.627)
    99        NIL 320 (0.936)  73 (0.765)   RIL 193 (0.710)

OUTPUT FORMAT
Reply with exactly one line and nothing else:
ANSWER: <accession label>; <MATCHES or DIVERGES>
","(db_lookup[101:193],design_lookup[193:243],embedding_lookup[243:414])",99; DIVERGES,"(depends on: round 2 answer RIL 193 and round 1 answer 200; the nearest eligible analogue is 99, whose own peak is t500 -> 99; DIVERGES; ablations: taking the nearest neighbour regardless of panel role gives NIL 320; MATCHES)"
exp41-chain-0093-hard,6,variance_regime,"ROUND 6 - TASK (variance_regime)
Name the cell -- accession and dose -- at which the accession identified in
round 2 first shows round-to-round variance of Fv/Fm_Lss exceeding its
within-round variance.

RULES
1. The two variances come from separate queries; compare them cell by
   cell.
2. A cell built on fewer than 3 imaging rounds is not
   comparable and must be skipped, however its numbers look.
3. Report the first qualifying dose reading left to right, not the
   largest gap, and name the accession alongside it.

TOOL OUTPUTS

>>> db_lookup(table=""fc1_values"", select=[""genotype"", ""round_to_round""], where=""trait='Fv/Fm_Lss'"", group_by=[""genotype"", ""treatment""])
    round-to-round variance, one column per treatment.
    genotype  t0     t50    t100   t200   t500   t1000
    --------  -----  -----  -----  -----  -----  -----
    RIL 193   0.017  0.029  0.038  0.050  0.065  0.073
    NIL 320   0.015  0.027  0.041  0.050  0.064  0.076
    73        0.014  0.028  0.039  0.050  0.062  0.074
    99        0.014  0.025  0.038  0.049  0.063  0.076

>>> qc_lookup(table=""fc1_values"", select=[""genotype"", ""n_rounds""], where=""trait='Fv/Fm_Lss'"")
    imaging rounds behind each cell, one column per treatment.
    genotype  t0  t50  t100  t200  t500  t1000
    --------  --  ---  ----  ----  ----  -----
    RIL 193   6   4    1     9     5     7
    NIL 320   6   4    5     8     9     4
    73        8   9    5     9     8     9
    99        9   7    4     5     6     7

>>> db_lookup(table=""fc1_values"", select=[""genotype"", ""within_round""], where=""trait='Fv/Fm_Lss'"", group_by=[""genotype"", ""treatment""])
    within-round variance, one column per treatment.
    genotype  t0     t50    t100   t200   t500   t1000
    --------  -----  -----  -----  -----  -----  -----
    RIL 193   0.035  0.039  0.013  0.039  0.050  0.058
    NIL 320   0.023  0.036  0.048  0.058  0.086  0.067
    73        0.038  0.038  0.069  0.072  0.033  0.048
    99        0.043  0.051  0.046  0.031  0.042  0.064

OUTPUT FORMAT
Reply with exactly one line and nothing else:
ANSWER: <accession>@<dose>
","(db_lookup[111:293],qc_lookup[293:406],db_lookup[406:586])",RIL 193@200,"(depends on: round 2 answer RIL 193; comparing the two variance tables cell by cell, RIL 193 first crosses at t100, but that cell rests on 1 imaging round, under the 3 needed, so the first comparable crossing is t200 -> RIL 193@200; ablations: taking the largest round-to-round value without the within-round table gives RIL 193@1000; ignoring the round counts gives RIL 193@100)"
exp94-chain-0094-low,1,dose_response_shape,"SESSION
You are analysing experiment 94 at the Norwood phenotyping facility: a copper (Cu)
dose series on 6 Camelina sativa (camelina) accessions at 0, 50, 100, 200, 500 and
1000 mg kg-1, imaged over 28 days in six modalities.

This is a 3-round investigation. Each round gives you the results of the tool
calls it needs, already run; how many there are varies by round. Later rounds
build on what you established earlier and will not repeat it, so keep your own
answers.

TOOLS (results are inlined; you cannot issue new calls)
  db_lookup(table=, select=, where=, group_by=)   the measurement store
  schema_lookup(trait=)                           which modality records a trait, and in what unit
  qc_lookup(table=, select=, where=)              flags, exclusions, usable counts
  design_lookup(aspect=)                          the protocol: dose series, accession panel,
                                                  imaging rounds, replication plan
  literature_lookup(species=, property=)          published claims
  embedding_lookup(space=, query=, k=)            nearest accessions by profile similarity

TERMS
  treatment        the copper dose, in mg kg-1
  genotype         the accession label
  Fv/Fm_Lss        photosystem-II efficiency, from the fc1 modality
  area_mm2         leaf area
  n_plants         distinct plants behind a cell
  round_to_round   variance of an accession's per-round means
  within_round     variance between plants inside one imaging round

ROUND 1 - TASK (dose_response_shape)
At which copper dose does mean Fv/Fm_Lss peak across the panel?

RULES
1. Judge the curve as a whole, not a single cell.

TOOL OUTPUTS

>>> db_lookup(table=""fc1_values"", select=[""trait"", ""mean_value""], where=""experiment_id=94"", group_by=[""trait"", ""treatment""])
    mean value by trait, one column per treatment (mg kg-1).
    trait      t0     t50    t100   t200   t500   t1000
    ---------  -----  -----  -----  -----  -----  -----
    Fv/Fm_Lss  0.483  0.491  0.508  0.526  0.488  0.454

OUTPUT FORMAT
Reply with exactly one line and nothing else:
ANSWER: <dose in mg kg-1, digits only>
",(db_lookup[303:429]),200,(depends on: -; the plant-level Fv/Fm_Lss row peaks at 0.526 on t200 -> 200; no complications at this tier)
exp94-chain-0094-low,2,transition_sensitivity,"ROUND 2 - TASK (transition_sensitivity)
Starting from the copper dose you identified in round 1, which accession
loses the most Fv/Fm_Lss when the dose is raised to the next level of the
design series?

RULES
1. The store also holds a pilot dose that is not a level of the
   design series. The next level is the next one in the design
   table, which need not be the next column.
2. Compare each accession against itself across the two doses.

TOOL OUTPUTS

>>> db_lookup(table=""fc1_values"", select=[""genotype"", ""mean_value""], where=""trait='Fv/Fm_Lss'"", group_by=[""genotype"", ""treatment""])
    mean Fv/Fm_Lss by accession, one column per treatment in the store.
    genotype   t50    t200   t350   t500
    ---------  -----  -----  -----  -----
    55         0.541  0.502  0.485  0.451
    MAGIC 456  0.523  0.515  0.344  0.333
    RIL 252    0.537  0.502  0.483  0.467
    ISU 369    0.545  0.533  0.502  0.291

>>> design_lookup(aspect=""dose_series"")
    the design levels, in order. Doses absent here are pilot cells.
    level  treatment
    -----  ---------
    1      0
    2      50
    3      100
    4      200
    5      500
    6      1000

OUTPUT FORMAT
Reply with exactly one line and nothing else:
ANSWER: <accession label exactly as it appears in the table>
","(db_lookup[94:245],design_lookup[245:298])",ISU 369,"(depends on: round 1 answer 200; the step is t200->t500, not the adjacent column t350 which is a pilot cell; per-accession drop ISU 369:+0.242  MAGIC 456:+0.182  55:+0.051  RIL 252:+0.035 -> ISU 369; ablations: stepping to the next column instead of the next design level gives MAGIC 456)"
exp94-chain-0094-low,3,cross_modality_peak,"ROUND 3 - TASK (cross_modality_peak)
For the accession identified in round 2: at which dose does its leaf area
(area_mm2) peak, and does that dose agree with where Fv/Fm_Lss peaked
in round 1?

RULES
1. More than one modality reports this trait. Use the one the
   dictionary marks primary; the other is a derived estimate.
2. The verdict is AGREES when the area peak falls on the dose from
   round 1, and DISAGREES otherwise. Report both parts.

TOOL OUTPUTS

>>> db_lookup(table=""features"", select=[""modality"", ""genotype"", ""mean_area_mm2""], where=""trait='area_mm2'"", group_by=[""modality"", ""genotype"", ""treatment""])
    mean area_mm2 by modality and accession, one column per treatment.
    modality  genotype   t0     t50    t200   t1000
    --------  ---------  -----  -----  -----  -----
    rgb2      ISU 369    9.12   10.61  19.91  11.42
    rgb2      Esp38      12.10  20.80  12.37  9.66
    rgb2      RIL 252    6.23   9.42   11.06  20.17
    rgb2      MAGIC 456  24.43  15.27  14.43  12.01
    swir      ISU 369    5.00   5.83   7.55   15.03
    swir      Esp38      7.14   8.35   15.66  8.07
    swir      RIL 252    15.22  7.82   5.62   5.43
    swir      MAGIC 456  7.05   9.68   10.77  18.20

>>> schema_lookup(trait=""area_mm2"")
    modalities reporting this trait.
    trait     modality  modality_role       unit  trait_role
    --------  --------  ------------------  ----  ----------
    area_mm2  rgb2      top-view RGB        mm2   primary
    area_mm2  swir      SWIR hyperspectral  mm2   derived

OUTPUT FORMAT
Reply with exactly one line and nothing else:
ANSWER: <dose in mg kg-1, digits only>; <AGREES or DISAGREES>
","(db_lookup[96:322],schema_lookup[322:405])",200; AGREES,(depends on: round 2 answer ISU 369 and round 1 answer 200; on the rgb2 row for ISU 369 the largest usable cell is t200 -> 200; AGREES; ablations: reading the swir rows gives 1000; DISAGREES)
exp48-chain-0095-hard,1,dose_response_shape,"SESSION
You are analysing experiment 48 at the Norwood phenotyping facility: a zinc (Zn)
dose series on 6 Brassica napus (oilseed rape) accessions at 0, 10, 50, 100, 500
and 1000 mg kg-1, imaged over 28 days in six modalities.

This is a 6-round investigation. Each round gives you the results of the tool
calls it needs, already run; how many there are varies by round. Later rounds
build on what you established earlier and will not repeat it, so keep your own
answers.

TOOLS (results are inlined; you cannot issue new calls)
  db_lookup(table=, select=, where=, group_by=)   the measurement store
  schema_lookup(trait=)                           which modality records a trait, and in what unit
  qc_lookup(table=, select=, where=)              flags, exclusions, usable counts
  design_lookup(aspect=)                          the protocol: dose series, accession panel,
                                                  imaging rounds, replication plan
  literature_lookup(species=, property=)          published claims
  embedding_lookup(space=, query=, k=)            nearest accessions by profile similarity

TERMS
  treatment        the zinc dose, in mg kg-1
  genotype         the accession label
  Fv/Fm_Lss        photosystem-II efficiency, from the fc1 modality
  area_mm2         leaf area
  n_plants         distinct plants behind a cell
  round_to_round   variance of an accession's per-round means
  within_round     variance between plants inside one imaging round

ROUND 1 - TASK (dose_response_shape)
At which zinc dose does mean Fv/Fm_Lss peak across the panel?

RULES
1. Two rows in the store carry a similar trait name. Only the
   plant-level trait is the panel measurement; the dictionary says
   which that is.
2. A treatment cell must clear the usable-plant floor in the quality
   gate before it can be called a peak.
3. Judge the curve as a whole, not a single cell.

TOOL OUTPUTS

>>> qc_lookup(table=""fc1_values"", select=[""treatment"", ""n_plants_usable""], where=""trait='Fv/Fm_Lss'"")
    plants surviving QC per treatment; the floor for a panel claim is 10.
    treatment  n_plants_usable
    ---------  ---------------
    0          49
    10         58
    50         50
    100        5
    500        56
    1000       57

>>> schema_lookup(trait=""Fv/Fm_Lss"")
    trait dictionary: where the trait lives and at what entity level.
    trait          modality  table       unit  entity_level
    -------------  --------  ----------  ----  ------------
    Fv/Fm_Lss      fc1       fc1_values  a.u.  plant
    avg_Fv/Fm_Lss  fc1       fc1_values  a.u.  region

>>> db_lookup(table=""fc1_values"", select=[""trait"", ""mean_value""], where=""experiment_id=48"", group_by=[""trait"", ""treatment""])
    mean value by trait, one column per treatment (mg kg-1).
    trait          t0     t10    t50    t100   t500   t1000
    -------------  -----  -----  -----  -----  -----  -----
    Fv/Fm_Lss      0.494  0.504  0.522  0.538  0.453  0.418
    avg_Fv/Fm_Lss  0.390  0.388  0.397  0.411  0.419  0.575

OUTPUT FORMAT
Reply with exactly one line and nothing else:
ANSWER: <dose in mg kg-1, digits only>
","(qc_lookup[359:447],schema_lookup[447:545],db_lookup[545:696])",50,(depends on: -; the plant-level Fv/Fm_Lss row peaks at 0.522 on t50 -> 50; ablations: reading the alias row gives 1000; ignoring the quality gate gives 100 on 5 plants)
exp48-chain-0095-hard,2,transition_sensitivity,"ROUND 2 - TASK (transition_sensitivity)
Starting from the zinc dose you identified in round 1, which accession
loses the most Fv/Fm_Lss when the dose is raised to the next level of the
design series?

RULES
1. The store also holds a pilot dose that is not a level of the
   design series. The next level is the next one in the design
   table, which need not be the next column.
2. Only accessions in the core panel can be ranked; observational
   ones are carried for reference.
3. Compare each accession against itself across the two doses.

TOOL OUTPUTS

>>> design_lookup(aspect=""dose_series"")
    the design levels, in order. Doses absent here are pilot cells.
    level  treatment
    -----  ---------
    1      0
    2      10
    3      50
    4      100
    5      500
    6      1000

>>> design_lookup(aspect=""accession_panel"")
    panel membership for this experiment.
    genotype   panel_role
    ---------  -------------
    ISU 95     observational
    NIL 126    core
    MAGIC 154  core
    Ecm28      core
    95         core

>>> db_lookup(table=""fc1_values"", select=[""genotype"", ""mean_value""], where=""trait='Fv/Fm_Lss'"", group_by=[""genotype"", ""treatment""])
    mean Fv/Fm_Lss by accession, one column per treatment in the store.
    genotype   t10    t50    t75    t100
    ---------  -----  -----  -----  -----
    ISU 95     0.544  0.518  0.474  0.145
    NIL 126    0.522  0.509  0.471  0.465
    MAGIC 154  0.534  0.496  0.451  0.445
    Ecm28      0.539  0.515  0.363  0.355
    95         0.522  0.516  0.481  0.267

OUTPUT FORMAT
Reply with exactly one line and nothing else:
ANSWER: <accession label exactly as it appears in the table>
","(design_lookup[113:166],design_lookup[166:220],db_lookup[220:384])",95,"(depends on: round 1 answer 50; the step is t50->t100, not the adjacent column t75 which is a pilot cell; per-accession drop 95:+0.249  Ecm28:+0.160  MAGIC 154:+0.051  NIL 126:+0.044 -> 95; ablations: stepping to the next column instead of the next design level gives Ecm28; ranking without the panel table gives ISU 95, which is observational)"
exp48-chain-0095-hard,3,cross_modality_peak,"ROUND 3 - TASK (cross_modality_peak)
For the accession identified in round 2: at which dose does its leaf area
(area_mm2) peak, and does that dose agree with where Fv/Fm_Lss peaked
in round 1?

RULES
1. More than one modality reports this trait. Use the one the
   dictionary marks primary; the other is a derived estimate.
2. A cell flagged empty_mask carries no usable area and cannot be
   the peak. low_mask_coverage is on nearly every row and is not a
   reason to discard.
3. The verdict is AGREES when the area peak falls on the dose from
   round 1, and DISAGREES otherwise. Report both parts.

TOOL OUTPUTS

>>> qc_lookup(table=""rgb2_features"", select=[""genotype"", ""treatment"", ""flag""], where=""flag='empty_mask'"")
    cells voided by empty_mask.
    genotype  treatment  flag
    --------  ---------  ----------
    95        10         empty_mask
    ISU 95    1000       empty_mask

>>> db_lookup(table=""features"", select=[""modality"", ""genotype"", ""mean_area_mm2""], where=""trait='area_mm2'"", group_by=[""modality"", ""genotype"", ""treatment""])
    mean area_mm2 by modality and accession, one column per treatment.
    modality  genotype   t0     t10    t50    t1000
    --------  ---------  -----  -----  -----  -----
    rgb2      95         10.05  26.02  21.52  12.40
    rgb2      ISU 95     18.37  9.74   7.14   6.41
    rgb2      Ecm28      12.11  20.78  11.55  10.46
    rgb2      MAGIC 154  8.23   9.76   12.63  21.19
    swir      95         16.16  8.57   7.50   5.24
    swir      ISU 95     4.43   6.51   13.96  6.74
    swir      Ecm28      6.76   8.59   15.65  7.96
    swir      MAGIC 154  7.67   8.76   15.93  8.75

>>> schema_lookup(trait=""area_mm2"")
    modalities reporting this trait.
    trait     modality  modality_role       unit  trait_role
    --------  --------  ------------------  ----  ----------
    area_mm2  rgb2      top-view RGB        mm2   primary
    area_mm2  swir      SWIR hyperspectral  mm2   derived

OUTPUT FORMAT
Reply with exactly one line and nothing else:
ANSWER: <dose in mg kg-1, digits only>; <AGREES or DISAGREES>
","(qc_lookup[126:205],db_lookup[205:429],schema_lookup[429:512])",50; AGREES,(depends on: round 2 answer 95 and round 1 answer 50; on the rgb2 row for 95 the largest usable cell is t50 -> 50; AGREES; ablations: reading the swir rows gives 0; DISAGREES; ignoring empty_mask gives 10; DISAGREES)
exp48-chain-0095-hard,4,modality_coverage,"ROUND 4 - TASK (modality_coverage)
For the accession identified in round 2: which modalities hold usable feature
rows for it in this experiment?

RULES
1. A modality never scheduled for this experiment does not count,
   even if rows for it exist: those were carried over.
2. A modality whose rows are all flagged holds nothing usable.
3. List the modalities in the column order of the store table.

TOOL OUTPUTS

>>> db_lookup(table=""features"", select=[""genotype"", ""modality"", ""n_rows""], group_by=[""genotype"", ""modality""])
    feature rows per accession, one column per modality.
    genotype   fc1  rgb2  msc1  vnir  swir  s3d
    ---------  ---  ----  ----  ----  ----  ---
    95         0    61    62    25    26    37
    ISU 95     0    63    55    15    0     0
    Ecm28      0    66    61    24    18    0
    MAGIC 154  42   62    64    38    0     0

>>> design_lookup(aspect=""imaging_rounds"")
    imaging rounds scheduled per modality for this experiment.
    modality  records                   rounds_scheduled
    --------  ------------------------  ----------------
    fc1       chlorophyll fluorescence  41
    rgb2      top-view RGB              35
    msc1      multispectral             26
    vnir      VNIR hyperspectral        53
    swir      SWIR hyperspectral        21
    s3d       3-D structural scan       0

>>> qc_lookup(table=""features"", select=[""genotype"", ""modality"", ""n_usable""], group_by=[""genotype"", ""modality""])
    rows surviving QC, one column per modality.
    genotype   fc1  rgb2  msc1  vnir  swir  s3d
    ---------  ---  ----  ----  ----  ----  ---
    95         0    60    62    24    0     35
    ISU 95     0    60    55    15    0     0
    Ecm28      0    63    59    24    18    0
    MAGIC 154  39   61    61    36    0     0

OUTPUT FORMAT
Reply with exactly one line and nothing else:
ANSWER: <modalities, comma separated, in table column order>
","(db_lookup[82:199],design_lookup[199:298],qc_lookup[298:414])","rgb2, msc1, vnir","(depends on: round 2 answer 95; that row is non-zero for rgb2, msc1, vnir, swir, s3d, but s3d was never scheduled and swir has nothing left after QC -> rgb2, msc1, vnir; ablations: ignoring the schedule gives rgb2, msc1, vnir, s3d; ignoring the quality gate gives rgb2, msc1, vnir, swir)"
exp48-chain-0095-hard,5,power_check,"ROUND 5 - TASK (power_check)
For the accession identified in round 2, at the dose identified in round 1: is
that cell replicated well enough to carry a genotype-level claim, and on how
many plants does that verdict rest?

RULES
1. The count that matters is plants remaining after exclusions, not
   the raw count in the store.
2. The floor depends on the claim level and is set by this study's
   replication plan; do not assume a value.
3. Report the verdict and the count behind it.

TOOL OUTPUTS

>>> db_lookup(table=""fc1_values"", select=[""genotype"", ""n_plants""], group_by=[""genotype"", ""treatment""])
    plants recorded per accession, one column per treatment.
    genotype   t10  t50  t75  t100
    ---------  ---  ---  ---  ----
    95         56   18   37   15
    ISU 95     35   26   46   52
    Ecm28      11   17   27   32
    MAGIC 154  12   34   38   55

>>> qc_lookup(table=""fc1_values"", select=[""genotype"", ""n_plants_excluded""], where=""flag IN ('empty_mask', 'sentinel')"")
    plants excluded per cell, one column per treatment.
    genotype   t10  t50  t75  t100
    ---------  ---  ---  ---  ----
    95         0    4    2    4
    ISU 95     3    1    0    4
    Ecm28      2    0    0    4
    MAGIC 154  1    0    3    3

>>> design_lookup(aspect=""replication_plan"")
    minimum usable plants per claim level in this study.
    claim_level     min_usable_plants
    --------------  -----------------
    genotype-level  18
    panel-level     34

OUTPUT FORMAT
Reply with exactly one line and nothing else:
ANSWER: <WELL_REPLICATED or UNDERPOWERED>; <usable plants>
","(db_lookup[107:201],qc_lookup[201:299],design_lookup[299:361])",UNDERPOWERED; 14,"(depends on: round 2 answer 95 and round 1 answer 50; the store holds 18 plants for that cell, qc_lookup removes 4, and the floor is 18 -> UNDERPOWERED; 14; ablations: skipping the exclusions gives WELL_REPLICATED; 18; assuming the conventional floor of 10 gives WELL_REPLICATED; 14)"
exp48-chain-0095-hard,6,variance_regime,"ROUND 6 - TASK (variance_regime)
Name the cell -- accession and dose -- at which the accession identified in
round 2 first shows round-to-round variance of Fv/Fm_Lss exceeding its
within-round variance.

RULES
1. The two variances come from separate queries; compare them cell by
   cell.
2. A cell built on fewer than 3 imaging rounds is not
   comparable and must be skipped, however its numbers look.
3. Report the first qualifying dose reading left to right, not the
   largest gap, and name the accession alongside it.

TOOL OUTPUTS

>>> qc_lookup(table=""fc1_values"", select=[""genotype"", ""n_rounds""], where=""trait='Fv/Fm_Lss'"")
    imaging rounds behind each cell, one column per treatment.
    genotype   t0  t10  t50  t100  t500  t1000
    ---------  --  ---  ---  ----  ----  -----
    95         6   9    1    4     5     8
    ISU 95     7   9    8    7     4     5
    Ecm28      6   9    8    7     6     7
    MAGIC 154  4   7    7    4     8     6

>>> db_lookup(table=""fc1_values"", select=[""genotype"", ""within_round""], where=""trait='Fv/Fm_Lss'"", group_by=[""genotype"", ""treatment""])
    within-round variance, one column per treatment.
    genotype   t0     t10    t50    t100   t500   t1000
    ---------  -----  -----  -----  -----  -----  -----
    95         0.022  0.052  0.018  0.022  0.052  0.050
    ISU 95     0.031  0.034  0.053  0.074  0.087  0.047
    Ecm28      0.024  0.041  0.057  0.043  0.039  0.060
    MAGIC 154  0.036  0.004  0.026  0.042  0.047  0.054

>>> qc_lookup(table=""features"", select=[""flag"", ""n_rows""], group_by=[""flag""])
    flag totals over the whole experiment.
    flag               n_rows
    -----------------  ------
    low_mask_coverage  3902
    empty_mask         37
    sentinel           7

>>> db_lookup(table=""fc1_values"", select=[""genotype"", ""round_to_round""], where=""trait='Fv/Fm_Lss'"", group_by=[""genotype"", ""treatment""])
    round-to-round variance, one column per treatment.
    genotype   t0     t10    t50    t100   t500   t1000
    ---------  -----  -----  -----  -----  -----  -----
    95         0.013  0.026  0.041  0.052  0.062  0.074
    ISU 95     0.016  0.028  0.039  0.053  0.062  0.073
    Ecm28      0.015  0.027  0.038  0.052  0.064  0.077
    MAGIC 154  0.015  0.026  0.041  0.051  0.065  0.073

OUTPUT FORMAT
Reply with exactly one line and nothing else:
ANSWER: <accession>@<dose>
","(qc_lookup[111:224],db_lookup[224:405],qc_lookup[405:474],db_lookup[474:657])",95@100,"(depends on: round 2 answer 95; comparing the two variance tables cell by cell, 95 first crosses at t50, but that cell rests on 1 imaging round, under the 3 needed, so the first comparable crossing is t100 -> 95@100; ablations: taking the largest round-to-round value without the within-round table gives 95@1000; ignoring the round counts gives 95@50)"
exp128-chain-0096-hard,1,dose_response_shape,"SESSION
You are analysing experiment 128 at the Ashfield phenotyping facility: a nickel
(Ni) dose series on 6 Arabidopsis thaliana (arabidopsis) accessions at 0, 10, 50,
100, 500 and 1000 mg kg-1, imaged over 28 days in six modalities.

This is a 7-round investigation. Each round gives you the results of the tool
calls it needs, already run; how many there are varies by round. Later rounds
build on what you established earlier and will not repeat it, so keep your own
answers.

TOOLS (results are inlined; you cannot issue new calls)
  db_lookup(table=, select=, where=, group_by=)   the measurement store
  schema_lookup(trait=)                           which modality records a trait, and in what unit
  qc_lookup(table=, select=, where=)              flags, exclusions, usable counts
  design_lookup(aspect=)                          the protocol: dose series, accession panel,
                                                  imaging rounds, replication plan
  literature_lookup(species=, property=)          published claims
  embedding_lookup(space=, query=, k=)            nearest accessions by profile similarity

TERMS
  treatment        the nickel dose, in mg kg-1
  genotype         the accession label
  Fv/Fm_Lss        photosystem-II efficiency, from the fc1 modality
  area_mm2         leaf area
  n_plants         distinct plants behind a cell
  round_to_round   variance of an accession's per-round means
  within_round     variance between plants inside one imaging round

ROUND 1 - TASK (dose_response_shape)
At which nickel dose does mean Fv/Fm_Lss peak across the panel?

RULES
1. Two rows in the store carry a similar trait name. Only the
   plant-level trait is the panel measurement; the dictionary says
   which that is.
2. A treatment cell must clear the usable-plant floor in the quality
   gate before it can be called a peak.
3. Judge the curve as a whole, not a single cell.

TOOL OUTPUTS

>>> qc_lookup(table=""fc1_values"", select=[""treatment"", ""n_plants_usable""], where=""trait='Fv/Fm_Lss'"")
    plants surviving QC per treatment; the floor for a panel claim is 10.
    treatment  n_plants_usable
    ---------  ---------------
    0          6
    10         57
    50         48
    100        53
    500        58
    1000       59

>>> db_lookup(table=""fc1_values"", select=[""trait"", ""mean_value""], where=""experiment_id=128"", group_by=[""trait"", ""treatment""])
    mean value by trait, one column per treatment (mg kg-1).
    trait          t0     t10    t50    t100   t500   t1000
    -------------  -----  -----  -----  -----  -----  -----
    Fv/Fm_Lss      0.552  0.503  0.508  0.528  0.500  0.466
    avg_Fv/Fm_Lss  0.435  0.385  0.470  0.422  0.569  0.416

>>> schema_lookup(trait=""Fv/Fm_Lss"")
    trait dictionary: where the trait lives and at what entity level.
    trait          modality  table       unit  entity_level
    -------------  --------  ----------  ----  ------------
    Fv/Fm_Lss      fc1       fc1_values  a.u.  plant
    avg_Fv/Fm_Lss  fc1       fc1_values  a.u.  region

OUTPUT FORMAT
Reply with exactly one line and nothing else:
ANSWER: <dose in mg kg-1, digits only>
","(qc_lookup[358:446],db_lookup[446:597],schema_lookup[597:695])",100,(depends on: -; the plant-level Fv/Fm_Lss row peaks at 0.528 on t100 -> 100; ablations: reading the alias row gives 500; ignoring the quality gate gives 0 on 6 plants)
exp128-chain-0096-hard,2,transition_sensitivity,"ROUND 2 - TASK (transition_sensitivity)
Starting from the nickel dose you identified in round 1, which accession
loses the most Fv/Fm_Lss when the dose is raised to the next level of the
design series?

RULES
1. The store also holds a pilot dose that is not a level of the
   design series. The next level is the next one in the design
   table, which need not be the next column.
2. Only accessions in the core panel can be ranked; observational
   ones are carried for reference.
3. Compare each accession against itself across the two doses.

TOOL OUTPUTS

>>> db_lookup(table=""fc1_values"", select=[""genotype"", ""mean_value""], where=""trait='Fv/Fm_Lss'"", group_by=[""genotype"", ""treatment""])
    mean Fv/Fm_Lss by accession, one column per treatment in the store.
    genotype   t0     t100   t300   t500
    ---------  -----  -----  -----  -----
    MAGIC 446  0.523  0.481  0.311  0.297
    45         0.556  0.532  0.502  0.294
    Ecl60      0.536  0.512  0.490  0.477
    MAGIC 428  0.535  0.523  0.511  0.217
    NIL 108    0.543  0.499  0.476  0.434

>>> design_lookup(aspect=""accession_panel"")
    panel membership for this experiment.
    genotype   panel_role
    ---------  -------------
    MAGIC 446  core
    45         core
    Ecl60      core
    MAGIC 428  observational
    NIL 108    core

>>> design_lookup(aspect=""dose_series"")
    the design levels, in order. Doses absent here are pilot cells.
    level  treatment
    -----  ---------
    1      0
    2      10
    3      50
    4      100
    5      500
    6      1000

OUTPUT FORMAT
Reply with exactly one line and nothing else:
ANSWER: <accession label exactly as it appears in the table>
","(db_lookup[113:277],design_lookup[277:331],design_lookup[331:384])",45,"(depends on: round 1 answer 100; the step is t100->t500, not the adjacent column t300 which is a pilot cell; per-accession drop 45:+0.238  MAGIC 446:+0.184  NIL 108:+0.065  Ecl60:+0.035 -> 45; ablations: stepping to the next column instead of the next design level gives MAGIC 446; ranking without the panel table gives MAGIC 428, which is observational)"
exp128-chain-0096-hard,3,cross_modality_peak,"ROUND 3 - TASK (cross_modality_peak)
For the accession identified in round 2: at which dose does its leaf area
(area_mm2) peak, and does that dose agree with where Fv/Fm_Lss peaked
in round 1?

RULES
1. More than one modality reports this trait. Use the one the
   dictionary marks primary; the other is a derived estimate.
2. A cell flagged empty_mask carries no usable area and cannot be
   the peak. low_mask_coverage is on nearly every row and is not a
   reason to discard.
3. The verdict is AGREES when the area peak falls on the dose from
   round 1, and DISAGREES otherwise. Report both parts.

TOOL OUTPUTS

>>> qc_lookup(table=""rgb2_features"", select=[""genotype"", ""treatment"", ""flag""], where=""flag='empty_mask'"")
    cells voided by empty_mask.
    genotype   treatment  flag
    ---------  ---------  ----------
    45         1000       empty_mask
    MAGIC 428  1000       empty_mask

>>> db_lookup(table=""features"", select=[""modality"", ""genotype"", ""mean_area_mm2""], where=""trait='area_mm2'"", group_by=[""modality"", ""genotype"", ""treatment""])
    mean area_mm2 by modality and accession, one column per treatment.
    modality  genotype   t0     t50    t100   t1000
    --------  ---------  -----  -----  -----  -----
    rgb2      45         9.59   11.62  20.24  24.74
    rgb2      MAGIC 428  19.38  10.72  7.96   6.60
    rgb2      MAGIC 446  8.02   9.87   12.22  20.88
    rgb2      NIL 108    14.98  24.26  15.10  12.68
    vnir      45         15.27  7.94   5.76   5.07
    vnir      MAGIC 428  5.78   7.62   14.66  7.11
    vnir      MAGIC 446  8.63   15.72  8.46   7.20
    vnir      NIL 108    9.47   10.44  18.08  10.29

>>> schema_lookup(trait=""area_mm2"")
    modalities reporting this trait.
    trait     modality  modality_role       unit  trait_role
    --------  --------  ------------------  ----  ----------
    area_mm2  rgb2      top-view RGB        mm2   primary
    area_mm2  vnir      VNIR hyperspectral  mm2   derived

OUTPUT FORMAT
Reply with exactly one line and nothing else:
ANSWER: <dose in mg kg-1, digits only>; <AGREES or DISAGREES>
","(qc_lookup[126:206],db_lookup[206:432],schema_lookup[432:515])",100; AGREES,(depends on: round 2 answer 45 and round 1 answer 100; on the rgb2 row for 45 the largest usable cell is t100 -> 100; AGREES; ablations: reading the vnir rows gives 0; DISAGREES; ignoring empty_mask gives 1000; DISAGREES)
exp128-chain-0096-hard,4,modality_coverage,"ROUND 4 - TASK (modality_coverage)
For the accession identified in round 2: which modalities hold usable feature
rows for it in this experiment?

RULES
1. A modality never scheduled for this experiment does not count,
   even if rows for it exist: those were carried over.
2. A modality whose rows are all flagged holds nothing usable.
3. List the modalities in the column order of the store table.

TOOL OUTPUTS

>>> design_lookup(aspect=""imaging_rounds"")
    imaging rounds scheduled per modality for this experiment.
    modality  records                   rounds_scheduled
    --------  ------------------------  ----------------
    fc1       chlorophyll fluorescence  39
    rgb2      top-view RGB              53
    msc1      multispectral             51
    vnir      VNIR hyperspectral        0
    swir      SWIR hyperspectral        49
    s3d       3-D structural scan       58

>>> db_lookup(table=""features"", select=[""genotype"", ""modality"", ""n_rows""], group_by=[""genotype"", ""modality""])
    feature rows per accession, one column per modality.
    genotype   fc1  rgb2  msc1  vnir  swir  s3d
    ---------  ---  ----  ----  ----  ----  ---
    45         43   61    63    26    0     0
    MAGIC 428  34   57    63    0     0     32
    MAGIC 446  0    62    67    0     0     23
    NIL 108    23   59    62    0     0     23

>>> qc_lookup(table=""features"", select=[""genotype"", ""modality"", ""n_usable""], group_by=[""genotype"", ""modality""])
    rows surviving QC, one column per modality.
    genotype   fc1  rgb2  msc1  vnir  swir  s3d
    ---------  ---  ----  ----  ----  ----  ---
    45         0    60    62    23    0     0
    MAGIC 428  33   55    60    0     0     30
    MAGIC 446  0    61    65    0     0     21
    NIL 108    23   57    59    0     0     21

OUTPUT FORMAT
Reply with exactly one line and nothing else:
ANSWER: <modalities, comma separated, in table column order>
","(design_lookup[82:181],db_lookup[181:299],qc_lookup[299:416])","rgb2, msc1","(depends on: round 2 answer 45; that row is non-zero for fc1, rgb2, msc1, vnir, but vnir was never scheduled and fc1 has nothing left after QC -> rgb2, msc1; ablations: ignoring the schedule gives rgb2, msc1, vnir; ignoring the quality gate gives fc1, rgb2, msc1)"
exp128-chain-0096-hard,5,power_check,"ROUND 5 - TASK (power_check)
For the accession identified in round 2, at the dose identified in round 1: is
that cell replicated well enough to carry a genotype-level claim, and on how
many plants does that verdict rest?

RULES
1. The count that matters is plants remaining after exclusions, not
   the raw count in the store.
2. The floor depends on the claim level and is set by this study's
   replication plan; do not assume a value.
3. Report the verdict and the count behind it.

TOOL OUTPUTS

>>> qc_lookup(table=""fc1_values"", select=[""genotype"", ""n_plants_excluded""], where=""flag IN ('empty_mask', 'sentinel')"")
    plants excluded per cell, one column per treatment.
    genotype   t0  t100  t300  t500
    ---------  --  ----  ----  ----
    45         0   3     3     2
    MAGIC 428  2   1     0     1
    MAGIC 446  0   1     1     0
    NIL 108    3   2     3     1

>>> db_lookup(table=""fc1_values"", select=[""genotype"", ""n_plants""], group_by=[""genotype"", ""treatment""])
    plants recorded per accession, one column per treatment.
    genotype   t0  t100  t300  t500
    ---------  --  ----  ----  ----
    45         20  12    15    48
    MAGIC 428  17  45    44    37
    MAGIC 446  47  7     46    30
    NIL 108    52  12    14    10

>>> design_lookup(aspect=""replication_plan"")
    minimum usable plants per claim level in this study.
    claim_level     min_usable_plants
    --------------  -----------------
    genotype-level  8
    panel-level     29

OUTPUT FORMAT
Reply with exactly one line and nothing else:
ANSWER: <WELL_REPLICATED or UNDERPOWERED>; <usable plants>
","(qc_lookup[107:207],db_lookup[207:303],design_lookup[303:365])",WELL_REPLICATED; 9,"(depends on: round 2 answer 45 and round 1 answer 100; the store holds 12 plants for that cell, qc_lookup removes 3, and the floor is 8 -> WELL_REPLICATED; 9; ablations: skipping the exclusions gives WELL_REPLICATED; 12; assuming the conventional floor of 10 gives UNDERPOWERED; 9)"
exp128-chain-0096-hard,6,variance_regime,"ROUND 6 - TASK (variance_regime)
Name the cell -- accession and dose -- at which the accession identified in
round 2 first shows round-to-round variance of Fv/Fm_Lss exceeding its
within-round variance.

RULES
1. The two variances come from separate queries; compare them cell by
   cell.
2. A cell built on fewer than 3 imaging rounds is not
   comparable and must be skipped, however its numbers look.
3. Report the first qualifying dose reading left to right, not the
   largest gap, and name the accession alongside it.

TOOL OUTPUTS

>>> db_lookup(table=""fc1_values"", select=[""genotype"", ""round_to_round""], where=""trait='Fv/Fm_Lss'"", group_by=[""genotype"", ""treatment""])
    round-to-round variance, one column per treatment.
    genotype   t0     t10    t50    t100   t500   t1000
    ---------  -----  -----  -----  -----  -----  -----
    45         0.015  0.028  0.038  0.049  0.062  0.074
    MAGIC 428  0.016  0.025  0.040  0.049  0.061  0.076
    MAGIC 446  0.016  0.028  0.040  0.049  0.062  0.073
    NIL 108    0.017  0.027  0.039  0.049  0.062  0.076

>>> db_lookup(table=""fc1_values"", select=[""genotype"", ""within_round""], where=""trait='Fv/Fm_Lss'"", group_by=[""genotype"", ""treatment""])
    within-round variance, one column per treatment.
    genotype   t0     t10    t50    t100   t500   t1000
    ---------  -----  -----  -----  -----  -----  -----
    45         0.023  0.054  0.059  0.041  0.042  0.055
    MAGIC 428  0.038  0.042  0.053  0.069  0.055  0.047
    MAGIC 446  0.039  0.051  0.068  0.073  0.081  0.059
    NIL 108    0.039  0.019  0.028  0.037  0.038  0.062

>>> qc_lookup(table=""fc1_values"", select=[""genotype"", ""n_rounds""], where=""trait='Fv/Fm_Lss'"")
    imaging rounds behind each cell, one column per treatment.
    genotype   t0  t10  t50  t100  t500  t1000
    ---------  --  ---  ---  ----  ----  -----
    45         6   9    4    2     9     5
    MAGIC 428  5   9    8    5     8     5
    MAGIC 446  5   6    7    5     7     9
    NIL 108    5   7    4    9     8     5

OUTPUT FORMAT
Reply with exactly one line and nothing else:
ANSWER: <accession>@<dose>
","(db_lookup[111:295],db_lookup[295:477],qc_lookup[477:591])",45@500,"(depends on: round 2 answer 45; comparing the two variance tables cell by cell, 45 first crosses at t100, but that cell rests on 2 imaging rounds, under the 3 needed, so the first comparable crossing is t500 -> 45@500; ablations: taking the largest round-to-round value without the within-round table gives 45@1000; ignoring the round counts gives 45@100)"
exp128-chain-0096-hard,7,literature_audit,"ROUND 7 - TASK (literature_audit)
Three published claims are on file. Judge the one that concerns this
experiment's species against the accession identified in round 2, and say
which source you judged.

RULES
1. Exactly one source concerns the species under study here; the others
   are about different species and are not yours to judge.
2. OUT_OF_SCOPE if the source's studied dose range does not overlap
   this experiment's series: the claim cannot be tested here.
3. Otherwise SUPPORTED if the claimed peak matches that accession's own
   measured peak, CONTRADICTED if it does not.
4. Report the verdict and the source.

TOOL OUTPUTS

>>> design_lookup(aspect=""dose_series"")
    the design levels of this experiment, in order.
    level  treatment
    -----  ---------
    1      0
    2      10
    3      50
    4      100
    5      500
    6      1000

>>> db_lookup(table=""fc1_values"", select=[""genotype"", ""peak_treatment""], where=""trait='Fv/Fm_Lss'"", group_by=[""genotype""])
    the treatment at which each accession's own Fv/Fm_Lss is highest.
    genotype   peak_treatment
    ---------  --------------
    45         10
    MAGIC 428  0
    MAGIC 446  50
    NIL 108    0

>>> literature_lookup(species=""Arabidopsis thaliana"", property=""hormesis"")
    published peak-dose claims, with the dose range each study covered (mg kg-1).
    source          species               property  claimed_peak  range_studied
    --------------  --------------------  --------  ------------  -------------
    lit:Thorne2015  Camelina sativa       hormesis  100           0-1000
    lit:Thorne2021  Arabidopsis thaliana  hormesis  50            0-1000
    lit:Kramer2015  Brassica napus        hormesis  0             0-1000

OUTPUT FORMAT
Reply with exactly one line and nothing else:
ANSWER: <SUPPORTED, CONTRADICTED or OUT_OF_SCOPE>; <source id>
","(design_lookup[126:175],db_lookup[175:269],literature_lookup[269:409])",CONTRADICTED; lit:Thorne2021,"(depends on: round 2 answer 45; only lit:Thorne2021 concerns Arabidopsis thaliana; it claims a peak at 50 mg kg-1 over 0-1000, against a series topping out at 1000 and a measured peak of 10 for that accession -> CONTRADICTED; lit:Thorne2021; ablations: judging a source about another species gives CONTRADICTED; lit:Thorne2015; skipping the scope check gives CONTRADICTED; lit:Thorne2021)"
exp74-chain-0097-medium,1,dose_response_shape,"SESSION
You are analysing experiment 74 at the Ashfield phenotyping facility: a zinc (Zn)
dose series on 6 Camelina sativa (camelina) accessions at 0, 50, 100, 200, 500 and
1000 mg kg-1, imaged over 28 days in six modalities.

This is a 4-round investigation. Each round gives you the results of the tool
calls it needs, already run; how many there are varies by round. Later rounds
build on what you established earlier and will not repeat it, so keep your own
answers.

TOOLS (results are inlined; you cannot issue new calls)
  db_lookup(table=, select=, where=, group_by=)   the measurement store
  schema_lookup(trait=)                           which modality records a trait, and in what unit
  qc_lookup(table=, select=, where=)              flags, exclusions, usable counts
  design_lookup(aspect=)                          the protocol: dose series, accession panel,
                                                  imaging rounds, replication plan
  literature_lookup(species=, property=)          published claims
  embedding_lookup(space=, query=, k=)            nearest accessions by profile similarity

TERMS
  treatment        the zinc dose, in mg kg-1
  genotype         the accession label
  Fv/Fm_Lss        photosystem-II efficiency, from the fc1 modality
  area_mm2         leaf area
  n_plants         distinct plants behind a cell
  round_to_round   variance of an accession's per-round means
  within_round     variance between plants inside one imaging round

ROUND 1 - TASK (dose_response_shape)
At which zinc dose does mean Fv/Fm_Lss peak across the panel?

RULES
1. Two rows in the store carry a similar trait name. Only the
   plant-level trait is the panel measurement; the dictionary says
   which that is.
2. A treatment cell must clear the usable-plant floor in the quality
   gate before it can be called a peak.
3. Judge the curve as a whole, not a single cell.

TOOL OUTPUTS

>>> db_lookup(table=""fc1_values"", select=[""trait"", ""mean_value""], where=""experiment_id=74"", group_by=[""trait"", ""treatment""])
    mean value by trait, one column per treatment (mg kg-1).
    trait          t0     t50    t100   t200   t500   t1000
    -------------  -----  -----  -----  -----  -----  -----
    Fv/Fm_Lss      0.478  0.497  0.545  0.530  0.493  0.464
    avg_Fv/Fm_Lss  0.468  0.567  0.409  0.402  0.447  0.419

>>> qc_lookup(table=""fc1_values"", select=[""treatment"", ""n_plants_usable""], where=""trait='Fv/Fm_Lss'"")
    plants surviving QC per treatment; the floor for a panel claim is 8.
    treatment  n_plants_usable
    ---------  ---------------
    0          59
    50         51
    100        3
    200        56
    500        51
    1000       55

>>> schema_lookup(trait=""Fv/Fm_Lss"")
    trait dictionary: where the trait lives and at what entity level.
    trait          modality  table       unit  entity_level
    -------------  --------  ----------  ----  ------------
    Fv/Fm_Lss      fc1       fc1_values  a.u.  plant
    avg_Fv/Fm_Lss  fc1       fc1_values  a.u.  region

OUTPUT FORMAT
Reply with exactly one line and nothing else:
ANSWER: <dose in mg kg-1, digits only>
","(db_lookup[358:509],qc_lookup[509:597],schema_lookup[597:695])",200,(depends on: -; the plant-level Fv/Fm_Lss row peaks at 0.530 on t200 -> 200; ablations: reading the alias row gives 50; ignoring the quality gate gives 100 on 3 plants)
exp74-chain-0097-medium,2,transition_sensitivity,"ROUND 2 - TASK (transition_sensitivity)
Starting from the zinc dose you identified in round 1, which accession
loses the most Fv/Fm_Lss when the dose is raised to the next level of the
design series?

RULES
1. The store also holds a pilot dose that is not a level of the
   design series. The next level is the next one in the design
   table, which need not be the next column.
2. Only accessions in the core panel can be ranked; observational
   ones are carried for reference.
3. Compare each accession against itself across the two doses.

TOOL OUTPUTS

>>> design_lookup(aspect=""accession_panel"")
    panel membership for this experiment.
    genotype  panel_role
    --------  -------------
    MAGIC 65  observational
    RIL 83    core
    55        core
    ISU 248   core
    92        core

>>> design_lookup(aspect=""dose_series"")
    the design levels, in order. Doses absent here are pilot cells.
    level  treatment
    -----  ---------
    1      0
    2      50
    3      100
    4      200
    5      500
    6      1000

>>> db_lookup(table=""fc1_values"", select=[""genotype"", ""mean_value""], where=""trait='Fv/Fm_Lss'"", group_by=[""genotype"", ""treatment""])
    mean Fv/Fm_Lss by accession, one column per treatment in the store.
    genotype  t0     t200   t350   t500
    --------  -----  -----  -----  -----
    MAGIC 65  0.530  0.518  0.474  0.176
    RIL 83    0.527  0.492  0.469  0.453
    55        0.540  0.519  0.355  0.342
    ISU 248   0.544  0.535  0.493  0.295
    92        0.524  0.486  0.472  0.457

OUTPUT FORMAT
Reply with exactly one line and nothing else:
ANSWER: <accession label exactly as it appears in the table>
","(design_lookup[113:166],design_lookup[166:219],db_lookup[219:382])",ISU 248,"(depends on: round 1 answer 200; the step is t200->t500, not the adjacent column t350 which is a pilot cell; per-accession drop ISU 248:+0.240  55:+0.177  RIL 83:+0.039  92:+0.029 -> ISU 248; ablations: stepping to the next column instead of the next design level gives 55; ranking without the panel table gives MAGIC 65, which is observational)"
exp74-chain-0097-medium,3,cross_modality_peak,"ROUND 3 - TASK (cross_modality_peak)
For the accession identified in round 2: at which dose does its leaf area
(area_mm2) peak, and does that dose agree with where Fv/Fm_Lss peaked
in round 1?

RULES
1. A cell flagged empty_mask carries no usable area and cannot be
   the peak. low_mask_coverage is on nearly every row and is not a
   reason to discard.
2. The verdict is AGREES when the area peak falls on the dose from
   round 1, and DISAGREES otherwise. Report both parts.

TOOL OUTPUTS

>>> db_lookup(table=""features"", select=[""modality"", ""genotype"", ""mean_area_mm2""], where=""trait='area_mm2'"", group_by=[""modality"", ""genotype"", ""treatment""])
    mean area_mm2 by modality and accession, one column per treatment.
    modality  genotype  t0     t50    t100   t200
    --------  --------  -----  -----  -----  -----
    rgb2      ISU 248   24.93  15.77  29.43  12.92
    rgb2      MAGIC 65  9.56   10.03  12.28  21.01
    rgb2      92        12.55  14.92  23.80  14.79
    rgb2      55        13.35  21.79  12.68  10.66

>>> qc_lookup(table=""rgb2_features"", select=[""genotype"", ""treatment"", ""flag""], where=""flag='empty_mask'"")
    cells voided by empty_mask.
    genotype  treatment  flag
    --------  ---------  ----------
    ISU 248   100        empty_mask
    MAGIC 65  100        empty_mask

OUTPUT FORMAT
Reply with exactly one line and nothing else:
ANSWER: <dose in mg kg-1, digits only>; <AGREES or DISAGREES>
","(db_lookup[101:266],qc_lookup[266:346])",0; DISAGREES,(depends on: round 2 answer ISU 248 and round 1 answer 200; on the rgb2 row for ISU 248 the largest usable cell is t0 -> 0; DISAGREES; ablations: ignoring empty_mask gives 100; DISAGREES)
exp74-chain-0097-medium,4,modality_coverage,"ROUND 4 - TASK (modality_coverage)
For the accession identified in round 2: which modalities hold usable feature
rows for it in this experiment?

RULES
1. A modality never scheduled for this experiment does not count,
   even if rows for it exist: those were carried over.
2. A modality whose rows are all flagged holds nothing usable.
3. List the modalities in the column order of the store table.

TOOL OUTPUTS

>>> db_lookup(table=""features"", select=[""genotype"", ""modality"", ""n_rows""], group_by=[""genotype"", ""modality""])
    feature rows per accession, one column per modality.
    genotype  fc1  rgb2  msc1  vnir  swir  s3d
    --------  ---  ----  ----  ----  ----  ---
    ISU 248   0    59    67    0     45    30
    MAGIC 65  0    66    59    44    26    0
    92        0    63    63    0     48    0
    55        0    60    55    14    35    0

>>> qc_lookup(table=""features"", select=[""genotype"", ""modality"", ""n_usable""], group_by=[""genotype"", ""modality""])
    rows surviving QC, one column per modality.
    genotype  fc1  rgb2  msc1  vnir  swir  s3d
    --------  ---  ----  ----  ----  ----  ---
    ISU 248   0    58    64    0     0     27
    MAGIC 65  0    66    59    43    26    0
    92        0    61    60    0     45    0
    55        0    58    55    12    34    0

>>> design_lookup(aspect=""imaging_rounds"")
    imaging rounds scheduled per modality for this experiment.
    modality  records                   rounds_scheduled
    --------  ------------------------  ----------------
    fc1       chlorophyll fluorescence  39
    rgb2      top-view RGB              42
    msc1      multispectral             67
    vnir      VNIR hyperspectral        28
    swir      SWIR hyperspectral        26
    s3d       3-D structural scan       0

OUTPUT FORMAT
Reply with exactly one line and nothing else:
ANSWER: <modalities, comma separated, in table column order>
","(db_lookup[82:198],qc_lookup[198:313],design_lookup[313:412])","rgb2, msc1","(depends on: round 2 answer ISU 248; that row is non-zero for rgb2, msc1, swir, s3d, but s3d was never scheduled and swir has nothing left after QC -> rgb2, msc1; ablations: ignoring the schedule gives rgb2, msc1, s3d; ignoring the quality gate gives rgb2, msc1, swir)"
exp105-chain-0098-hard,1,dose_response_shape,"SESSION
You are analysing experiment 105 at the Ridgefield phenotyping facility: a nickel
(Ni) dose series on 6 Camelina sativa (camelina) accessions at 0, 50, 100, 200,
500 and 1000 mg kg-1, imaged over 28 days in six modalities.

This is a 6-round investigation. Each round gives you the results of the tool
calls it needs, already run; how many there are varies by round. Later rounds
build on what you established earlier and will not repeat it, so keep your own
answers.

TOOLS (results are inlined; you cannot issue new calls)
  db_lookup(table=, select=, where=, group_by=)   the measurement store
  schema_lookup(trait=)                           which modality records a trait, and in what unit
  qc_lookup(table=, select=, where=)              flags, exclusions, usable counts
  design_lookup(aspect=)                          the protocol: dose series, accession panel,
                                                  imaging rounds, replication plan
  literature_lookup(species=, property=)          published claims
  embedding_lookup(space=, query=, k=)            nearest accessions by profile similarity

TERMS
  treatment        the nickel dose, in mg kg-1
  genotype         the accession label
  Fv/Fm_Lss        photosystem-II efficiency, from the fc1 modality
  area_mm2         leaf area
  n_plants         distinct plants behind a cell
  round_to_round   variance of an accession's per-round means
  within_round     variance between plants inside one imaging round

ROUND 1 - TASK (dose_response_shape)
At which nickel dose does mean Fv/Fm_Lss peak across the panel?

RULES
1. Two rows in the store carry a similar trait name. Only the
   plant-level trait is the panel measurement; the dictionary says
   which that is.
2. A treatment cell must clear the usable-plant floor in the quality
   gate before it can be called a peak.
3. Judge the curve as a whole, not a single cell.

TOOL OUTPUTS

>>> schema_lookup(trait=""Fv/Fm_Lss"")
    trait dictionary: where the trait lives and at what entity level.
    trait          modality  table       unit  entity_level
    -------------  --------  ----------  ----  ------------
    Fv/Fm_Lss      fc1       fc1_values  a.u.  plant
    avg_Fv/Fm_Lss  fc1       fc1_values  a.u.  region

>>> qc_lookup(table=""fc1_values"", select=[""treatment"", ""n_plants_usable""], where=""trait='Fv/Fm_Lss'"")
    plants surviving QC per treatment; the floor for a panel claim is 15.
    treatment  n_plants_usable
    ---------  ---------------
    0          60
    50         53
    100        4
    200        53
    500        55
    1000       59

>>> schema_lookup(trait=""plant_height_mm"")
    trait dictionary entry.
    trait            modality  table         unit  entity_level
    ---------------  --------  ------------  ----  ------------
    plant_height_mm  s3d       s3d_features  mm    plant

>>> db_lookup(table=""fc1_values"", select=[""trait"", ""mean_value""], where=""experiment_id=105"", group_by=[""trait"", ""treatment""])
    mean value by trait, one column per treatment (mg kg-1).
    trait          t0     t50    t100   t200   t500   t1000
    -------------  -----  -----  -----  -----  -----  -----
    Fv/Fm_Lss      0.483  0.489  0.552  0.520  0.490  0.451
    avg_Fv/Fm_Lss  0.561  0.410  0.426  0.386  0.429  0.441

OUTPUT FORMAT
Reply with exactly one line and nothing else:
ANSWER: <dose in mg kg-1, digits only>
","(schema_lookup[358:456],qc_lookup[456:544],schema_lookup[544:620],db_lookup[620:771])",200,(depends on: -; the plant-level Fv/Fm_Lss row peaks at 0.520 on t200 -> 200; ablations: reading the alias row gives 0; ignoring the quality gate gives 100 on 4 plants)
exp105-chain-0098-hard,2,transition_sensitivity,"ROUND 2 - TASK (transition_sensitivity)
Starting from the nickel dose you identified in round 1, which accession
loses the most Fv/Fm_Lss when the dose is raised to the next level of the
design series?

RULES
1. The store also holds a pilot dose that is not a level of the
   design series. The next level is the next one in the design
   table, which need not be the next column.
2. Only accessions in the core panel can be ranked; observational
   ones are carried for reference.
3. Compare each accession against itself across the two doses.

TOOL OUTPUTS

>>> design_lookup(aspect=""dose_series"")
    the design levels, in order. Doses absent here are pilot cells.
    level  treatment
    -----  ---------
    1      0
    2      50
    3      100
    4      200
    5      500
    6      1000

>>> design_lookup(aspect=""accession_panel"")
    panel membership for this experiment.
    genotype  panel_role
    --------  -------------
    Ecm26     core
    ISU 401   core
    62        core
    MAGIC 71  observational
    ISU 237   core

>>> db_lookup(table=""fc1_values"", select=[""genotype"", ""mean_value""], where=""trait='Fv/Fm_Lss'"", group_by=[""genotype"", ""treatment""])
    mean Fv/Fm_Lss by accession, one column per treatment in the store.
    genotype  t50    t200   t350   t500
    --------  -----  -----  -----  -----
    Ecm26     0.534  0.525  0.515  0.484
    ISU 401   0.544  0.510  0.476  0.284
    62        0.521  0.498  0.334  0.326
    MAGIC 71  0.552  0.535  0.518  0.211
    ISU 237   0.543  0.537  0.509  0.504

OUTPUT FORMAT
Reply with exactly one line and nothing else:
ANSWER: <accession label exactly as it appears in the table>
","(design_lookup[113:166],design_lookup[166:219],db_lookup[219:382])",ISU 401,"(depends on: round 1 answer 200; the step is t200->t500, not the adjacent column t350 which is a pilot cell; per-accession drop ISU 401:+0.226  62:+0.172  Ecm26:+0.041  ISU 237:+0.033 -> ISU 401; ablations: stepping to the next column instead of the next design level gives 62; ranking without the panel table gives MAGIC 71, which is observational)"
exp105-chain-0098-hard,3,cross_modality_peak,"ROUND 3 - TASK (cross_modality_peak)
For the accession identified in round 2: at which dose does its leaf area
(area_mm2) peak, and does that dose agree with where Fv/Fm_Lss peaked
in round 1?

RULES
1. More than one modality reports this trait. Use the one the
   dictionary marks primary; the other is a derived estimate.
2. A cell flagged empty_mask carries no usable area and cannot be
   the peak. low_mask_coverage is on nearly every row and is not a
   reason to discard.
3. The verdict is AGREES when the area peak falls on the dose from
   round 1, and DISAGREES otherwise. Report both parts.

TOOL OUTPUTS

>>> schema_lookup(trait=""area_mm2"")
    modalities reporting this trait.
    trait     modality  modality_role       unit  trait_role
    --------  --------  ------------------  ----  ----------
    area_mm2  rgb2      top-view RGB        mm2   primary
    area_mm2  swir      SWIR hyperspectral  mm2   derived

>>> qc_lookup(table=""rgb2_features"", select=[""genotype"", ""treatment"", ""flag""], where=""flag='empty_mask'"")
    cells voided by empty_mask.
    genotype  treatment  flag
    --------  ---------  ----------
    ISU 401   0          empty_mask
    MAGIC 71  1000       empty_mask

>>> db_lookup(table=""features"", select=[""modality"", ""genotype"", ""mean_area_mm2""], where=""trait='area_mm2'"", group_by=[""modality"", ""genotype"", ""treatment""])
    mean area_mm2 by modality and accession, one column per treatment.
    modality  genotype  t0     t100   t200   t1000
    --------  --------  -----  -----  -----  -----
    rgb2      ISU 401   26.93  13.15  22.43  13.91
    rgb2      MAGIC 71  10.23  18.65  9.84   7.02
    rgb2      ISU 237   7.89   9.88   13.12  21.54
    rgb2      Ecm26     18.80  10.40  8.38   7.26
    swir      ISU 401   9.78   16.80  9.44   8.21
    swir      MAGIC 71  3.65   5.35   6.52   14.16
    swir      ISU 237   16.17  8.55   7.17   6.42
    swir      Ecm26     5.60   6.81   14.26  6.82

OUTPUT FORMAT
Reply with exactly one line and nothing else:
ANSWER: <dose in mg kg-1, digits only>; <AGREES or DISAGREES>
","(schema_lookup[126:209],qc_lookup[209:289],db_lookup[289:514])",200; AGREES,(depends on: round 2 answer ISU 401 and round 1 answer 200; on the rgb2 row for ISU 401 the largest usable cell is t200 -> 200; AGREES; ablations: reading the swir rows gives 100; DISAGREES; ignoring empty_mask gives 0; DISAGREES)
exp105-chain-0098-hard,4,modality_coverage,"ROUND 4 - TASK (modality_coverage)
For the accession identified in round 2: which modalities hold usable feature
rows for it in this experiment?

RULES
1. A modality never scheduled for this experiment does not count,
   even if rows for it exist: those were carried over.
2. A modality whose rows are all flagged holds nothing usable.
3. List the modalities in the column order of the store table.

TOOL OUTPUTS

>>> design_lookup(aspect=""imaging_rounds"")
    imaging rounds scheduled per modality for this experiment.
    modality  records                   rounds_scheduled
    --------  ------------------------  ----------------
    fc1       chlorophyll fluorescence  27
    rgb2      top-view RGB              21
    msc1      multispectral             54
    vnir      VNIR hyperspectral        24
    swir      SWIR hyperspectral        24
    s3d       3-D structural scan       0

>>> db_lookup(table=""features"", select=[""genotype"", ""modality"", ""n_rows""], group_by=[""genotype"", ""modality""])
    feature rows per accession, one column per modality.
    genotype  fc1  rgb2  msc1  vnir  swir  s3d
    --------  ---  ----  ----  ----  ----  ---
    ISU 401   20   55    57    0     35    47
    MAGIC 71  0    56    59    35    0     0
    ISU 237   0    62    59    30    0     0
    Ecm26     29   57    61    28    0     0

>>> qc_lookup(table=""features"", select=[""genotype"", ""modality"", ""n_usable""], group_by=[""genotype"", ""modality""])
    rows surviving QC, one column per modality.
    genotype  fc1  rgb2  msc1  vnir  swir  s3d
    --------  ---  ----  ----  ----  ----  ---
    ISU 401   0    53    54    0     33    45
    MAGIC 71  0    55    58    33    0     0
    ISU 237   0    61    56    30    0     0
    Ecm26     27   56    58    28    0     0

OUTPUT FORMAT
Reply with exactly one line and nothing else:
ANSWER: <modalities, comma separated, in table column order>
","(design_lookup[82:181],db_lookup[181:298],qc_lookup[298:414])","rgb2, msc1, swir","(depends on: round 2 answer ISU 401; that row is non-zero for fc1, rgb2, msc1, swir, s3d, but s3d was never scheduled and fc1 has nothing left after QC -> rgb2, msc1, swir; ablations: ignoring the schedule gives rgb2, msc1, swir, s3d; ignoring the quality gate gives fc1, rgb2, msc1, swir)"
exp105-chain-0098-hard,5,analogue_search,"ROUND 5 - TASK (analogue_search)
For the accession identified in round 2: which accession is its nearest
analogue by Fv/Fm_Lss dose-response profile, and does that analogue's own
peak fall on the dose you identified in round 1?

RULES
1. Take the nearest neighbour that is eligible: observational
   accessions cannot be analogues.
2. Neighbours are listed in descending similarity.
3. Report the analogue, then MATCHES if its own peak is the dose from
   round 1 and DIVERGES if it is not.

TOOL OUTPUTS

>>> embedding_lookup(space=""dose_response_profile"", query=""panel"", k=3)
    nearest accessions by Fv/Fm_Lss profile, for every panel member.
    genotype  neighbour_1       neighbour_2      neighbour_3
    --------  ----------------  ---------------  ----------------
    ISU 401   MAGIC 71 (0.954)  Ecm26 (0.898)    ISU 237 (0.783)
    MAGIC 71  ISU 237 (0.904)   Ecm26 (0.780)    ISU 401 (0.608)
    ISU 237   Ecm26 (0.891)     ISU 401 (0.757)  MAGIC 71 (0.625)
    Ecm26     ISU 401 (0.884)   ISU 237 (0.845)  MAGIC 71 (0.656)

>>> db_lookup(table=""fc1_values"", select=[""genotype"", ""peak_treatment""], where=""trait='Fv/Fm_Lss'"", group_by=[""genotype""])
    the treatment at which each accession's own Fv/Fm_Lss is highest.
    genotype  peak_treatment
    --------  --------------
    ISU 401   200
    MAGIC 71  500
    ISU 237   100
    Ecm26     200

>>> design_lookup(aspect=""accession_panel"")
    panel membership for this experiment.
    genotype  panel_role
    --------  -------------
    ISU 401   core
    MAGIC 71  observational
    ISU 237   core
    Ecm26     core

OUTPUT FORMAT
Reply with exactly one line and nothing else:
ANSWER: <accession label>; <MATCHES or DIVERGES>
","(embedding_lookup[101:282],db_lookup[282:375],design_lookup[375:426])",Ecm26; MATCHES,"(depends on: round 2 answer ISU 401 and round 1 answer 200; the nearest eligible analogue is Ecm26, whose own peak is t200 -> Ecm26; MATCHES; ablations: taking the nearest neighbour regardless of panel role gives MAGIC 71; DIVERGES)"
exp105-chain-0098-hard,6,variance_regime,"ROUND 6 - TASK (variance_regime)
Name the cell -- accession and dose -- at which the accession identified in
round 2 first shows round-to-round variance of Fv/Fm_Lss exceeding its
within-round variance.

RULES
1. The two variances come from separate queries; compare them cell by
   cell.
2. A cell built on fewer than 3 imaging rounds is not
   comparable and must be skipped, however its numbers look.
3. Report the first qualifying dose reading left to right, not the
   largest gap, and name the accession alongside it.

TOOL OUTPUTS

>>> db_lookup(table=""fc1_values"", select=[""genotype"", ""within_round""], where=""trait='Fv/Fm_Lss'"", group_by=[""genotype"", ""treatment""])
    within-round variance, one column per treatment.
    genotype  t0     t50    t100   t200   t500   t1000
    --------  -----  -----  -----  -----  -----  -----
    ISU 401   0.024  0.048  0.030  0.037  0.044  0.058
    MAGIC 71  0.043  0.053  0.067  0.076  0.090  0.059
    ISU 237   0.044  0.035  0.052  0.079  0.043  0.047
    Ecm26     0.029  0.041  0.063  0.037  0.037  0.052

>>> db_lookup(table=""fc1_values"", select=[""genotype"", ""round_to_round""], where=""trait='Fv/Fm_Lss'"", group_by=[""genotype"", ""treatment""])
    round-to-round variance, one column per treatment.
    genotype  t0     t50    t100   t200   t500   t1000
    --------  -----  -----  -----  -----  -----  -----
    ISU 401   0.016  0.026  0.040  0.051  0.063  0.075
    MAGIC 71  0.016  0.027  0.038  0.051  0.064  0.075
    ISU 237   0.017  0.025  0.039  0.052  0.062  0.075
    Ecm26     0.017  0.027  0.039  0.050  0.063  0.076

>>> qc_lookup(table=""fc1_values"", select=[""genotype"", ""n_rounds""], where=""trait='Fv/Fm_Lss'"")
    imaging rounds behind each cell, one column per treatment.
    genotype  t0  t50  t100  t200  t500  t1000
    --------  --  ---  ----  ----  ----  -----
    ISU 401   9   9    2     6     8     7
    MAGIC 71  4   4    6     4     8     8
    ISU 237   6   8    5     8     7     9
    Ecm26     7   9    7     6     5     9

OUTPUT FORMAT
Reply with exactly one line and nothing else:
ANSWER: <accession>@<dose>
","(db_lookup[111:292],db_lookup[292:475],qc_lookup[475:589])",ISU 401@200,"(depends on: round 2 answer ISU 401; comparing the two variance tables cell by cell, ISU 401 first crosses at t100, but that cell rests on 2 imaging rounds, under the 3 needed, so the first comparable crossing is t200 -> ISU 401@200; ablations: taking the largest round-to-round value without the within-round table gives ISU 401@1000; ignoring the round counts gives ISU 401@100)"
exp148-chain-0099-medium,1,dose_response_shape,"SESSION
You are analysing experiment 148 at the Ashfield phenotyping facility: a copper
(Cu) dose series on 6 Thlaspi arvense (pennycress) accessions at 0, 10, 50, 100,
500 and 1000 mg kg-1, imaged over 28 days in six modalities.

This is a 4-round investigation. Each round gives you the results of the tool
calls it needs, already run; how many there are varies by round. Later rounds
build on what you established earlier and will not repeat it, so keep your own
answers.

TOOLS (results are inlined; you cannot issue new calls)
  db_lookup(table=, select=, where=, group_by=)   the measurement store
  schema_lookup(trait=)                           which modality records a trait, and in what unit
  qc_lookup(table=, select=, where=)              flags, exclusions, usable counts
  design_lookup(aspect=)                          the protocol: dose series, accession panel,
                                                  imaging rounds, replication plan
  literature_lookup(species=, property=)          published claims
  embedding_lookup(space=, query=, k=)            nearest accessions by profile similarity

TERMS
  treatment        the copper dose, in mg kg-1
  genotype         the accession label
  Fv/Fm_Lss        photosystem-II efficiency, from the fc1 modality
  area_mm2         leaf area
  n_plants         distinct plants behind a cell
  round_to_round   variance of an accession's per-round means
  within_round     variance between plants inside one imaging round

ROUND 1 - TASK (dose_response_shape)
At which copper dose does mean Fv/Fm_Lss peak across the panel?

RULES
1. Two rows in the store carry a similar trait name. Only the
   plant-level trait is the panel measurement; the dictionary says
   which that is.
2. Judge the curve as a whole, not a single cell.

TOOL OUTPUTS

>>> schema_lookup(trait=""Fv/Fm_Lss"")
    trait dictionary: where the trait lives and at what entity level.
    trait          modality  table       unit  entity_level
    -------------  --------  ----------  ----  ------------
    Fv/Fm_Lss      fc1       fc1_values  a.u.  plant
    avg_Fv/Fm_Lss  fc1       fc1_values  a.u.  region

>>> db_lookup(table=""fc1_values"", select=[""trait"", ""mean_value""], where=""experiment_id=148"", group_by=[""trait"", ""treatment""])
    mean value by trait, one column per treatment (mg kg-1).
    trait          t0     t10    t50    t100   t500   t1000
    -------------  -----  -----  -----  -----  -----  -----
    Fv/Fm_Lss      0.501  0.512  0.516  0.532  0.499  0.457
    avg_Fv/Fm_Lss  0.437  0.441  0.463  0.381  0.439  0.572

OUTPUT FORMAT
Reply with exactly one line and nothing else:
ANSWER: <dose in mg kg-1, digits only>
","(schema_lookup[334:432],db_lookup[432:583])",100,(depends on: -; the plant-level Fv/Fm_Lss row peaks at 0.532 on t100 -> 100; ablations: reading the alias row gives 1000)
exp148-chain-0099-medium,2,transition_sensitivity,"ROUND 2 - TASK (transition_sensitivity)
Starting from the copper dose you identified in round 1, which accession
loses the most Fv/Fm_Lss when the dose is raised to the next level of the
design series?

RULES
1. The store also holds a pilot dose that is not a level of the
   design series. The next level is the next one in the design
   table, which need not be the next column.
2. Only accessions in the core panel can be ranked; observational
   ones are carried for reference.
3. Compare each accession against itself across the two doses.

TOOL OUTPUTS

>>> db_lookup(table=""fc1_values"", select=[""genotype"", ""mean_value""], where=""trait='Fv/Fm_Lss'"", group_by=[""genotype"", ""treatment""])
    mean Fv/Fm_Lss by accession, one column per treatment in the store.
    genotype  t0     t100   t300   t500
    --------  -----  -----  -----  -----
    83        0.528  0.483  0.324  0.312
    62        0.545  0.529  0.486  0.285
    Esp58     0.534  0.492  0.457  0.130
    RIL 371   0.549  0.521  0.488  0.471
    NIL 161   0.550  0.516  0.482  0.462

>>> design_lookup(aspect=""accession_panel"")
    panel membership for this experiment.
    genotype  panel_role
    --------  -------------
    83        core
    62        core
    Esp58     observational
    RIL 371   core
    NIL 161   core

>>> design_lookup(aspect=""dose_series"")
    the design levels, in order. Doses absent here are pilot cells.
    level  treatment
    -----  ---------
    1      0
    2      10
    3      50
    4      100
    5      500
    6      1000

OUTPUT FORMAT
Reply with exactly one line and nothing else:
ANSWER: <accession label exactly as it appears in the table>
","(db_lookup[113:275],design_lookup[275:327],design_lookup[327:380])",62,"(depends on: round 1 answer 100; the step is t100->t500, not the adjacent column t300 which is a pilot cell; per-accession drop 62:+0.244  83:+0.171  NIL 161:+0.054  RIL 371:+0.050 -> 62; ablations: stepping to the next column instead of the next design level gives 83; ranking without the panel table gives Esp58, which is observational)"
exp148-chain-0099-medium,3,cross_modality_peak,"ROUND 3 - TASK (cross_modality_peak)
For the accession identified in round 2: at which dose does its leaf area
(area_mm2) peak, and does that dose agree with where Fv/Fm_Lss peaked
in round 1?

RULES
1. A cell flagged empty_mask carries no usable area and cannot be
   the peak. low_mask_coverage is on nearly every row and is not a
   reason to discard.
2. The verdict is AGREES when the area peak falls on the dose from
   round 1, and DISAGREES otherwise. Report both parts.

TOOL OUTPUTS

>>> db_lookup(table=""features"", select=[""modality"", ""genotype"", ""mean_area_mm2""], where=""trait='area_mm2'"", group_by=[""modality"", ""genotype"", ""treatment""])
    mean area_mm2 by modality and accession, one column per treatment.
    modality  genotype  t0     t50    t100   t500
    --------  --------  -----  -----  -----  -----
    rgb2      62        18.45  9.24   22.95  4.83
    rgb2      Esp58     8.46   9.85   19.02  9.63
    rgb2      NIL 161   10.83  11.79  13.80  22.34
    rgb2      RIL 371   15.34  24.15  14.95  14.04

>>> qc_lookup(table=""rgb2_features"", select=[""genotype"", ""treatment"", ""flag""], where=""flag='empty_mask'"")
    cells voided by empty_mask.
    genotype  treatment  flag
    --------  ---------  ----------
    62        100        empty_mask
    Esp58     500        empty_mask

OUTPUT FORMAT
Reply with exactly one line and nothing else:
ANSWER: <dose in mg kg-1, digits only>; <AGREES or DISAGREES>
","(db_lookup[101:266],qc_lookup[266:344])",0; DISAGREES,(depends on: round 2 answer 62 and round 1 answer 100; on the rgb2 row for 62 the largest usable cell is t0 -> 0; DISAGREES; ablations: ignoring empty_mask gives 100; AGREES)
exp148-chain-0099-medium,4,modality_coverage,"ROUND 4 - TASK (modality_coverage)
For the accession identified in round 2: which modalities hold usable feature
rows for it in this experiment?

RULES
1. A modality never scheduled for this experiment does not count,
   even if rows for it exist: those were carried over.
2. A modality whose rows are all flagged holds nothing usable.
3. List the modalities in the column order of the store table.

TOOL OUTPUTS

>>> db_lookup(table=""features"", select=[""genotype"", ""modality"", ""n_rows""], group_by=[""genotype"", ""modality""])
    feature rows per accession, one column per modality.
    genotype  fc1  rgb2  msc1  vnir  swir  s3d
    --------  ---  ----  ----  ----  ----  ---
    62        0    56    58    20    0     42
    Esp58     0    56    62    0     0     39
    NIL 161   46   66    59    0     35    0
    RIL 371   0    65    67    0     0     45

>>> qc_lookup(table=""features"", select=[""genotype"", ""modality"", ""n_usable""], group_by=[""genotype"", ""modality""])
    rows surviving QC, one column per modality.
    genotype  fc1  rgb2  msc1  vnir  swir  s3d
    --------  ---  ----  ----  ----  ----  ---
    62        0    56    58    19    0     0
    Esp58     0    55    59    0     0     37
    NIL 161   46   65    58    0     34    0
    RIL 371   0    63    65    0     0     44

>>> design_lookup(aspect=""imaging_rounds"")
    imaging rounds scheduled per modality for this experiment.
    modality  records                   rounds_scheduled
    --------  ------------------------  ----------------
    fc1       chlorophyll fluorescence  34
    rgb2      top-view RGB              46
    msc1      multispectral             59
    vnir      VNIR hyperspectral        0
    swir      SWIR hyperspectral        50
    s3d       3-D structural scan       61

OUTPUT FORMAT
Reply with exactly one line and nothing else:
ANSWER: <modalities, comma separated, in table column order>
","(db_lookup[82:198],qc_lookup[198:313],design_lookup[313:412])","rgb2, msc1","(depends on: round 2 answer 62; that row is non-zero for rgb2, msc1, vnir, s3d, but vnir was never scheduled and s3d has nothing left after QC -> rgb2, msc1; ablations: ignoring the schedule gives rgb2, msc1, vnir; ignoring the quality gate gives rgb2, msc1, s3d)"
exp167-chain-0100-medium,1,dose_response_shape,"SESSION
You are analysing experiment 167 at the Ashfield phenotyping facility: a copper
(Cu) dose series on 6 Thlaspi arvense (pennycress) accessions at 0, 10, 50, 100,
500 and 1000 mg kg-1, imaged over 28 days in six modalities.

This is a 4-round investigation. Each round gives you the results of the tool
calls it needs, already run; how many there are varies by round. Later rounds
build on what you established earlier and will not repeat it, so keep your own
answers.

TOOLS (results are inlined; you cannot issue new calls)
  db_lookup(table=, select=, where=, group_by=)   the measurement store
  schema_lookup(trait=)                           which modality records a trait, and in what unit
  qc_lookup(table=, select=, where=)              flags, exclusions, usable counts
  design_lookup(aspect=)                          the protocol: dose series, accession panel,
                                                  imaging rounds, replication plan
  literature_lookup(species=, property=)          published claims
  embedding_lookup(space=, query=, k=)            nearest accessions by profile similarity

TERMS
  treatment        the copper dose, in mg kg-1
  genotype         the accession label
  Fv/Fm_Lss        photosystem-II efficiency, from the fc1 modality
  area_mm2         leaf area
  n_plants         distinct plants behind a cell
  round_to_round   variance of an accession's per-round means
  within_round     variance between plants inside one imaging round

ROUND 1 - TASK (dose_response_shape)
At which copper dose does mean Fv/Fm_Lss peak across the panel?

RULES
1. Two rows in the store carry a similar trait name. Only the
   plant-level trait is the panel measurement; the dictionary says
   which that is.
2. A treatment cell must clear the usable-plant floor in the quality
   gate before it can be called a peak.
3. Judge the curve as a whole, not a single cell.

TOOL OUTPUTS

>>> db_lookup(table=""fc1_values"", select=[""trait"", ""mean_value""], where=""experiment_id=167"", group_by=[""trait"", ""treatment""])
    mean value by trait, one column per treatment (mg kg-1).
    trait          t0     t10    t50    t100   t500   t1000
    -------------  -----  -----  -----  -----  -----  -----
    Fv/Fm_Lss      0.475  0.484  0.510  0.520  0.552  0.451
    avg_Fv/Fm_Lss  0.556  0.399  0.470  0.393  0.388  0.411

>>> schema_lookup(trait=""Fv/Fm_Lss"")
    trait dictionary: where the trait lives and at what entity level.
    trait          modality  table       unit  entity_level
    -------------  --------  ----------  ----  ------------
    Fv/Fm_Lss      fc1       fc1_values  a.u.  plant
    avg_Fv/Fm_Lss  fc1       fc1_values  a.u.  region

>>> qc_lookup(table=""fc1_values"", select=[""treatment"", ""n_plants_usable""], where=""trait='Fv/Fm_Lss'"")
    plants surviving QC per treatment; the floor for a panel claim is 15.
    treatment  n_plants_usable
    ---------  ---------------
    0          51
    10         49
    50         54
    100        54
    500        11
    1000       51

OUTPUT FORMAT
Reply with exactly one line and nothing else:
ANSWER: <dose in mg kg-1, digits only>
","(db_lookup[358:509],schema_lookup[509:607],qc_lookup[607:695])",100,(depends on: -; the plant-level Fv/Fm_Lss row peaks at 0.520 on t100 -> 100; ablations: reading the alias row gives 0; ignoring the quality gate gives 500 on 11 plants)
exp167-chain-0100-medium,2,transition_sensitivity,"ROUND 2 - TASK (transition_sensitivity)
Starting from the copper dose you identified in round 1, which accession
loses the most Fv/Fm_Lss when the dose is raised to the next level of the
design series?

RULES
1. The store also holds a pilot dose that is not a level of the
   design series. The next level is the next one in the design
   table, which need not be the next column.
2. Only accessions in the core panel can be ranked; observational
   ones are carried for reference.
3. Compare each accession against itself across the two doses.

TOOL OUTPUTS

>>> db_lookup(table=""fc1_values"", select=[""genotype"", ""mean_value""], where=""trait='Fv/Fm_Lss'"", group_by=[""genotype"", ""treatment""])
    mean Fv/Fm_Lss by accession, one column per treatment in the store.
    genotype  t0     t100   t300   t500
    --------  -----  -----  -----  -----
    58        0.531  0.502  0.352  0.346
    NIL 198   0.559  0.549  0.513  0.303
    Ecl29     0.539  0.499  0.465  0.452
    RIL 207   0.523  0.485  0.442  0.400
    ISU 433   0.554  0.536  0.507  0.184

>>> design_lookup(aspect=""dose_series"")
    the design levels, in order. Doses absent here are pilot cells.
    level  treatment
    -----  ---------
    1      0
    2      10
    3      50
    4      100
    5      500
    6      1000

>>> design_lookup(aspect=""accession_panel"")
    panel membership for this experiment.
    genotype  panel_role
    --------  -------------
    58        core
    NIL 198   core
    Ecl29     core
    RIL 207   core
    ISU 433   observational

OUTPUT FORMAT
Reply with exactly one line and nothing else:
ANSWER: <accession label exactly as it appears in the table>
","(db_lookup[113:276],design_lookup[276:329],design_lookup[329:382])",NIL 198,"(depends on: round 1 answer 100; the step is t100->t500, not the adjacent column t300 which is a pilot cell; per-accession drop NIL 198:+0.246  58:+0.156  RIL 207:+0.085  Ecl29:+0.047 -> NIL 198; ablations: stepping to the next column instead of the next design level gives 58; ranking without the panel table gives ISU 433, which is observational)"
exp167-chain-0100-medium,3,cross_modality_peak,"ROUND 3 - TASK (cross_modality_peak)
For the accession identified in round 2: at which dose does its leaf area
(area_mm2) peak, and does that dose agree with where Fv/Fm_Lss peaked
in round 1?

RULES
1. More than one modality reports this trait. Use the one the
   dictionary marks primary; the other is a derived estimate.
2. The verdict is AGREES when the area peak falls on the dose from
   round 1, and DISAGREES otherwise. Report both parts.

TOOL OUTPUTS

>>> db_lookup(table=""features"", select=[""modality"", ""genotype"", ""mean_area_mm2""], where=""trait='area_mm2'"", group_by=[""modality"", ""genotype"", ""treatment""])
    mean area_mm2 by modality and accession, one column per treatment.
    modality  genotype  t0     t10    t100   t500
    --------  --------  -----  -----  -----  -----
    rgb2      NIL 198   10.32  12.53  21.74  13.14
    rgb2      ISU 433   22.53  13.50  11.86  10.13
    rgb2      58        11.52  20.74  11.59  9.77
    rgb2      Ecl29     10.69  12.91  14.40  23.02
    swir      NIL 198   16.32  9.22   6.97   6.23
    swir      ISU 433   9.63   16.87  9.58   7.52
    swir      58        15.62  8.33   7.24   4.87
    swir      Ecl29     7.89   9.67   17.22  9.54

>>> schema_lookup(trait=""area_mm2"")
    modalities reporting this trait.
    trait     modality  modality_role       unit  trait_role
    --------  --------  ------------------  ----  ----------
    area_mm2  rgb2      top-view RGB        mm2   primary
    area_mm2  swir      SWIR hyperspectral  mm2   derived

OUTPUT FORMAT
Reply with exactly one line and nothing else:
ANSWER: <dose in mg kg-1, digits only>; <AGREES or DISAGREES>
","(db_lookup[96:319],schema_lookup[319:402])",100; AGREES,(depends on: round 2 answer NIL 198 and round 1 answer 100; on the rgb2 row for NIL 198 the largest usable cell is t100 -> 100; AGREES; ablations: reading the swir rows gives 0; DISAGREES)
exp167-chain-0100-medium,4,modality_coverage,"ROUND 4 - TASK (modality_coverage)
For the accession identified in round 2: which modalities hold usable feature
rows for it in this experiment?

RULES
1. A modality never scheduled for this experiment does not count,
   even if rows for it exist: those were carried over.
2. A modality whose rows are all flagged holds nothing usable.
3. List the modalities in the column order of the store table.

TOOL OUTPUTS

>>> db_lookup(table=""features"", select=[""genotype"", ""modality"", ""n_rows""], group_by=[""genotype"", ""modality""])
    feature rows per accession, one column per modality.
    genotype  fc1  rgb2  msc1  vnir  swir  s3d
    --------  ---  ----  ----  ----  ----  ---
    NIL 198   44   55    58    0     14    21
    ISU 433   19   66    59    0     0     0
    58        0    57    55    20    0     18
    Ecl29     39   58    56    0     0     0

>>> qc_lookup(table=""features"", select=[""genotype"", ""modality"", ""n_usable""], group_by=[""genotype"", ""modality""])
    rows surviving QC, one column per modality.
    genotype  fc1  rgb2  msc1  vnir  swir  s3d
    --------  ---  ----  ----  ----  ----  ---
    NIL 198   0    55    57    0     13    20
    ISU 433   16   64    58    0     0     0
    58        0    55    55    20    0     15
    Ecl29     36   57    54    0     0     0

>>> design_lookup(aspect=""imaging_rounds"")
    imaging rounds scheduled per modality for this experiment.
    modality  records                   rounds_scheduled
    --------  ------------------------  ----------------
    fc1       chlorophyll fluorescence  39
    rgb2      top-view RGB              62
    msc1      multispectral             65
    vnir      VNIR hyperspectral        65
    swir      SWIR hyperspectral        0
    s3d       3-D structural scan       65

OUTPUT FORMAT
Reply with exactly one line and nothing else:
ANSWER: <modalities, comma separated, in table column order>
","(db_lookup[82:198],qc_lookup[198:313],design_lookup[313:412])","rgb2, msc1, s3d","(depends on: round 2 answer NIL 198; that row is non-zero for fc1, rgb2, msc1, swir, s3d, but swir was never scheduled and fc1 has nothing left after QC -> rgb2, msc1, s3d; ablations: ignoring the schedule gives rgb2, msc1, swir, s3d; ignoring the quality gate gives fc1, rgb2, msc1, s3d)"
